{"BRANCH_CODE":1,"BRANCH_NAME":"Example Bank","BRANCH_STREET":"Bridle Court","BRANCH_CITY":"Lakeville","BRANCH_STATE":"MN","BRANCH_ZIP":55044,"BRANCH_PHONE":"1234565276","LAST_UPDATED":"2018-04-18T16:51:47.000-04:00"}
{"BRANCH_CODE":2,"BRANCH_NAME":"Example Bank","BRANCH_STREET":"Washington Street","BRANCH_CITY":"Huntley","BRANCH_STATE":"IL","BRANCH_ZIP":60142,"BRANCH_PHONE":"1234618993","LAST_UPDATED":"2018-04-18T16:51:47.000-04:00"}
{"BRANCH_CODE":3,"BRANCH_NAME":"Example Bank","BRANCH_STREET":"Warren Street","BRANCH_CITY":"SouthRichmondHill","BRANCH_STATE":"NY","BRANCH_ZIP":11419,"BRANCH_PHONE":"1234985926","LAST_UPDATED":"2018-04-18T16:51:47.000-04:00"}
{"BRANCH_CODE":4,"BRANCH_NAME":"Example Bank","BRANCH_STREET":"Cleveland Street","BRANCH_CITY":"Middleburg","BRANCH_STATE":"FL","BRANCH_ZIP":32068,"BRANCH_PHONE":"1234663064","LAST_UPDATED":"2018-04-18T16:51:47.000-04:00"}
{"BRANCH_CODE":5,"BRANCH_NAME":"Example Bank","BRANCH_STREET":"14th Street","BRANCH_CITY":"KingOfPrussia","BRANCH_STATE":"PA","BRANCH_ZIP":19406,"BRANCH_PHONE":"1234849701","LAST_UPDATED":"2018-04-18T16:51:47.000-04:00"}
{"BRANCH_CODE":7,"BRANCH_NAME":"Example Bank","BRANCH_STREET":"Jefferson Street","BRANCH_CITY":"Paterson","BRANCH_STATE":"NJ","BRANCH_ZIP":7501,"BRANCH_PHONE":"1234144890","LAST_UPDATED":"2018-04-18T16:51:47.000-04:00"}
{"BRANCH_CODE":8,"BRANCH_NAME":"Example Bank","BRANCH_STREET":"B Street","BRANCH_CITY":"Pittsford","BRANCH_STATE":"NY","BRANCH_ZIP":14534,"BRANCH_PHONE":"1234678272","LAST_UPDATED":"2018-04-18T16:51:47.000-04:00"}
{"BRANCH_CODE":9,"BRANCH_NAME":"Example Bank","BRANCH_STREET":"Jefferson Court","BRANCH_CITY":"Wethersfield","BRANCH_STATE":"CT","BRANCH_ZIP":6109,"BRANCH_PHONE":"1234675219","LAST_UPDATED":"2018-04-18T16:51:47.000-04:00"}
{"BRANCH_CODE":10,"BRANCH_NAME":"Example Bank","BRANCH_STREET":"Cambridge Road","BRANCH_CITY":"NorthOlmsted","BRANCH_STATE":"OH","BRANCH_ZIP":44070,"BRANCH_PHONE":"1234145047","LAST_UPDATED":"2018-04-18T16:51:47.000-04:00"}
{"BRANCH_CODE":11,"BRANCH_NAME":"Example Bank","BRANCH_STREET":"3rd Street West","BRANCH_CITY":"Hillsborough","BRANCH_STATE":"NJ","BRANCH_ZIP":8844,"BRANCH_PHONE":"1234366354","LAST_UPDATED":"2018-04-18T16:51:47.000-04:00"}
{"BRANCH_CODE":12,"BRANCH_NAME":"Example Bank","BRANCH_STREET":"Mill Road","BRANCH_CITY":"MadisonHeights","BRANCH_STATE":"MI","BRANCH_ZIP":48071,"BRANCH_PHONE":"1234867175","LAST_UPDATED":"2018-04-18T16:51:47.000-04:00"}
{"BRANCH_CODE":14,"BRANCH_NAME":"Example Bank","BRANCH_STREET":"Washington Street","BRANCH_CITY":"Oviedo","BRANCH_STATE":"FL","BRANCH_ZIP":32765,"BRANCH_PHONE":"1234938460","LAST_UPDATED":"2018-04-18T16:51:47.000-04:00"}
{"BRANCH_CODE":15,"BRANCH_NAME":"Example Bank","BRANCH_STREET":"Chestnut Street","BRANCH_CITY":"Mechanicsburg","BRANCH_STATE":"PA","BRANCH_ZIP":17050,"BRANCH_PHONE":"1234462043","LAST_UPDATED":"2018-04-18T16:51:47.000-04:00"}
{"BRANCH_CODE":16,"BRANCH_NAME":"Example Bank","BRANCH_STREET":"Monroe Drive","BRANCH_CITY":"Plainview","BRANCH_STATE":"NY","BRANCH_ZIP":11803,"BRANCH_PHONE":"1234857525","LAST_UPDATED":"2018-04-18T16:51:47.000-04:00"}
{"BRANCH_CODE":17,"BRANCH_NAME":"Example Bank","BRANCH_STREET":"Railroad Street","BRANCH_CITY":"Paducah","BRANCH_STATE":"KY","BRANCH_ZIP":42001,"BRANCH_PHONE":"1234546360","LAST_UPDATED":"2018-04-18T16:51:47.000-04:00"}
{"BRANCH_CODE":18,"BRANCH_NAME":"Example Bank","BRANCH_STREET":"Church Street South","BRANCH_CITY":"Harleysville","BRANCH_STATE":"PA","BRANCH_ZIP":19438,"BRANCH_PHONE":"1234824455","LAST_UPDATED":"2018-04-18T16:51:47.000-04:00"}
{"BRANCH_CODE":19,"BRANCH_NAME":"Example Bank","BRANCH_STREET":"King Street","BRANCH_CITY":"SilverSpring","BRANCH_STATE":"MD","BRANCH_ZIP":20901,"BRANCH_PHONE":"1234484380","LAST_UPDATED":"2018-04-18T16:51:47.000-04:00"}
{"BRANCH_CODE":20,"BRANCH_NAME":"Example Bank","BRANCH_STREET":"Canterbury Drive","BRANCH_CITY":"Burnsville","BRANCH_STATE":"MN","BRANCH_ZIP":55337,"BRANCH_PHONE":"1234840138","LAST_UPDATED":"2018-04-18T16:51:47.000-04:00"}
{"BRANCH_CODE":21,"BRANCH_NAME":"Example Bank","BRANCH_STREET":"2nd Avenue","BRANCH_CITY":"Tacoma","BRANCH_STATE":"WA","BRANCH_ZIP":98444,"BRANCH_PHONE":"1234362433","LAST_UPDATED":"2018-04-18T16:51:47.000-04:00"}
{"BRANCH_CODE":22,"BRANCH_NAME":"Example Bank","BRANCH_STREET":"Front Street South","BRANCH_CITY":"Carlisle","BRANCH_STATE":"PA","BRANCH_ZIP":17013,"BRANCH_PHONE":"1234922492","LAST_UPDATED":"2018-04-18T16:51:47.000-04:00"}
{"BRANCH_CODE":23,"BRANCH_NAME":"Example Bank","BRANCH_STREET":"Highland Avenue","BRANCH_CITY":"Duarte","BRANCH_STATE":"CA","BRANCH_ZIP":91010,"BRANCH_PHONE":"1234460645","LAST_UPDATED":"2018-04-18T16:51:47.000-04:00"}
{"BRANCH_CODE":24,"BRANCH_NAME":"Example Bank","BRANCH_STREET":"Grove Street","BRANCH_CITY":"Redford","BRANCH_STATE":"MI","BRANCH_ZIP":48239,"BRANCH_PHONE":"1234617414","LAST_UPDATED":"2018-04-18T16:51:47.000-04:00"}
{"BRANCH_CODE":25,"BRANCH_NAME":"Example Bank","BRANCH_STREET":"Park Avenue","BRANCH_CITY":"NewBaltimore","BRANCH_STATE":"MI","BRANCH_ZIP":48047,"BRANCH_PHONE":"1234525844","LAST_UPDATED":"2018-04-18T16:51:47.000-04:00"}
{"BRANCH_CODE":26,"BRANCH_NAME":"Example Bank","BRANCH_STREET":"Chestnut Avenue","BRANCH_CITY":"LakeJackson","BRANCH_STATE":"TX","BRANCH_ZIP":77566,"BRANCH_PHONE":"1234356462","LAST_UPDATED":"2018-04-18T16:51:47.000-04:00"}
{"BRANCH_CODE":27,"BRANCH_NAME":"Example Bank","BRANCH_STREET":"Pin Oak Drive","BRANCH_CITY":"WinstonSalem","BRANCH_STATE":"NC","BRANCH_ZIP":27103,"BRANCH_PHONE":"1234836200","LAST_UPDATED":"2018-04-18T16:51:47.000-04:00"}
{"BRANCH_CODE":28,"BRANCH_NAME":"Example Bank","BRANCH_STREET":"3rd Street West","BRANCH_CITY":"Midlothian","BRANCH_STATE":"VA","BRANCH_ZIP":23112,"BRANCH_PHONE":"1234416595","LAST_UPDATED":"2018-04-18T16:51:47.000-04:00"}
{"BRANCH_CODE":29,"BRANCH_NAME":"Example Bank","BRANCH_STREET":"School Street","BRANCH_CITY":"Glendora","BRANCH_STATE":"CA","BRANCH_ZIP":91740,"BRANCH_PHONE":"1234785605","LAST_UPDATED":"2018-04-18T16:51:47.000-04:00"}
{"BRANCH_CODE":30,"BRANCH_NAME":"Example Bank","BRANCH_STREET":"Shady Lane","BRANCH_CITY":"SouthLyon","BRANCH_STATE":"MI","BRANCH_ZIP":48178,"BRANCH_PHONE":"1234915717","LAST_UPDATED":"2018-04-18T16:51:47.000-04:00"}
{"BRANCH_CODE":31,"BRANCH_NAME":"Example Bank","BRANCH_STREET":"Queen Street","BRANCH_CITY":"Carrollton","BRANCH_STATE":"GA","BRANCH_ZIP":30117,"BRANCH_PHONE":"1234148639","LAST_UPDATED":"2018-04-18T16:51:47.000-04:00"}
{"BRANCH_CODE":32,"BRANCH_NAME":"Example Bank","BRANCH_STREET":"Aspen Court","BRANCH_CITY":"Helena","BRANCH_STATE":"MT","BRANCH_ZIP":59601,"BRANCH_PHONE":"1234302170","LAST_UPDATED":"2018-04-18T16:51:47.000-04:00"}
{"BRANCH_CODE":35,"BRANCH_NAME":"Example Bank","BRANCH_STREET":"Durham Road","BRANCH_CITY":"Loganville","BRANCH_STATE":"GA","BRANCH_ZIP":30052,"BRANCH_PHONE":"1234316769","LAST_UPDATED":"2018-04-18T16:51:47.000-04:00"}
{"BRANCH_CODE":36,"BRANCH_NAME":"Example Bank","BRANCH_STREET":"Spruce Avenue","BRANCH_CITY":"ElDorado","BRANCH_STATE":"AR","BRANCH_ZIP":71730,"BRANCH_PHONE":"1234685988","LAST_UPDATED":"2018-04-18T16:51:47.000-04:00"}
{"BRANCH_CODE":37,"BRANCH_NAME":"Example Bank","BRANCH_STREET":"Lawrence Street","BRANCH_CITY":"CapeCoral","BRANCH_STATE":"FL","BRANCH_ZIP":33904,"BRANCH_PHONE":"1234771676","LAST_UPDATED":"2018-04-18T16:51:47.000-04:00"}
{"BRANCH_CODE":38,"BRANCH_NAME":"Example Bank","BRANCH_STREET":"7th Street","BRANCH_CITY":"Starkville","BRANCH_STATE":"MS","BRANCH_ZIP":39759,"BRANCH_PHONE":"1234810167","LAST_UPDATED":"2018-04-18T16:51:47.000-04:00"}
{"BRANCH_CODE":39,"BRANCH_NAME":"Example Bank","BRANCH_STREET":"Devonshire Drive","BRANCH_CITY":"Grandville","BRANCH_STATE":"MI","BRANCH_ZIP":49418,"BRANCH_PHONE":"1234209297","LAST_UPDATED":"2018-04-18T16:51:47.000-04:00"}
{"BRANCH_CODE":40,"BRANCH_NAME":"Example Bank","BRANCH_STREET":"Franklin Avenue","BRANCH_CITY":"Jonesboro","BRANCH_STATE":"GA","BRANCH_ZIP":30236,"BRANCH_PHONE":"1234295270","LAST_UPDATED":"2018-04-18T16:51:47.000-04:00"}
{"BRANCH_CODE":42,"BRANCH_NAME":"Example Bank","BRANCH_STREET":"Elmwood Avenue","BRANCH_CITY":"Youngstown","BRANCH_STATE":"OH","BRANCH_ZIP":44512,"BRANCH_PHONE":"1234237878","LAST_UPDATED":"2018-04-18T16:51:47.000-04:00"}
{"BRANCH_CODE":43,"BRANCH_NAME":"Example Bank","BRANCH_STREET":"Ashley Court","BRANCH_CITY":"Houston","BRANCH_STATE":"TX","BRANCH_ZIP":77016,"BRANCH_PHONE":"1234755992","LAST_UPDATED":"2018-04-18T16:51:47.000-04:00"}
{"BRANCH_CODE":44,"BRANCH_NAME":"Example Bank","BRANCH_STREET":"12th Street East","BRANCH_CITY":"Greenville","BRANCH_STATE":"NC","BRANCH_ZIP":27834,"BRANCH_PHONE":"1234736019","LAST_UPDATED":"2018-04-18T16:51:47.000-04:00"}
{"BRANCH_CODE":45,"BRANCH_NAME":"Example Bank","BRANCH_STREET":"Bayberry Drive","BRANCH_CITY":"Wilmette","BRANCH_STATE":"IL","BRANCH_ZIP":60091,"BRANCH_PHONE":"1234453475","LAST_UPDATED":"2018-04-18T16:51:47.000-04:00"}
{"BRANCH_CODE":46,"BRANCH_NAME":"Example Bank","BRANCH_STREET":"Jones Street","BRANCH_CITY":"Levittown","BRANCH_STATE":"NY","BRANCH_ZIP":11756,"BRANCH_PHONE":"1234947541","LAST_UPDATED":"2018-04-18T16:51:47.000-04:00"}
{"BRANCH_CODE":47,"BRANCH_NAME":"Example Bank","BRANCH_STREET":"Route 10","BRANCH_CITY":"NewBerlin","BRANCH_STATE":"WI","BRANCH_ZIP":53151,"BRANCH_PHONE":"1234873625","LAST_UPDATED":"2018-04-18T16:51:47.000-04:00"}
{"BRANCH_CODE":48,"BRANCH_NAME":"Example Bank","BRANCH_STREET":"Cedar Avenue","BRANCH_CITY":"Bartlett","BRANCH_STATE":"IL","BRANCH_ZIP":60103,"BRANCH_PHONE":"1234105725","LAST_UPDATED":"2018-04-18T16:51:47.000-04:00"}
{"BRANCH_CODE":49,"BRANCH_NAME":"Example Bank","BRANCH_STREET":"11th Street","BRANCH_CITY":"Chambersburg","BRANCH_STATE":"PA","BRANCH_ZIP":17201,"BRANCH_PHONE":"1234156589","LAST_UPDATED":"2018-04-18T16:51:47.000-04:00"}
{"BRANCH_CODE":50,"BRANCH_NAME":"Example Bank","BRANCH_STREET":"Fairway Drive","BRANCH_CITY":"Granger","BRANCH_STATE":"IN","BRANCH_ZIP":46530,"BRANCH_PHONE":"1234115442","LAST_UPDATED":"2018-04-18T16:51:47.000-04:00"}
{"BRANCH_CODE":51,"BRANCH_NAME":"Example Bank","BRANCH_STREET":"Route 20","BRANCH_CITY":"Lombard","BRANCH_STATE":"IL","BRANCH_ZIP":60148,"BRANCH_PHONE":"1234132382","LAST_UPDATED":"2018-04-18T16:51:47.000-04:00"}
{"BRANCH_CODE":52,"BRANCH_NAME":"Example Bank","BRANCH_STREET":"Fulton Street","BRANCH_CITY":"ElPaso","BRANCH_STATE":"TX","BRANCH_ZIP":79930,"BRANCH_PHONE":"1234245465","LAST_UPDATED":"2018-04-18T16:51:47.000-04:00"}
{"BRANCH_CODE":53,"BRANCH_NAME":"Example Bank","BRANCH_STREET":"Manor Drive","BRANCH_CITY":"Dundalk","BRANCH_STATE":"MD","BRANCH_ZIP":21222,"BRANCH_PHONE":"1234323802","LAST_UPDATED":"2018-04-18T16:51:47.000-04:00"}
{"BRANCH_CODE":54,"BRANCH_NAME":"Example Bank","BRANCH_STREET":"Oak Lane","BRANCH_CITY":"RedondoBeach","BRANCH_STATE":"CA","BRANCH_ZIP":90278,"BRANCH_PHONE":"1234452537","LAST_UPDATED":"2018-04-18T16:51:47.000-04:00"}
{"BRANCH_CODE":56,"BRANCH_NAME":"Example Bank","BRANCH_STREET":"State Street East","BRANCH_CITY":"Rowlett","BRANCH_STATE":"TX","BRANCH_ZIP":75088,"BRANCH_PHONE":"1234852596","LAST_UPDATED":"2018-04-18T16:51:47.000-04:00"}
{"BRANCH_CODE":57,"BRANCH_NAME":"Example Bank","BRANCH_STREET":"New Street","BRANCH_CITY":"Hartsville","BRANCH_STATE":"SC","BRANCH_ZIP":29550,"BRANCH_PHONE":"1234773812","LAST_UPDATED":"2018-04-18T16:51:47.000-04:00"}
{"BRANCH_CODE":58,"BRANCH_NAME":"Example Bank","BRANCH_STREET":"Hickory Street","BRANCH_CITY":"Rossville","BRANCH_STATE":"GA","BRANCH_ZIP":30741,"BRANCH_PHONE":"1234335491","LAST_UPDATED":"2018-04-18T16:51:47.000-04:00"}
{"BRANCH_CODE":59,"BRANCH_NAME":"Example Bank","BRANCH_STREET":"Country Lane","BRANCH_CITY":"Waxhaw","BRANCH_STATE":"NC","BRANCH_ZIP":28173,"BRANCH_PHONE":"1234841134","LAST_UPDATED":"2018-04-18T16:51:47.000-04:00"}
{"BRANCH_CODE":60,"BRANCH_NAME":"Example Bank","BRANCH_STREET":"Front Street","BRANCH_CITY":"Richmond","BRANCH_STATE":"VA","BRANCH_ZIP":23223,"BRANCH_PHONE":"1234524034","LAST_UPDATED":"2018-04-18T16:51:47.000-04:00"}
{"BRANCH_CODE":63,"BRANCH_NAME":"Example Bank","BRANCH_STREET":"York Street","BRANCH_CITY":"Oxford","BRANCH_STATE":"MS","BRANCH_ZIP":38655,"BRANCH_PHONE":"1234372027","LAST_UPDATED":"2018-04-18T16:51:47.000-04:00"}
{"BRANCH_CODE":66,"BRANCH_NAME":"Example Bank","BRANCH_STREET":"Winding Way","BRANCH_CITY":"Syosset","BRANCH_STATE":"NY","BRANCH_ZIP":11791,"BRANCH_PHONE":"1234656568","LAST_UPDATED":"2018-04-18T16:51:47.000-04:00"}
{"BRANCH_CODE":67,"BRANCH_NAME":"Example Bank","BRANCH_STREET":"Jackson Avenue","BRANCH_CITY":"Baltimore","BRANCH_STATE":"MD","BRANCH_ZIP":21206,"BRANCH_PHONE":"1234432768","LAST_UPDATED":"2018-04-18T16:51:47.000-04:00"}
{"BRANCH_CODE":69,"BRANCH_NAME":"Example Bank","BRANCH_STREET":"Amherst Street","BRANCH_CITY":"Fenton","BRANCH_STATE":"MI","BRANCH_ZIP":48430,"BRANCH_PHONE":"1234670647","LAST_UPDATED":"2018-04-18T16:51:47.000-04:00"}
{"BRANCH_CODE":70,"BRANCH_NAME":"Example Bank","BRANCH_STREET":"Briarwood Court","BRANCH_CITY":"Medford","BRANCH_STATE":"MA","BRANCH_ZIP":2155,"BRANCH_PHONE":"1234982393","LAST_UPDATED":"2018-04-18T16:51:47.000-04:00"}
{"BRANCH_CODE":72,"BRANCH_NAME":"Example Bank","BRANCH_STREET":"Essex Court","BRANCH_CITY":"Stow","BRANCH_STATE":"OH","BRANCH_ZIP":44224,"BRANCH_PHONE":"1234445988","LAST_UPDATED":"2018-04-18T16:51:47.000-04:00"}
{"BRANCH_CODE":73,"BRANCH_NAME":"Example Bank","BRANCH_STREET":"Maple Lane","BRANCH_CITY":"Oconomowoc","BRANCH_STATE":"WI","BRANCH_ZIP":53066,"BRANCH_PHONE":"1234845883","LAST_UPDATED":"2018-04-18T16:51:47.000-04:00"}
{"BRANCH_CODE":74,"BRANCH_NAME":"Example Bank","BRANCH_STREET":"Evergreen Drive","BRANCH_CITY":"Dearborn","BRANCH_STATE":"MI","BRANCH_ZIP":48124,"BRANCH_PHONE":"1234273715","LAST_UPDATED":"2018-04-18T16:51:47.000-04:00"}
{"BRANCH_CODE":75,"BRANCH_NAME":"Example Bank","BRANCH_STREET":"9th Street","BRANCH_CITY":"Rockaway","BRANCH_STATE":"NJ","BRANCH_ZIP":7866,"BRANCH_PHONE":"1234204383","LAST_UPDATED":"2018-04-18T16:51:47.000-04:00"}
{"BRANCH_CODE":76,"BRANCH_NAME":"Example Bank","BRANCH_STREET":"8th Avenue","BRANCH_CITY":"WinterSprings","BRANCH_STATE":"FL","BRANCH_ZIP":32708,"BRANCH_PHONE":"1234513234","LAST_UPDATED":"2018-04-18T16:51:47.000-04:00"}
{"BRANCH_CODE":77,"BRANCH_NAME":"Example Bank","BRANCH_STREET":"Grant Avenue","BRANCH_CITY":"UpperMarlboro","BRANCH_STATE":"MD","BRANCH_ZIP":20772,"BRANCH_PHONE":"1234489272","LAST_UPDATED":"2018-04-18T16:51:47.000-04:00"}
{"BRANCH_CODE":78,"BRANCH_NAME":"Example Bank","BRANCH_STREET":"Heather Court","BRANCH_CITY":"Mundelein","BRANCH_STATE":"IL","BRANCH_ZIP":60060,"BRANCH_PHONE":"1234164452","LAST_UPDATED":"2018-04-18T16:51:47.000-04:00"}
{"BRANCH_CODE":79,"BRANCH_NAME":"Example Bank","BRANCH_STREET":"George Street","BRANCH_CITY":"Bettendorf","BRANCH_STATE":"IA","BRANCH_ZIP":52722,"BRANCH_PHONE":"1234394450","LAST_UPDATED":"2018-04-18T16:51:47.000-04:00"}
{"BRANCH_CODE":80,"BRANCH_NAME":"Example Bank","BRANCH_STREET":"Court Street","BRANCH_CITY":"Enterprise","BRANCH_STATE":"AL","BRANCH_ZIP":36330,"BRANCH_PHONE":"1234228258","LAST_UPDATED":"2018-04-18T16:51:47.000-04:00"}
{"BRANCH_CODE":81,"BRANCH_NAME":"Example Bank","BRANCH_STREET":"Summer Street","BRANCH_CITY":"Simpsonville","BRANCH_STATE":"SC","BRANCH_ZIP":29680,"BRANCH_PHONE":"1234583583","LAST_UPDATED":"2018-04-18T16:51:47.000-04:00"}
{"BRANCH_CODE":83,"BRANCH_NAME":"Example Bank","BRANCH_STREET":"Creekside Drive","BRANCH_CITY":"Brookfield","BRANCH_STATE":"WI","BRANCH_ZIP":53045,"BRANCH_PHONE":"1234242554","LAST_UPDATED":"2018-04-18T16:51:47.000-04:00"}
{"BRANCH_CODE":85,"BRANCH_NAME":"Example Bank","BRANCH_STREET":"Brown Street","BRANCH_CITY":"LaCrosse","BRANCH_STATE":"WI","BRANCH_ZIP":54601,"BRANCH_PHONE":"1234785116","LAST_UPDATED":"2018-04-18T16:51:47.000-04:00"}
{"BRANCH_CODE":89,"BRANCH_NAME":"Example Bank","BRANCH_STREET":"Chapel Street","BRANCH_CITY":"BuffaloGrove","BRANCH_STATE":"IL","BRANCH_ZIP":60089,"BRANCH_PHONE":"1234750836","LAST_UPDATED":"2018-04-18T16:51:47.000-04:00"}
{"BRANCH_CODE":90,"BRANCH_NAME":"Example Bank","BRANCH_STREET":"Tanglewood Drive","BRANCH_CITY":"Chillicothe","BRANCH_STATE":"OH","BRANCH_ZIP":45601,"BRANCH_PHONE":"1234890424","LAST_UPDATED":"2018-04-18T16:51:47.000-04:00"}
{"BRANCH_CODE":91,"BRANCH_NAME":"Example Bank","BRANCH_STREET":"Lafayette Avenue","BRANCH_CITY":"Davenport","BRANCH_STATE":"IA","BRANCH_ZIP":52804,"BRANCH_PHONE":"1234759319","LAST_UPDATED":"2018-04-18T16:51:47.000-04:00"}
{"BRANCH_CODE":93,"BRANCH_NAME":"Example Bank","BRANCH_STREET":"Harrison Street","BRANCH_CITY":"Poughkeepsie","BRANCH_STATE":"NY","BRANCH_ZIP":12601,"BRANCH_PHONE":"1234885339","LAST_UPDATED":"2018-04-18T16:51:47.000-04:00"}
{"BRANCH_CODE":95,"BRANCH_NAME":"Example Bank","BRANCH_STREET":"Madison Street","BRANCH_CITY":"Apopka","BRANCH_STATE":"FL","BRANCH_ZIP":32703,"BRANCH_PHONE":"1234667289","LAST_UPDATED":"2018-04-18T16:51:47.000-04:00"}
{"BRANCH_CODE":99,"BRANCH_NAME":"Example Bank","BRANCH_STREET":"Bridge Street","BRANCH_CITY":"Seymour","BRANCH_STATE":"IN","BRANCH_ZIP":47274,"BRANCH_PHONE":"1234164581","LAST_UPDATED":"2018-04-18T16:51:47.000-04:00"}
{"BRANCH_CODE":100,"BRANCH_NAME":"Example Bank","BRANCH_STREET":"New Street","BRANCH_CITY":"Wellington","BRANCH_STATE":"FL","BRANCH_ZIP":33414,"BRANCH_PHONE":"1234809695","LAST_UPDATED":"2018-04-18T16:51:47.000-04:00"}
{"BRANCH_CODE":103,"BRANCH_NAME":"Example Bank","BRANCH_STREET":"Grant Street","BRANCH_CITY":"SiouxCity","BRANCH_STATE":"IA","BRANCH_ZIP":51106,"BRANCH_PHONE":"1234483865","LAST_UPDATED":"2018-04-18T16:51:47.000-04:00"}
{"BRANCH_CODE":104,"BRANCH_NAME":"Example Bank","BRANCH_STREET":"Cambridge Court","BRANCH_CITY":"Owosso","BRANCH_STATE":"MI","BRANCH_ZIP":48867,"BRANCH_PHONE":"1234909907","LAST_UPDATED":"2018-04-18T16:51:47.000-04:00"}
{"BRANCH_CODE":105,"BRANCH_NAME":"Example Bank","BRANCH_STREET":"Virginia Avenue","BRANCH_CITY":"LongBranch","BRANCH_STATE":"NJ","BRANCH_ZIP":7740,"BRANCH_PHONE":"1234723165","LAST_UPDATED":"2018-04-18T16:51:47.000-04:00"}
{"BRANCH_CODE":107,"BRANCH_NAME":"Example Bank","BRANCH_STREET":"Delaware Avenue","BRANCH_CITY":"Defiance","BRANCH_STATE":"OH","BRANCH_ZIP":43512,"BRANCH_PHONE":"1234464046","LAST_UPDATED":"2018-04-18T16:51:47.000-04:00"}
{"BRANCH_CODE":109,"BRANCH_NAME":"Example Bank","BRANCH_STREET":"Edgewood Drive","BRANCH_CITY":"Ames","BRANCH_STATE":"IA","BRANCH_ZIP":50010,"BRANCH_PHONE":"1234474482","LAST_UPDATED":"2018-04-18T16:51:47.000-04:00"}
{"BRANCH_CODE":111,"BRANCH_NAME":"Example Bank","BRANCH_STREET":"River Street","BRANCH_CITY":"Kernersville","BRANCH_STATE":"NC","BRANCH_ZIP":27284,"BRANCH_PHONE":"1234369108","LAST_UPDATED":"2018-04-18T16:51:47.000-04:00"}
{"BRANCH_CODE":114,"BRANCH_NAME":"Example Bank","BRANCH_STREET":"Madison Street","BRANCH_CITY":"PalmCity","BRANCH_STATE":"FL","BRANCH_ZIP":34990,"BRANCH_PHONE":"1234172062","LAST_UPDATED":"2018-04-18T16:51:47.000-04:00"}
{"BRANCH_CODE":115,"BRANCH_NAME":"Example Bank","BRANCH_STREET":"Jefferson Street","BRANCH_CITY":"MurrellsInlet","BRANCH_STATE":"SC","BRANCH_ZIP":29576,"BRANCH_PHONE":"1234908194","LAST_UPDATED":"2018-04-18T16:51:47.000-04:00"}
{"BRANCH_CODE":117,"BRANCH_NAME":"Example Bank","BRANCH_STREET":"Route 64","BRANCH_CITY":"Canonsburg","BRANCH_STATE":"PA","BRANCH_ZIP":15317,"BRANCH_PHONE":"1234197777","LAST_UPDATED":"2018-04-18T16:51:47.000-04:00"}
{"BRANCH_CODE":118,"BRANCH_NAME":"Example Bank","BRANCH_STREET":"Henry Street","BRANCH_CITY":"Hanover","BRANCH_STATE":"PA","BRANCH_ZIP":17331,"BRANCH_PHONE":"1234498005","LAST_UPDATED":"2018-04-18T16:51:47.000-04:00"}
{"BRANCH_CODE":119,"BRANCH_NAME":"Example Bank","BRANCH_STREET":"Fulton Street","BRANCH_CITY":"Ashland","BRANCH_STATE":"OH","BRANCH_ZIP":44805,"BRANCH_PHONE":"1234121204","LAST_UPDATED":"2018-04-18T16:51:47.000-04:00"}
{"BRANCH_CODE":121,"BRANCH_NAME":"Example Bank","BRANCH_STREET":"Warren Street","BRANCH_CITY":"Oxnard","BRANCH_STATE":"CA","BRANCH_ZIP":93035,"BRANCH_PHONE":"1234368280","LAST_UPDATED":"2018-04-18T16:51:47.000-04:00"}
{"BRANCH_CODE":123,"BRANCH_NAME":"Example Bank","BRANCH_STREET":"Willow Avenue","BRANCH_CITY":"DeerfieldBeach","BRANCH_STATE":"FL","BRANCH_ZIP":33442,"BRANCH_PHONE":"1234365113","LAST_UPDATED":"2018-04-18T16:51:47.000-04:00"}
{"BRANCH_CODE":124,"BRANCH_NAME":"Example Bank","BRANCH_STREET":"Bay Street","BRANCH_CITY":"Osseo","BRANCH_STATE":"MN","BRANCH_ZIP":55311,"BRANCH_PHONE":"1234134552","LAST_UPDATED":"2018-04-18T16:51:47.000-04:00"}
{"BRANCH_CODE":125,"BRANCH_NAME":"Example Bank","BRANCH_STREET":"Cambridge Court","BRANCH_CITY":"AllisonPark","BRANCH_STATE":"PA","BRANCH_ZIP":15101,"BRANCH_PHONE":"1234699441","LAST_UPDATED":"2018-04-18T16:51:47.000-04:00"}
{"BRANCH_CODE":126,"BRANCH_NAME":"Example Bank","BRANCH_STREET":"Route 10","BRANCH_CITY":"Bethesda","BRANCH_STATE":"MD","BRANCH_ZIP":20814,"BRANCH_PHONE":"1234723287","LAST_UPDATED":"2018-04-18T16:51:47.000-04:00"}
{"BRANCH_CODE":131,"BRANCH_NAME":"Example Bank","BRANCH_STREET":"Orchard Lane","BRANCH_CITY":"Valrico","BRANCH_STATE":"FL","BRANCH_ZIP":33594,"BRANCH_PHONE":"1234880523","LAST_UPDATED":"2018-04-18T16:51:47.000-04:00"}
{"BRANCH_CODE":135,"BRANCH_NAME":"Example Bank","BRANCH_STREET":"Canterbury Road","BRANCH_CITY":"Nanuet","BRANCH_STATE":"NY","BRANCH_ZIP":10954,"BRANCH_PHONE":"1234831678","LAST_UPDATED":"2018-04-18T16:51:47.000-04:00"}
{"BRANCH_CODE":136,"BRANCH_NAME":"Example Bank","BRANCH_STREET":"Route 11","BRANCH_CITY":"Independence","BRANCH_STATE":"KY","BRANCH_ZIP":41051,"BRANCH_PHONE":"1234601062","LAST_UPDATED":"2018-04-18T16:51:47.000-04:00"}
{"BRANCH_CODE":139,"BRANCH_NAME":"Example Bank","BRANCH_STREET":"Jefferson Street","BRANCH_CITY":"SanLorenzo","BRANCH_STATE":"CA","BRANCH_ZIP":94580,"BRANCH_PHONE":"1234547241","LAST_UPDATED":"2018-04-18T16:51:47.000-04:00"}
{"BRANCH_CODE":144,"BRANCH_NAME":"Example Bank","BRANCH_STREET":"Chestnut Avenue","BRANCH_CITY":"NewPhiladelphia","BRANCH_STATE":"OH","BRANCH_ZIP":44663,"BRANCH_PHONE":"1234636138","LAST_UPDATED":"2018-04-18T16:51:47.000-04:00"}
{"BRANCH_CODE":145,"BRANCH_NAME":"Example Bank","BRANCH_STREET":"6th Street West","BRANCH_CITY":"Clermont","BRANCH_STATE":"FL","BRANCH_ZIP":34711,"BRANCH_PHONE":"1234292781","LAST_UPDATED":"2018-04-18T16:51:47.000-04:00"}
{"BRANCH_CODE":149,"BRANCH_NAME":"Example Bank","BRANCH_STREET":"Route 27","BRANCH_CITY":"Gettysburg","BRANCH_STATE":"PA","BRANCH_ZIP":17325,"BRANCH_PHONE":"1234507741","LAST_UPDATED":"2018-04-18T16:51:47.000-04:00"}
{"BRANCH_CODE":156,"BRANCH_NAME":"Example Bank","BRANCH_STREET":"Adams Street","BRANCH_CITY":"WestChester","BRANCH_STATE":"PA","BRANCH_ZIP":19380,"BRANCH_PHONE":"1234548652","LAST_UPDATED":"2018-04-18T16:51:47.000-04:00"}
{"BRANCH_CODE":158,"BRANCH_NAME":"Example Bank","BRANCH_STREET":"Chestnut Avenue","BRANCH_CITY":"Natchez","BRANCH_STATE":"MS","BRANCH_ZIP":39120,"BRANCH_PHONE":"1234293585","LAST_UPDATED":"2018-04-18T16:51:47.000-04:00"}
{"BRANCH_CODE":160,"BRANCH_NAME":"Example Bank","BRANCH_STREET":"Beechwood Drive","BRANCH_CITY":"GardenCity","BRANCH_STATE":"NY","BRANCH_ZIP":11530,"BRANCH_PHONE":"1234696702","LAST_UPDATED":"2018-04-18T16:51:47.000-04:00"}
{"BRANCH_CODE":164,"BRANCH_NAME":"Example Bank","BRANCH_STREET":"Route 30","BRANCH_CITY":"Yakima","BRANCH_STATE":"WA","BRANCH_ZIP":98908,"BRANCH_PHONE":"1234540280","LAST_UPDATED":"2018-04-18T16:51:47.000-04:00"}
{"BRANCH_CODE":166,"BRANCH_NAME":"Example Bank","BRANCH_STREET":"Route 41","BRANCH_CITY":"Conyers","BRANCH_STATE":"GA","BRANCH_ZIP":30012,"BRANCH_PHONE":"1234935053","LAST_UPDATED":"2018-04-18T16:51:47.000-04:00"}
{"BRANCH_CODE":168,"BRANCH_NAME":"Example Bank","BRANCH_STREET":"Williams Street","BRANCH_CITY":"YubaCity","BRANCH_STATE":"CA","BRANCH_ZIP":95993,"BRANCH_PHONE":"1234317447","LAST_UPDATED":"2018-04-18T16:51:47.000-04:00"}
{"BRANCH_CODE":170,"BRANCH_NAME":"Example Bank","BRANCH_STREET":"Broadway","BRANCH_CITY":"Irvington","BRANCH_STATE":"NJ","BRANCH_ZIP":7111,"BRANCH_PHONE":"1234419610","LAST_UPDATED":"2018-04-18T16:51:47.000-04:00"}
{"BRANCH_CODE":173,"BRANCH_NAME":"Example Bank","BRANCH_STREET":"Victoria Court","BRANCH_CITY":"Victoria","BRANCH_STATE":"TX","BRANCH_ZIP":77904,"BRANCH_PHONE":"1234337068","LAST_UPDATED":"2018-04-18T16:51:47.000-04:00"}
{"BRANCH_CODE":175,"BRANCH_NAME":"Example Bank","BRANCH_STREET":"Garfield Avenue","BRANCH_CITY":"FloralPark","BRANCH_STATE":"NY","BRANCH_ZIP":11001,"BRANCH_PHONE":"1234842967","LAST_UPDATED":"2018-04-18T16:51:47.000-04:00"}
{"BRANCH_CODE":178,"BRANCH_NAME":"Example Bank","BRANCH_STREET":"8th Street West","BRANCH_CITY":"Baldwin","BRANCH_STATE":"NY","BRANCH_ZIP":11510,"BRANCH_PHONE":"1234612707","LAST_UPDATED":"2018-04-18T16:51:47.000-04:00"}
{"BRANCH_CODE":180,"BRANCH_NAME":"Example Bank","BRANCH_STREET":"Meadow Street","BRANCH_CITY":"NewHaven","BRANCH_STATE":"CT","BRANCH_ZIP":6511,"BRANCH_PHONE":"1234347181","LAST_UPDATED":"2018-04-18T16:51:47.000-04:00"}
{"BRANCH_CODE":188,"BRANCH_NAME":"Example Bank","BRANCH_STREET":"Lincoln Avenue","BRANCH_CITY":"Quincy","BRANCH_STATE":"MA","BRANCH_ZIP":2169,"BRANCH_PHONE":"1234259065","LAST_UPDATED":"2018-04-18T16:51:47.000-04:00"}
{"BRANCH_CODE":192,"BRANCH_NAME":"Example Bank","BRANCH_STREET":"Glenwood Drive","BRANCH_CITY":"Lititz","BRANCH_STATE":"PA","BRANCH_ZIP":17543,"BRANCH_PHONE":"1234937904","LAST_UPDATED":"2018-04-18T16:51:47.000-04:00"}
{"BRANCH_CODE":197,"BRANCH_NAME":"Example Bank","BRANCH_STREET":"Briarwood Drive","BRANCH_CITY":"Acworth","BRANCH_STATE":"GA","BRANCH_ZIP":30101,"BRANCH_PHONE":"1234914637","LAST_UPDATED":"2018-04-18T16:51:47.000-04:00"}
