{"FIRST_NAME":"Rafael","MIDDLE_NAME":"cordell","LAST_NAME":"Biggs","SSN":123454075,"CREDIT_CARD_NO":"4210653375641296","APT_NO":"227","STREET_NAME":"Canterbury Road","CUST_CITY":"Carlisle","CUST_STATE":"PA","CUST_COUNTRY":"United States","CUST_ZIP":"17013","CUST_PHONE":"(337)123-9699","CUST_EMAIL":"RBiggs@example.com","LAST_UPDATED":"2018-04-21T12:49:02.000-04:00"}
{"FIRST_NAME":"Mabel","MIDDLE_NAME":"irwin","LAST_NAME":"Hicks","SSN":123454089,"CREDIT_CARD_NO":"4210653344091199","APT_NO":"580","STREET_NAME":"Mill Street","CUST_CITY":"Oxnard","CUST_STATE":"CA","CUST_COUNTRY":"United States","CUST_ZIP":"93035","CUST_PHONE":"(337)124-2476","CUST_EMAIL":"MHicks@example.com","LAST_UPDATED":"2018-04-21T12:49:02.000-04:00"}
{"FIRST_NAME":"Cheryl","MIDDLE_NAME":"logan","LAST_NAME":"Murray","SSN":123454111,"CREDIT_CARD_NO":"4210653321158620","APT_NO":"524","STREET_NAME":"Garden Street","CUST_CITY":"Carrollton","CUST_STATE":"GA","CUST_COUNTRY":"United States","CUST_ZIP":"30117","CUST_PHONE":"(337)123-8703","CUST_EMAIL":"CMurray@example.com","LAST_UPDATED":"2018-04-21T12:49:02.000-04:00"}
{"FIRST_NAME":"Stephanie","MIDDLE_NAME":"marla","LAST_NAME":"Nichols","SSN":123454137,"CREDIT_CARD_NO":"4210653351873030","APT_NO":"526","STREET_NAME":"Race Street","CUST_CITY":"Baldwin","CUST_STATE":"NY","CUST_COUNTRY":"United States","CUST_ZIP":"11510","CUST_PHONE":"(337)124-2486","CUST_EMAIL":"SNichols@example.com","LAST_UPDATED":"2018-04-21T12:49:02.000-04:00"}
{"FIRST_NAME":"Austin","MIDDLE_NAME":"dalton","LAST_NAME":"Mccullough","SSN":123454163,"CREDIT_CARD_NO":"4210653361046455","APT_NO":"872","STREET_NAME":"5th Street West","CUST_CITY":"Chaska","CUST_STATE":"MN","CUST_COUNTRY":"United States","CUST_ZIP":"55318","CUST_PHONE":"(337)123-8817","CUST_EMAIL":"AMccullough@example.com","LAST_UPDATED":"2018-04-21T12:49:02.000-04:00"}
{"FIRST_NAME":"Hunter","MIDDLE_NAME":"cecelia","LAST_NAME":"Tate","SSN":123454166,"CREDIT_CARD_NO":"4210653351787226","APT_NO":"415","STREET_NAME":"Green Street","CUST_CITY":"Burnsville","CUST_STATE":"MN","CUST_COUNTRY":"United States","CUST_ZIP":"55337","CUST_PHONE":"(337)124-1780","CUST_EMAIL":"HTate@example.com","LAST_UPDATED":"2018-04-21T12:49:02.000-04:00"}
{"FIRST_NAME":"Marco","MIDDLE_NAME":"renee","LAST_NAME":"Lim","SSN":123454189,"CREDIT_CARD_NO":"4210653335173324","APT_NO":"188","STREET_NAME":"State Street East","CUST_CITY":"Harrisonburg","CUST_STATE":"VA","CUST_COUNTRY":"United States","CUST_ZIP":"22801","CUST_PHONE":"(337)123-5567","CUST_EMAIL":"MLim@example.com","LAST_UPDATED":"2018-04-21T12:49:02.000-04:00"}
{"FIRST_NAME":"Chris","MIDDLE_NAME":"paul","LAST_NAME":"Franklin","SSN":123454191,"CREDIT_CARD_NO":"4210653337595773","APT_NO":"141","STREET_NAME":"Durham Court","CUST_CITY":"Fenton","CUST_STATE":"MI","CUST_COUNTRY":"United States","CUST_ZIP":"48430","CUST_PHONE":"(337)123-8058","CUST_EMAIL":"CFranklin@example.com","LAST_UPDATED":"2018-04-21T12:49:02.000-04:00"}
{"FIRST_NAME":"Beau","MIDDLE_NAME":"ambrose","LAST_NAME":"Woodard","SSN":123454202,"CREDIT_CARD_NO":"4210653310395982","APT_NO":"3","STREET_NAME":"Colonial Drive","CUST_CITY":"NorthOlmsted","CUST_STATE":"OH","CUST_COUNTRY":"United States","CUST_ZIP":"44070","CUST_PHONE":"(337)124-2570","CUST_EMAIL":"BWoodard@example.com","LAST_UPDATED":"2018-04-21T12:49:02.000-04:00"}
{"FIRST_NAME":"Eva","MIDDLE_NAME":"chauncey","LAST_NAME":"Bradford","SSN":123454203,"CREDIT_CARD_NO":"4210653318126494","APT_NO":"181","STREET_NAME":"Aspen Court","CUST_CITY":"Midlothian","CUST_STATE":"VA","CUST_COUNTRY":"United States","CUST_ZIP":"23112","CUST_PHONE":"(337)124-0768","CUST_EMAIL":"EBradford@example.com","LAST_UPDATED":"2018-04-21T12:49:02.000-04:00"}
{"FIRST_NAME":"Suzanne","MIDDLE_NAME":"kari","LAST_NAME":"Padgett","SSN":123454207,"CREDIT_CARD_NO":"4210653329723460","APT_NO":"596","STREET_NAME":"Spruce Street","CUST_CITY":"Chaska","CUST_STATE":"MN","CUST_COUNTRY":"United States","CUST_ZIP":"55318","CUST_PHONE":"(337)123-8495","CUST_EMAIL":"SPadgett@example.com","LAST_UPDATED":"2018-04-21T12:49:02.000-04:00"}
{"FIRST_NAME":"Rickey","MIDDLE_NAME":"loren","LAST_NAME":"Parra","SSN":123454213,"CREDIT_CARD_NO":"4210653332188638","APT_NO":"874","STREET_NAME":"Church Street North","CUST_CITY":"Irvington","CUST_STATE":"NJ","CUST_COUNTRY":"United States","CUST_ZIP":"07111","CUST_PHONE":"(337)124-1097","CUST_EMAIL":"RParra@example.com","LAST_UPDATED":"2018-04-21T12:49:02.000-04:00"}
{"FIRST_NAME":"Christine","MIDDLE_NAME":"rolando","LAST_NAME":"Leon","SSN":123454219,"CREDIT_CARD_NO":"4210653384543166","APT_NO":"756","STREET_NAME":"Bay Street","CUST_CITY":"LongBranch","CUST_STATE":"NJ","CUST_COUNTRY":"United States","CUST_ZIP":"07740","CUST_PHONE":"(337)123-7461","CUST_EMAIL":"CLeon@example.com","LAST_UPDATED":"2018-04-21T12:49:02.000-04:00"}
{"FIRST_NAME":"Shelton","MIDDLE_NAME":"jean","LAST_NAME":"Hanson","SSN":123454224,"CREDIT_CARD_NO":"4210653332531713","APT_NO":"748","STREET_NAME":"Meadow Lane","CUST_CITY":"ElPaso","CUST_STATE":"TX","CUST_COUNTRY":"United States","CUST_ZIP":"79930","CUST_PHONE":"(337)123-6969","CUST_EMAIL":"SHanson@example.com","LAST_UPDATED":"2018-04-21T12:49:02.000-04:00"}
{"FIRST_NAME":"Kris","MIDDLE_NAME":"johanna","LAST_NAME":"Powers","SSN":123454244,"CREDIT_CARD_NO":"4210653326575636","APT_NO":"756","STREET_NAME":"Wall Street","CUST_CITY":"Ames","CUST_STATE":"IA","CUST_COUNTRY":"United States","CUST_ZIP":"50010","CUST_PHONE":"(337)123-6661","CUST_EMAIL":"KPowers@example.com","LAST_UPDATED":"2018-04-21T12:49:02.000-04:00"}
{"FIRST_NAME":"Roland","MIDDLE_NAME":"jolene","LAST_NAME":"Deleon","SSN":123454249,"CREDIT_CARD_NO":"4210653331052234","APT_NO":"940","STREET_NAME":"Laurel Street","CUST_CITY":"Lititz","CUST_STATE":"PA","CUST_COUNTRY":"United States","CUST_ZIP":"17543","CUST_PHONE":"(337)124-3283","CUST_EMAIL":"RDeleon@example.com","LAST_UPDATED":"2018-04-21T12:49:02.000-04:00"}
{"FIRST_NAME":"Janis","MIDDLE_NAME":"chance","LAST_NAME":"Hamilton","SSN":123454251,"CREDIT_CARD_NO":"4210653364175905","APT_NO":"219","STREET_NAME":"5th Street","CUST_CITY":"Gettysburg","CUST_STATE":"PA","CUST_COUNTRY":"United States","CUST_ZIP":"17325","CUST_PHONE":"(337)123-6273","CUST_EMAIL":"JHamilton@example.com","LAST_UPDATED":"2018-04-21T12:49:02.000-04:00"}
{"FIRST_NAME":"Jasmine","MIDDLE_NAME":"harvey","LAST_NAME":"Gleason","SSN":123454255,"CREDIT_CARD_NO":"4210653370746664","APT_NO":"977","STREET_NAME":"Windsor Court","CUST_CITY":"Oxford","CUST_STATE":"MS","CUST_COUNTRY":"United States","CUST_ZIP":"38655","CUST_PHONE":"(337)123-5287","CUST_EMAIL":"JGleason@example.com","LAST_UPDATED":"2018-04-21T12:49:02.000-04:00"}
{"FIRST_NAME":"Sharlene","MIDDLE_NAME":"jae","LAST_NAME":"Crouch","SSN":123454262,"CREDIT_CARD_NO":"4210653364673268","APT_NO":"288","STREET_NAME":"Sunset Avenue","CUST_CITY":"Oxnard","CUST_STATE":"CA","CUST_COUNTRY":"United States","CUST_ZIP":"93035","CUST_PHONE":"(337)123-5018","CUST_EMAIL":"SCrouch@example.com","LAST_UPDATED":"2018-04-21T12:49:02.000-04:00"}
{"FIRST_NAME":"Allan","MIDDLE_NAME":"jere","LAST_NAME":"Osborn","SSN":123454276,"CREDIT_CARD_NO":"4210653369092976","APT_NO":"588","STREET_NAME":"Brookside Drive","CUST_CITY":"Huntley","CUST_STATE":"IL","CUST_COUNTRY":"United States","CUST_ZIP":"60142","CUST_PHONE":"(337)123-5033","CUST_EMAIL":"AOsborn@example.com","LAST_UPDATED":"2018-04-21T12:49:02.000-04:00"}
{"FIRST_NAME":"Molly","MIDDLE_NAME":"chad","LAST_NAME":"Livingston","SSN":123454277,"CREDIT_CARD_NO":"4210653325984772","APT_NO":"373","STREET_NAME":"Church Street","CUST_CITY":"BuffaloGrove","CUST_STATE":"IL","CUST_COUNTRY":"United States","CUST_ZIP":"60089","CUST_PHONE":"(337)123-9317","CUST_EMAIL":"MLivingston@example.com","LAST_UPDATED":"2018-04-21T12:49:02.000-04:00"}
{"FIRST_NAME":"Dominique","MIDDLE_NAME":"manuel","LAST_NAME":"Mathews","SSN":123454282,"CREDIT_CARD_NO":"4210653333887368","APT_NO":"448","STREET_NAME":"Elm Avenue","CUST_CITY":"Conyers","CUST_STATE":"GA","CUST_COUNTRY":"United States","CUST_ZIP":"30012","CUST_PHONE":"(337)123-7713","CUST_EMAIL":"DMathews@example.com","LAST_UPDATED":"2018-04-21T12:49:02.000-04:00"}
{"FIRST_NAME":"Robyn","MIDDLE_NAME":"dorsey","LAST_NAME":"Willis","SSN":123454288,"CREDIT_CARD_NO":"4210653354880987","APT_NO":"788","STREET_NAME":"Hanover Court","CUST_CITY":"Loganville","CUST_STATE":"GA","CUST_COUNTRY":"United States","CUST_ZIP":"30052","CUST_PHONE":"(337)124-2958","CUST_EMAIL":"RWillis@example.com","LAST_UPDATED":"2018-04-21T12:49:02.000-04:00"}
{"FIRST_NAME":"Jerry","MIDDLE_NAME":"oren","LAST_NAME":"Villanueva","SSN":123454297,"CREDIT_CARD_NO":"4210653392410547","APT_NO":"742","STREET_NAME":"Olive Street","CUST_CITY":"Grandville","CUST_STATE":"MI","CUST_COUNTRY":"United States","CUST_ZIP":"49418","CUST_PHONE":"(337)123-8412","CUST_EMAIL":"JVillanueva@example.com","LAST_UPDATED":"2018-04-21T12:49:02.000-04:00"}
{"FIRST_NAME":"Steve","MIDDLE_NAME":"howard","LAST_NAME":"Hoover","SSN":123454311,"CREDIT_CARD_NO":"4210653369442562","APT_NO":"966","STREET_NAME":"Pearl Street","CUST_CITY":"Rossville","CUST_STATE":"GA","CUST_COUNTRY":"United States","CUST_ZIP":"30741","CUST_PHONE":"(337)124-1898","CUST_EMAIL":"SHoover@example.com","LAST_UPDATED":"2018-04-21T12:49:02.000-04:00"}
{"FIRST_NAME":"Homer","MIDDLE_NAME":"henry","LAST_NAME":"Mckinney","SSN":123454339,"CREDIT_CARD_NO":"4210653311015303","APT_NO":"611","STREET_NAME":"East Avenue","CUST_CITY":"ElPaso","CUST_STATE":"TX","CUST_COUNTRY":"United States","CUST_ZIP":"79930","CUST_PHONE":"(337)123-8165","CUST_EMAIL":"HMckinney@example.com","LAST_UPDATED":"2018-04-21T12:49:02.000-04:00"}
{"FIRST_NAME":"Alyssa","MIDDLE_NAME":"milford","LAST_NAME":"Britton","SSN":123454344,"CREDIT_CARD_NO":"4210653321611888","APT_NO":"387","STREET_NAME":"Railroad Street","CUST_CITY":"Hartsville","CUST_STATE":"SC","CUST_COUNTRY":"United States","CUST_ZIP":"29550","CUST_PHONE":"(337)124-0524","CUST_EMAIL":"ABritton@example.com","LAST_UPDATED":"2018-04-21T12:49:02.000-04:00"}
{"FIRST_NAME":"Jerome","MIDDLE_NAME":"fannie","LAST_NAME":"Cho","SSN":123454351,"CREDIT_CARD_NO":"4210653383004409","APT_NO":"246","STREET_NAME":"Morris Street","CUST_CITY":"Oviedo","CUST_STATE":"FL","CUST_COUNTRY":"United States","CUST_ZIP":"32765","CUST_PHONE":"(337)123-4925","CUST_EMAIL":"JCho@example.com","LAST_UPDATED":"2018-04-21T12:49:02.000-04:00"}
{"FIRST_NAME":"Young","MIDDLE_NAME":"sally","LAST_NAME":"Combs","SSN":123454357,"CREDIT_CARD_NO":"4210653321307385","APT_NO":"516","STREET_NAME":"4th Street","CUST_CITY":"Oconomowoc","CUST_STATE":"WI","CUST_COUNTRY":"United States","CUST_ZIP":"53066","CUST_PHONE":"(337)124-2942","CUST_EMAIL":"YCombs@example.com","LAST_UPDATED":"2018-04-21T12:49:02.000-04:00"}
{"FIRST_NAME":"Ronda","MIDDLE_NAME":"august","LAST_NAME":"Suarez","SSN":123454361,"CREDIT_CARD_NO":"4210653393344496","APT_NO":"267","STREET_NAME":"Linden Street","CUST_CITY":"Yakima","CUST_STATE":"WA","CUST_COUNTRY":"United States","CUST_ZIP":"98908","CUST_PHONE":"(337)123-4615","CUST_EMAIL":"RSuarez@example.com","LAST_UPDATED":"2018-04-21T12:49:02.000-04:00"}
{"FIRST_NAME":"Ericka","MIDDLE_NAME":"renaldo","LAST_NAME":"Rice","SSN":123454371,"CREDIT_CARD_NO":"4210653323924048","APT_NO":"718","STREET_NAME":"Route 6","CUST_CITY":"Duluth","CUST_STATE":"GA","CUST_COUNTRY":"United States","CUST_ZIP":"30096","CUST_PHONE":"(337)124-0329","CUST_EMAIL":"ERice@example.com","LAST_UPDATED":"2018-04-21T12:49:02.000-04:00"}
{"FIRST_NAME":"Willie","MIDDLE_NAME":"steve","LAST_NAME":"Raines","SSN":123454372,"CREDIT_CARD_NO":"4210653318386828","APT_NO":"910","STREET_NAME":"Lakeview Drive","CUST_CITY":"Paducah","CUST_STATE":"KY","CUST_COUNTRY":"United States","CUST_ZIP":"42001","CUST_PHONE":"(337)123-9000","CUST_EMAIL":"WRaines@example.com","LAST_UPDATED":"2018-04-21T12:49:02.000-04:00"}
{"FIRST_NAME":"Aurora","MIDDLE_NAME":"blaine","LAST_NAME":"Kline","SSN":123454373,"CREDIT_CARD_NO":"4210653379545814","APT_NO":"827","STREET_NAME":"Cleveland Street","CUST_CITY":"Mundelein","CUST_STATE":"IL","CUST_COUNTRY":"United States","CUST_ZIP":"60060","CUST_PHONE":"(337)124-0079","CUST_EMAIL":"AKline@example.com","LAST_UPDATED":"2018-04-21T12:49:02.000-04:00"}
{"FIRST_NAME":"Stacy","MIDDLE_NAME":"kraig","LAST_NAME":"Parker","SSN":123454377,"CREDIT_CARD_NO":"4210653357283931","APT_NO":"628","STREET_NAME":"White Street","CUST_CITY":"LaCrosse","CUST_STATE":"WI","CUST_COUNTRY":"United States","CUST_ZIP":"54601","CUST_PHONE":"(337)123-7247","CUST_EMAIL":"SParker@example.com","LAST_UPDATED":"2018-04-21T12:49:02.000-04:00"}
{"FIRST_NAME":"Peter","MIDDLE_NAME":"ericka","LAST_NAME":"Elder","SSN":123454378,"CREDIT_CARD_NO":"4210653386261086","APT_NO":"977","STREET_NAME":"Main Street","CUST_CITY":"Yakima","CUST_STATE":"WA","CUST_COUNTRY":"United States","CUST_ZIP":"98908","CUST_PHONE":"(337)123-8108","CUST_EMAIL":"PElder@example.com","LAST_UPDATED":"2018-04-21T12:49:02.000-04:00"}
{"FIRST_NAME":"Vern","MIDDLE_NAME":"amelia","LAST_NAME":"Kirkland","SSN":123454390,"CREDIT_CARD_NO":"4210653389593543","APT_NO":"584","STREET_NAME":"Eagle Street","CUST_CITY":"Baltimore","CUST_STATE":"MD","CUST_COUNTRY":"United States","CUST_ZIP":"21206","CUST_PHONE":"(337)124-0025","CUST_EMAIL":"VKirkland@example.com","LAST_UPDATED":"2018-04-21T12:49:02.000-04:00"}
{"FIRST_NAME":"Willa","MIDDLE_NAME":"silvia","LAST_NAME":"Rutledge","SSN":123454391,"CREDIT_CARD_NO":"4210653387339150","APT_NO":"244","STREET_NAME":"Ridge Street","CUST_CITY":"Oconomowoc","CUST_STATE":"WI","CUST_COUNTRY":"United States","CUST_ZIP":"53066","CUST_PHONE":"(337)123-7897","CUST_EMAIL":"WRutledge@example.com","LAST_UPDATED":"2018-04-21T12:49:02.000-04:00"}
{"FIRST_NAME":"Micheal","MIDDLE_NAME":"kim","LAST_NAME":"Bishop","SSN":123454392,"CREDIT_CARD_NO":"4210653324603872","APT_NO":"274","STREET_NAME":"Myrtle Street","CUST_CITY":"Rowlett","CUST_STATE":"TX","CUST_COUNTRY":"United States","CUST_ZIP":"75088","CUST_PHONE":"(337)124-2999","CUST_EMAIL":"MBishop@example.com","LAST_UPDATED":"2018-04-21T12:49:02.000-04:00"}
{"FIRST_NAME":"Marietta","MIDDLE_NAME":"stacy","LAST_NAME":"Novak","SSN":123454408,"CREDIT_CARD_NO":"4210653375867060","APT_NO":"52","STREET_NAME":"Route 6","CUST_CITY":"ElDorado","CUST_STATE":"AR","CUST_COUNTRY":"United States","CUST_ZIP":"71730","CUST_PHONE":"(337)124-1166","CUST_EMAIL":"MNovak@example.com","LAST_UPDATED":"2018-04-21T12:49:02.000-04:00"}
{"FIRST_NAME":"Milton","MIDDLE_NAME":"tracy","LAST_NAME":"Swain","SSN":123454415,"CREDIT_CARD_NO":"4210653391820873","APT_NO":"284","STREET_NAME":"13th Street","CUST_CITY":"Carrollton","CUST_STATE":"GA","CUST_COUNTRY":"United States","CUST_ZIP":"30117","CUST_PHONE":"(337)123-7591","CUST_EMAIL":"MSwain@example.com","LAST_UPDATED":"2018-04-21T12:49:02.000-04:00"}
{"FIRST_NAME":"Trenton","MIDDLE_NAME":"brock","LAST_NAME":"Vickers","SSN":123454426,"CREDIT_CARD_NO":"4210653350448121","APT_NO":"851","STREET_NAME":"Eagle Street","CUST_CITY":"WinstonSalem","CUST_STATE":"NC","CUST_COUNTRY":"United States","CUST_ZIP":"27103","CUST_PHONE":"(337)123-6490","CUST_EMAIL":"TVickers@example.com","LAST_UPDATED":"2018-04-21T12:49:02.000-04:00"}
{"FIRST_NAME":"Berta","MIDDLE_NAME":"kyle","LAST_NAME":"Crane","SSN":123454429,"CREDIT_CARD_NO":"4210653398677840","APT_NO":"493","STREET_NAME":"Adams Street","CUST_CITY":"YubaCity","CUST_STATE":"CA","CUST_COUNTRY":"United States","CUST_ZIP":"95993","CUST_PHONE":"(337)123-8296","CUST_EMAIL":"BCrane@example.com","LAST_UPDATED":"2018-04-21T12:49:02.000-04:00"}
{"FIRST_NAME":"Wilfred","MIDDLE_NAME":"may","LAST_NAME":"Ayers","SSN":123454431,"CREDIT_CARD_NO":"4210653310356919","APT_NO":"301","STREET_NAME":"Madison Street","CUST_CITY":"ElPaso","CUST_STATE":"TX","CUST_COUNTRY":"United States","CUST_ZIP":"79930","CUST_PHONE":"(337)124-2074","CUST_EMAIL":"WAyers@example.com","LAST_UPDATED":"2018-04-21T12:49:02.000-04:00"}
{"FIRST_NAME":"Alma","MIDDLE_NAME":"korey","LAST_NAME":"Russo","SSN":123454437,"CREDIT_CARD_NO":"4210653358330252","APT_NO":"919","STREET_NAME":"White Street","CUST_CITY":"Chambersburg","CUST_STATE":"PA","CUST_COUNTRY":"United States","CUST_ZIP":"17201","CUST_PHONE":"(337)124-2101","CUST_EMAIL":"ARusso@example.com","LAST_UPDATED":"2018-04-21T12:49:02.000-04:00"}
{"FIRST_NAME":"Alta","MIDDLE_NAME":"verna","LAST_NAME":"Avila","SSN":123454439,"CREDIT_CARD_NO":"4210653379318909","APT_NO":"206","STREET_NAME":"9th Street West","CUST_CITY":"NewBerlin","CUST_STATE":"WI","CUST_COUNTRY":"United States","CUST_ZIP":"53151","CUST_PHONE":"(337)124-0550","CUST_EMAIL":"AAvila@example.com","LAST_UPDATED":"2018-04-21T12:49:02.000-04:00"}
{"FIRST_NAME":"Emilia","MIDDLE_NAME":"lacy","LAST_NAME":"Tang","SSN":123454442,"CREDIT_CARD_NO":"4210653321245511","APT_NO":"74","STREET_NAME":"Cherry Street","CUST_CITY":"NewBerlin","CUST_STATE":"WI","CUST_COUNTRY":"United States","CUST_ZIP":"53151","CUST_PHONE":"(337)124-2118","CUST_EMAIL":"ETang@example.com","LAST_UPDATED":"2018-04-21T12:49:02.000-04:00"}
{"FIRST_NAME":"Harris","MIDDLE_NAME":"ernie","LAST_NAME":"Jenkins","SSN":123454449,"CREDIT_CARD_NO":"4210653324188844","APT_NO":"841","STREET_NAME":"Augusta Drive","CUST_CITY":"Paterson","CUST_STATE":"NJ","CUST_COUNTRY":"United States","CUST_ZIP":"07501","CUST_PHONE":"(337)123-5353","CUST_EMAIL":"HJenkins@example.com","LAST_UPDATED":"2018-04-21T12:49:02.000-04:00"}
{"FIRST_NAME":"Eldridge","MIDDLE_NAME":"oren","LAST_NAME":"Estrada","SSN":123454458,"CREDIT_CARD_NO":"4210653313155866","APT_NO":"105","STREET_NAME":"4th Street South","CUST_CITY":"Helena","CUST_STATE":"MT","CUST_COUNTRY":"United States","CUST_ZIP":"59601","CUST_PHONE":"(337)123-9268","CUST_EMAIL":"EEstrada@example.com","LAST_UPDATED":"2018-04-21T12:49:02.000-04:00"}
{"FIRST_NAME":"Mayra","MIDDLE_NAME":"johnson","LAST_NAME":"Raymond","SSN":123454476,"CREDIT_CARD_NO":"4210653398873992","APT_NO":"906","STREET_NAME":"Riverside Drive","CUST_CITY":"Frankfort","CUST_STATE":"KY","CUST_COUNTRY":"United States","CUST_ZIP":"40601","CUST_PHONE":"(337)123-5718","CUST_EMAIL":"MRaymond@example.com","LAST_UPDATED":"2018-04-21T12:49:02.000-04:00"}
{"FIRST_NAME":"Salvatore","MIDDLE_NAME":"lola","LAST_NAME":"Meier","SSN":123454478,"CREDIT_CARD_NO":"4210653322109605","APT_NO":"24","STREET_NAME":"Spruce Avenue","CUST_CITY":"Waxhaw","CUST_STATE":"NC","CUST_COUNTRY":"United States","CUST_ZIP":"28173","CUST_PHONE":"(337)123-6632","CUST_EMAIL":"SMeier@example.com","LAST_UPDATED":"2018-04-21T12:49:02.000-04:00"}
{"FIRST_NAME":"Ashleigh","MIDDLE_NAME":"loretta","LAST_NAME":"Holland","SSN":123454485,"CREDIT_CARD_NO":"4210653325022550","APT_NO":"509","STREET_NAME":"Railroad Avenue","CUST_CITY":"MurrellsInlet","CUST_STATE":"SC","CUST_COUNTRY":"United States","CUST_ZIP":"29576","CUST_PHONE":"(337)123-8496","CUST_EMAIL":"AHolland@example.com","LAST_UPDATED":"2018-04-21T12:49:02.000-04:00"}
{"FIRST_NAME":"Wilber","MIDDLE_NAME":"ezequiel","LAST_NAME":"Dunham","SSN":123454487,"CREDIT_CARD_NO":"4210653310116272","APT_NO":"683","STREET_NAME":"12th Street East","CUST_CITY":"Huntley","CUST_STATE":"IL","CUST_COUNTRY":"United States","CUST_ZIP":"60142","CUST_PHONE":"(337)124-3018","CUST_EMAIL":"WDunham@example.com","LAST_UPDATED":"2018-04-21T12:49:02.000-04:00"}
{"FIRST_NAME":"Phil","MIDDLE_NAME":"jaime","LAST_NAME":"Mullen","SSN":123454500,"CREDIT_CARD_NO":"4210653399939240","APT_NO":"67","STREET_NAME":"Charles Street","CUST_CITY":"SanLorenzo","CUST_STATE":"CA","CUST_COUNTRY":"United States","CUST_ZIP":"94580","CUST_PHONE":"(337)123-7017","CUST_EMAIL":"PMullen@example.com","LAST_UPDATED":"2018-04-21T12:49:02.000-04:00"}
{"FIRST_NAME":"Bill","MIDDLE_NAME":"cornelius","LAST_NAME":"Arredondo","SSN":123454502,"CREDIT_CARD_NO":"4210653317478942","APT_NO":"298","STREET_NAME":"Strawberry Lane","CUST_CITY":"Mooresville","CUST_STATE":"NC","CUST_COUNTRY":"United States","CUST_ZIP":"28115","CUST_PHONE":"(337)123-7603","CUST_EMAIL":"BArredondo@example.com","LAST_UPDATED":"2018-04-21T12:49:02.000-04:00"}
{"FIRST_NAME":"Annabelle","MIDDLE_NAME":"regina","LAST_NAME":"Hinojosa","SSN":123454503,"CREDIT_CARD_NO":"4210653349313327","APT_NO":"674","STREET_NAME":"Ann Street","CUST_CITY":"SanLorenzo","CUST_STATE":"CA","CUST_COUNTRY":"United States","CUST_ZIP":"94580","CUST_PHONE":"(337)124-0662","CUST_EMAIL":"AHinojosa@example.com","LAST_UPDATED":"2018-04-21T12:49:02.000-04:00"}
{"FIRST_NAME":"Daphne","MIDDLE_NAME":"cornell","LAST_NAME":"Vera","SSN":123454504,"CREDIT_CARD_NO":"4210653352923533","APT_NO":"856","STREET_NAME":"West Avenue","CUST_CITY":"Helena","CUST_STATE":"MT","CUST_COUNTRY":"United States","CUST_ZIP":"59601","CUST_PHONE":"(337)123-9928","CUST_EMAIL":"DVera@example.com","LAST_UPDATED":"2018-04-21T12:49:02.000-04:00"}
{"FIRST_NAME":"Germaine","MIDDLE_NAME":"werner","LAST_NAME":"Fletcher","SSN":123454507,"CREDIT_CARD_NO":"4210653328921356","APT_NO":"865","STREET_NAME":"Westminster Drive","CUST_CITY":"Conyers","CUST_STATE":"GA","CUST_COUNTRY":"United States","CUST_ZIP":"30012","CUST_PHONE":"(337)124-2811","CUST_EMAIL":"GFletcher@example.com","LAST_UPDATED":"2018-04-21T12:49:02.000-04:00"}
{"FIRST_NAME":"Erasmo","MIDDLE_NAME":"jolene","LAST_NAME":"Riley","SSN":123454524,"CREDIT_CARD_NO":"4210653386143557","APT_NO":"128","STREET_NAME":"Maiden Lane","CUST_CITY":"Owosso","CUST_STATE":"MI","CUST_COUNTRY":"United States","CUST_ZIP":"48867","CUST_PHONE":"(337)124-0803","CUST_EMAIL":"ERiley@example.com","LAST_UPDATED":"2018-04-21T12:49:02.000-04:00"}
{"FIRST_NAME":"Serena","MIDDLE_NAME":"elinor","LAST_NAME":"Kim","SSN":123454531,"CREDIT_CARD_NO":"4210653324242739","APT_NO":"7","STREET_NAME":"Meadow Street","CUST_CITY":"Frankfort","CUST_STATE":"KY","CUST_COUNTRY":"United States","CUST_ZIP":"40601","CUST_PHONE":"(337)123-7994","CUST_EMAIL":"SKim@example.com","LAST_UPDATED":"2018-04-21T12:49:02.000-04:00"}
{"FIRST_NAME":"Mai","MIDDLE_NAME":"sylvia","LAST_NAME":"Macias","SSN":123454532,"CREDIT_CARD_NO":"4210653369179447","APT_NO":"185","STREET_NAME":"Locust Street","CUST_CITY":"Richmond","CUST_STATE":"VA","CUST_COUNTRY":"United States","CUST_ZIP":"23223","CUST_PHONE":"(337)124-3407","CUST_EMAIL":"MMacias@example.com","LAST_UPDATED":"2018-04-21T12:49:02.000-04:00"}
{"FIRST_NAME":"Rita","MIDDLE_NAME":"rickey","LAST_NAME":"Kidd","SSN":123454537,"CREDIT_CARD_NO":"4210653311215039","APT_NO":"680","STREET_NAME":"Route 44","CUST_CITY":"Fenton","CUST_STATE":"MI","CUST_COUNTRY":"United States","CUST_ZIP":"48430","CUST_PHONE":"(337)123-4730","CUST_EMAIL":"RKidd@example.com","LAST_UPDATED":"2018-04-21T12:49:02.000-04:00"}
{"FIRST_NAME":"Charley","MIDDLE_NAME":"marissa","LAST_NAME":"Ahmed","SSN":123454553,"CREDIT_CARD_NO":"4210653321479572","APT_NO":"117","STREET_NAME":"Madison Court","CUST_CITY":"Mechanicsburg","CUST_STATE":"PA","CUST_COUNTRY":"United States","CUST_ZIP":"17050","CUST_PHONE":"(337)124-0311","CUST_EMAIL":"CAhmed@example.com","LAST_UPDATED":"2018-04-21T12:49:02.000-04:00"}
{"FIRST_NAME":"Patricia","MIDDLE_NAME":"kimberly","LAST_NAME":"Sinclair","SSN":123454555,"CREDIT_CARD_NO":"4210653362221487","APT_NO":"681","STREET_NAME":"Laurel Drive","CUST_CITY":"FernandinaBeach","CUST_STATE":"FL","CUST_COUNTRY":"United States","CUST_ZIP":"32034","CUST_PHONE":"(337)124-0931","CUST_EMAIL":"PSinclair@example.com","LAST_UPDATED":"2018-04-21T12:49:02.000-04:00"}
{"FIRST_NAME":"Paula","MIDDLE_NAME":"alicia","LAST_NAME":"Hoyt","SSN":123454559,"CREDIT_CARD_NO":"4210653372705061","APT_NO":"131","STREET_NAME":"Oxford Court","CUST_CITY":"SouthLyon","CUST_STATE":"MI","CUST_COUNTRY":"United States","CUST_ZIP":"48178","CUST_PHONE":"(337)123-8159","CUST_EMAIL":"PHoyt@example.com","LAST_UPDATED":"2018-04-21T12:49:02.000-04:00"}
{"FIRST_NAME":"Vernon","MIDDLE_NAME":"lea","LAST_NAME":"Moser","SSN":123454561,"CREDIT_CARD_NO":"4210653388911018","APT_NO":"915","STREET_NAME":"Circle Drive","CUST_CITY":"Oviedo","CUST_STATE":"FL","CUST_COUNTRY":"United States","CUST_ZIP":"32765","CUST_PHONE":"(337)123-7576","CUST_EMAIL":"VMoser@example.com","LAST_UPDATED":"2018-04-21T12:49:02.000-04:00"}
{"FIRST_NAME":"Jackie","MIDDLE_NAME":"michelle","LAST_NAME":"Erickson","SSN":123454567,"CREDIT_CARD_NO":"4210653321933100","APT_NO":"298","STREET_NAME":"North Street","CUST_CITY":"Seymour","CUST_STATE":"IN","CUST_COUNTRY":"United States","CUST_ZIP":"47274","CUST_PHONE":"(337)124-2618","CUST_EMAIL":"JErickson@example.com","LAST_UPDATED":"2018-04-21T12:49:02.000-04:00"}
{"FIRST_NAME":"Carly","MIDDLE_NAME":"celina","LAST_NAME":"Medina","SSN":123454594,"CREDIT_CARD_NO":"4210653376655865","APT_NO":"76","STREET_NAME":"Hillside Avenue","CUST_CITY":"Monroeville","CUST_STATE":"PA","CUST_COUNTRY":"United States","CUST_ZIP":"15146","CUST_PHONE":"(337)123-8106","CUST_EMAIL":"CMedina@example.com","LAST_UPDATED":"2018-04-21T12:49:02.000-04:00"}
{"FIRST_NAME":"Jillian","MIDDLE_NAME":"normand","LAST_NAME":"Emery","SSN":123454597,"CREDIT_CARD_NO":"4210653321321222","APT_NO":"813","STREET_NAME":"Beech Street","CUST_CITY":"Houston","CUST_STATE":"TX","CUST_COUNTRY":"United States","CUST_ZIP":"77016","CUST_PHONE":"(337)123-7926","CUST_EMAIL":"JEmery@example.com","LAST_UPDATED":"2018-04-21T12:49:02.000-04:00"}
{"FIRST_NAME":"Rosalie","MIDDLE_NAME":"keisha","LAST_NAME":"Palmer","SSN":123454613,"CREDIT_CARD_NO":"4210653383980577","APT_NO":"379","STREET_NAME":"William Street","CUST_CITY":"Enterprise","CUST_STATE":"AL","CUST_COUNTRY":"United States","CUST_ZIP":"36330","CUST_PHONE":"(337)124-0870","CUST_EMAIL":"RPalmer@example.com","LAST_UPDATED":"2018-04-21T12:49:02.000-04:00"}
{"FIRST_NAME":"Dong","MIDDLE_NAME":"tamika","LAST_NAME":"Kang","SSN":123454634,"CREDIT_CARD_NO":"4210653327091690","APT_NO":"18","STREET_NAME":"Locust Street","CUST_CITY":"FloralPark","CUST_STATE":"NY","CUST_COUNTRY":"United States","CUST_ZIP":"11001","CUST_PHONE":"(337)123-8182","CUST_EMAIL":"DKang@example.com","LAST_UPDATED":"2018-04-21T12:49:02.000-04:00"}
{"FIRST_NAME":"Garrett","MIDDLE_NAME":"ellsworth","LAST_NAME":"Hollingsworth","SSN":123454636,"CREDIT_CARD_NO":"4210653389005263","APT_NO":"197","STREET_NAME":"Colonial Drive","CUST_CITY":"Bartlett","CUST_STATE":"IL","CUST_COUNTRY":"United States","CUST_ZIP":"60103","CUST_PHONE":"(337)123-5360","CUST_EMAIL":"GHollingsworth@example.com","LAST_UPDATED":"2018-04-21T12:49:02.000-04:00"}
{"FIRST_NAME":"Orval","MIDDLE_NAME":"jana","LAST_NAME":"Gallo","SSN":123454641,"CREDIT_CARD_NO":"4210653322552664","APT_NO":"150","STREET_NAME":"12th Street","CUST_CITY":"NewBerlin","CUST_STATE":"WI","CUST_COUNTRY":"United States","CUST_ZIP":"53151","CUST_PHONE":"(337)123-5093","CUST_EMAIL":"OGallo@example.com","LAST_UPDATED":"2018-04-21T12:49:02.000-04:00"}
{"FIRST_NAME":"Allen","MIDDLE_NAME":"kimberley","LAST_NAME":"Douglas","SSN":123454642,"CREDIT_CARD_NO":"4210653378454564","APT_NO":"424","STREET_NAME":"Route 2","CUST_CITY":"Yakima","CUST_STATE":"WA","CUST_COUNTRY":"United States","CUST_ZIP":"98908","CUST_PHONE":"(337)123-9676","CUST_EMAIL":"ADouglas@example.com","LAST_UPDATED":"2018-04-21T12:49:02.000-04:00"}
{"FIRST_NAME":"Santo","MIDDLE_NAME":"mai","LAST_NAME":"Hoyt","SSN":123454668,"CREDIT_CARD_NO":"4210653327130934","APT_NO":"246","STREET_NAME":"Fulton Street","CUST_CITY":"Wethersfield","CUST_STATE":"CT","CUST_COUNTRY":"United States","CUST_ZIP":"06109","CUST_PHONE":"(337)123-9238","CUST_EMAIL":"SHoyt@example.com","LAST_UPDATED":"2018-04-21T12:49:02.000-04:00"}
{"FIRST_NAME":"Sheree","MIDDLE_NAME":"ike","LAST_NAME":"Huang","SSN":123454683,"CREDIT_CARD_NO":"4210653378543391","APT_NO":"207","STREET_NAME":"Cottage Street","CUST_CITY":"Oxford","CUST_STATE":"MS","CUST_COUNTRY":"United States","CUST_ZIP":"38655","CUST_PHONE":"(337)124-0284","CUST_EMAIL":"SHuang@example.com","LAST_UPDATED":"2018-04-21T12:49:02.000-04:00"}
{"FIRST_NAME":"Rey","MIDDLE_NAME":"britt","LAST_NAME":"Hood","SSN":123454698,"CREDIT_CARD_NO":"4210653312837854","APT_NO":"111","STREET_NAME":"Riverside Drive","CUST_CITY":"Jonesboro","CUST_STATE":"GA","CUST_COUNTRY":"United States","CUST_ZIP":"30236","CUST_PHONE":"(337)123-6561","CUST_EMAIL":"RHood@example.com","LAST_UPDATED":"2018-04-21T12:49:02.000-04:00"}
{"FIRST_NAME":"Bryant","MIDDLE_NAME":"troy","LAST_NAME":"Edwards","SSN":123454719,"CREDIT_CARD_NO":"4210653328659677","APT_NO":"730","STREET_NAME":"Maple Lane","CUST_CITY":"Poughkeepsie","CUST_STATE":"NY","CUST_COUNTRY":"United States","CUST_ZIP":"12601","CUST_PHONE":"(337)124-0303","CUST_EMAIL":"BEdwards@example.com","LAST_UPDATED":"2018-04-21T12:49:02.000-04:00"}
{"FIRST_NAME":"Russ","MIDDLE_NAME":"rosemarie","LAST_NAME":"Arellano","SSN":123454745,"CREDIT_CARD_NO":"4210653328786353","APT_NO":"399","STREET_NAME":"Lafayette Avenue","CUST_CITY":"Boston","CUST_STATE":"MA","CUST_COUNTRY":"United States","CUST_ZIP":"02127","CUST_PHONE":"(337)123-6889","CUST_EMAIL":"RArellano@example.com","LAST_UPDATED":"2018-04-21T12:49:02.000-04:00"}
{"FIRST_NAME":"Buford","MIDDLE_NAME":"elda","LAST_NAME":"Farrell","SSN":123454750,"CREDIT_CARD_NO":"4210653396887042","APT_NO":"630","STREET_NAME":"Rosewood Drive","CUST_CITY":"AllisonPark","CUST_STATE":"PA","CUST_COUNTRY":"United States","CUST_ZIP":"15101","CUST_PHONE":"(337)124-0369","CUST_EMAIL":"BFarrell@example.com","LAST_UPDATED":"2018-04-21T12:49:02.000-04:00"}
