{"FIRST_NAME":"Tobias","MIDDLE_NAME":"mauricio","LAST_NAME":"Arroyo","SSN":123453371,"CREDIT_CARD_NO":"4210653321832203","APT_NO":"616","STREET_NAME":"Route 70","CUST_CITY":"Marietta","CUST_STATE":"GA","CUST_COUNTRY":"United States","CUST_ZIP":"30008","CUST_PHONE":"(337)123-8207","CUST_EMAIL":"TArroyo@example.com","LAST_UPDATED":"2018-04-21T12:49:02.000-04:00"}
{"FIRST_NAME":"Nancy","MIDDLE_NAME":"jeannie","LAST_NAME":"Medrano","SSN":123453375,"CREDIT_CARD_NO":"4210653378239100","APT_NO":"273","STREET_NAME":"Essex Court","CUST_CITY":"DeerfieldBeach","CUST_STATE":"FL","CUST_COUNTRY":"United States","CUST_ZIP":"33442","CUST_PHONE":"(337)124-2917","CUST_EMAIL":"NMedrano@example.com","LAST_UPDATED":"2018-04-21T12:49:02.000-04:00"}
{"FIRST_NAME":"Winford","MIDDLE_NAME":"alyson","LAST_NAME":"Wagner","SSN":123453378,"CREDIT_CARD_NO":"4210653325562001","APT_NO":"87","STREET_NAME":"Prospect Street","CUST_CITY":"Jonesboro","CUST_STATE":"GA","CUST_COUNTRY":"United States","CUST_ZIP":"30236","CUST_PHONE":"(337)124-3162","CUST_EMAIL":"WWagner@example.com","LAST_UPDATED":"2018-04-21T12:49:02.000-04:00"}
{"FIRST_NAME":"Milford","MIDDLE_NAME":"anibal","LAST_NAME":"Cummings","SSN":123453395,"CREDIT_CARD_NO":"4210653383049785","APT_NO":"986","STREET_NAME":"Route 30","CUST_CITY":"Irvington","CUST_STATE":"NJ","CUST_COUNTRY":"United States","CUST_ZIP":"07111","CUST_PHONE":"(337)123-6258","CUST_EMAIL":"MCummings@example.com","LAST_UPDATED":"2018-04-21T12:49:02.000-04:00"}
{"FIRST_NAME":"Luke","MIDDLE_NAME":"dessie","LAST_NAME":"Pierson","SSN":123453403,"CREDIT_CARD_NO":"4210653368232771","APT_NO":"40","STREET_NAME":"Penn Street","CUST_CITY":"Baltimore","CUST_STATE":"MD","CUST_COUNTRY":"United States","CUST_ZIP":"21206","CUST_PHONE":"(337)124-0462","CUST_EMAIL":"LPierson@example.com","LAST_UPDATED":"2018-04-21T12:49:02.000-04:00"}
{"FIRST_NAME":"Monte","MIDDLE_NAME":"ana","LAST_NAME":"Mullins","SSN":123453411,"CREDIT_CARD_NO":"4210653320975035","APT_NO":"803","STREET_NAME":"Orange Street","CUST_CITY":"Hartsville","CUST_STATE":"SC","CUST_COUNTRY":"United States","CUST_ZIP":"29550","CUST_PHONE":"(337)123-4638","CUST_EMAIL":"MMullins@example.com","LAST_UPDATED":"2018-04-21T12:49:02.000-04:00"}
{"FIRST_NAME":"Kelley","MIDDLE_NAME":"joyce","LAST_NAME":"Bui","SSN":123453414,"CREDIT_CARD_NO":"4210653339683726","APT_NO":"399","STREET_NAME":"William Street","CUST_CITY":"Norfolk","CUST_STATE":"VA","CUST_COUNTRY":"United States","CUST_ZIP":"23503","CUST_PHONE":"(337)123-8077","CUST_EMAIL":"KBui@example.com","LAST_UPDATED":"2018-04-21T12:49:02.000-04:00"}
{"FIRST_NAME":"Blaine","MIDDLE_NAME":"herminia","LAST_NAME":"Rosales","SSN":123453438,"CREDIT_CARD_NO":"4210653379430189","APT_NO":"431","STREET_NAME":"3rd Street West","CUST_CITY":"Osseo","CUST_STATE":"MN","CUST_COUNTRY":"United States","CUST_ZIP":"55311","CUST_PHONE":"(337)123-9704","CUST_EMAIL":"BRosales@example.com","LAST_UPDATED":"2018-04-21T12:49:02.000-04:00"}
{"FIRST_NAME":"Katherine","MIDDLE_NAME":"harvey","LAST_NAME":"Ali","SSN":123453463,"CREDIT_CARD_NO":"4210653313070993","APT_NO":"413","STREET_NAME":"Hamilton Road","CUST_CITY":"Helena","CUST_STATE":"MT","CUST_COUNTRY":"United States","CUST_ZIP":"59601","CUST_PHONE":"(337)123-9467","CUST_EMAIL":"KAli@example.com","LAST_UPDATED":"2018-04-21T12:49:02.000-04:00"}
{"FIRST_NAME":"Kristopher","MIDDLE_NAME":"maribel","LAST_NAME":"Herbert","SSN":123453468,"CREDIT_CARD_NO":"4210653346013688","APT_NO":"769","STREET_NAME":"Park Street","CUST_CITY":"Rowlett","CUST_STATE":"TX","CUST_COUNTRY":"United States","CUST_ZIP":"75088","CUST_PHONE":"(337)124-0497","CUST_EMAIL":"KHerbert@example.com","LAST_UPDATED":"2018-04-21T12:49:02.000-04:00"}
{"FIRST_NAME":"Micah","MIDDLE_NAME":"milford","LAST_NAME":"Snyder","SSN":123453476,"CREDIT_CARD_NO":"4210653390771787","APT_NO":"126","STREET_NAME":"Magnolia Court","CUST_CITY":"Mundelein","CUST_STATE":"IL","CUST_COUNTRY":"United States","CUST_ZIP":"60060","CUST_PHONE":"(337)124-0366","CUST_EMAIL":"MSnyder@example.com","LAST_UPDATED":"2018-04-21T12:49:02.000-04:00"}
{"FIRST_NAME":"Phoebe","MIDDLE_NAME":"ali","LAST_NAME":"Martin","SSN":123453486,"CREDIT_CARD_NO":"4210653366110577","APT_NO":"268","STREET_NAME":"Evergreen Drive","CUST_CITY":"Plainview","CUST_STATE":"NY","CUST_COUNTRY":"United States","CUST_ZIP":"11803","CUST_PHONE":"(337)124-2392","CUST_EMAIL":"PMartin@example.com","LAST_UPDATED":"2018-04-21T12:49:02.000-04:00"}
{"FIRST_NAME":"Linda","MIDDLE_NAME":"lena","LAST_NAME":"Woods","SSN":123453487,"CREDIT_CARD_NO":"4210653375749209","APT_NO":"1","STREET_NAME":"Park Avenue","CUST_CITY":"WestChester","CUST_STATE":"PA","CUST_COUNTRY":"United States","CUST_ZIP":"19380","CUST_PHONE":"(337)123-9174","CUST_EMAIL":"LWoods@example.com","LAST_UPDATED":"2018-04-21T12:49:02.000-04:00"}
{"FIRST_NAME":"Fran","MIDDLE_NAME":"sabrina","LAST_NAME":"Vera","SSN":123453488,"CREDIT_CARD_NO":"4210653351622578","APT_NO":"155","STREET_NAME":"Crescent Street","CUST_CITY":"Irvington","CUST_STATE":"NJ","CUST_COUNTRY":"United States","CUST_ZIP":"07111","CUST_PHONE":"(337)124-0537","CUST_EMAIL":"FVera@example.com","LAST_UPDATED":"2018-04-21T12:49:02.000-04:00"}
{"FIRST_NAME":"Alison","MIDDLE_NAME":"madge","LAST_NAME":"Knapp","SSN":123453500,"CREDIT_CARD_NO":"4210653394768567","APT_NO":"772","STREET_NAME":"Clinton Street","CUST_CITY":"Nanuet","CUST_STATE":"NY","CUST_COUNTRY":"United States","CUST_ZIP":"10954","CUST_PHONE":"(337)124-2658","CUST_EMAIL":"AKnapp@example.com","LAST_UPDATED":"2018-04-21T12:49:02.000-04:00"}
{"FIRST_NAME":"Maria","MIDDLE_NAME":"marlene","LAST_NAME":"Manning","SSN":123453505,"CREDIT_CARD_NO":"4210653343988184","APT_NO":"506","STREET_NAME":"Circle Drive","CUST_CITY":"Owosso","CUST_STATE":"MI","CUST_COUNTRY":"United States","CUST_ZIP":"48867","CUST_PHONE":"(337)123-7741","CUST_EMAIL":"MManning@example.com","LAST_UPDATED":"2018-04-21T12:49:02.000-04:00"}
{"FIRST_NAME":"Susan","MIDDLE_NAME":"sherry","LAST_NAME":"Pickett","SSN":123453509,"CREDIT_CARD_NO":"4210653385932779","APT_NO":"889","STREET_NAME":"Forest Drive","CUST_CITY":"Redford","CUST_STATE":"MI","CUST_COUNTRY":"United States","CUST_ZIP":"48239","CUST_PHONE":"(337)123-9268","CUST_EMAIL":"SPickett@example.com","LAST_UPDATED":"2018-04-21T12:49:02.000-04:00"}
{"FIRST_NAME":"Beulah","MIDDLE_NAME":"winford","LAST_NAME":"Howe","SSN":123453520,"CREDIT_CARD_NO":"4210653323141413","APT_NO":"471","STREET_NAME":"6th Avenue","CUST_CITY":"Frederick","CUST_STATE":"MD","CUST_COUNTRY":"United States","CUST_ZIP":"21701","CUST_PHONE":"(337)123-5177","CUST_EMAIL":"BHowe@example.com","LAST_UPDATED":"2018-04-21T12:49:02.000-04:00"}
{"FIRST_NAME":"Elnora","MIDDLE_NAME":"beatrice","LAST_NAME":"North","SSN":123453534,"CREDIT_CARD_NO":"4210653316731195","APT_NO":"66","STREET_NAME":"Washington Avenue","CUST_CITY":"FernandinaBeach","CUST_STATE":"FL","CUST_COUNTRY":"United States","CUST_ZIP":"32034","CUST_PHONE":"(337)123-9786","CUST_EMAIL":"ENorth@example.com","LAST_UPDATED":"2018-04-21T12:49:02.000-04:00"}
{"FIRST_NAME":"Deandre","MIDDLE_NAME":"liz","LAST_NAME":"Keller","SSN":123453549,"CREDIT_CARD_NO":"4210653348611322","APT_NO":"106","STREET_NAME":"Church Street","CUST_CITY":"Teaneck","CUST_STATE":"NJ","CUST_COUNTRY":"United States","CUST_ZIP":"07666","CUST_PHONE":"(337)123-7593","CUST_EMAIL":"DKeller@example.com","LAST_UPDATED":"2018-04-21T12:49:02.000-04:00"}
{"FIRST_NAME":"Ambrose","MIDDLE_NAME":"iva","LAST_NAME":"Graves","SSN":123453565,"CREDIT_CARD_NO":"4210653317360015","APT_NO":"830","STREET_NAME":"Edgewood Road","CUST_CITY":"Wilmette","CUST_STATE":"IL","CUST_COUNTRY":"United States","CUST_ZIP":"60091","CUST_PHONE":"(337)124-3302","CUST_EMAIL":"AGraves@example.com","LAST_UPDATED":"2018-04-21T12:49:02.000-04:00"}
{"FIRST_NAME":"Weldon","MIDDLE_NAME":"rocky","LAST_NAME":"Miles","SSN":123453575,"CREDIT_CARD_NO":"4210653374555312","APT_NO":"889","STREET_NAME":"Circle Drive","CUST_CITY":"WinstonSalem","CUST_STATE":"NC","CUST_COUNTRY":"United States","CUST_ZIP":"27103","CUST_PHONE":"(337)124-2192","CUST_EMAIL":"WMiles@example.com","LAST_UPDATED":"2018-04-21T12:49:02.000-04:00"}
{"FIRST_NAME":"Janelle","MIDDLE_NAME":"lesley","LAST_NAME":"Joyner","SSN":123453579,"CREDIT_CARD_NO":"4210653360775978","APT_NO":"783","STREET_NAME":"Market Street","CUST_CITY":"Lititz","CUST_STATE":"PA","CUST_COUNTRY":"United States","CUST_ZIP":"17543","CUST_PHONE":"(337)123-9435","CUST_EMAIL":"JJoyner@example.com","LAST_UPDATED":"2018-04-21T12:49:02.000-04:00"}
{"FIRST_NAME":"Bridgette","MIDDLE_NAME":"kevin","LAST_NAME":"Conrad","SSN":123453600,"CREDIT_CARD_NO":"4210653325413371","APT_NO":"410","STREET_NAME":"Country Club Road","CUST_CITY":"Valrico","CUST_STATE":"FL","CUST_COUNTRY":"United States","CUST_ZIP":"33594","CUST_PHONE":"(337)123-6261","CUST_EMAIL":"BConrad@example.com","LAST_UPDATED":"2018-04-21T12:49:02.000-04:00"}
{"FIRST_NAME":"Buddy","MIDDLE_NAME":"justine","LAST_NAME":"Bergeron","SSN":123453604,"CREDIT_CARD_NO":"4210653347167031","APT_NO":"389","STREET_NAME":"Aspen Drive","CUST_CITY":"Baldwin","CUST_STATE":"NY","CUST_COUNTRY":"United States","CUST_ZIP":"11510","CUST_PHONE":"(337)124-2293","CUST_EMAIL":"BBergeron@example.com","LAST_UPDATED":"2018-04-21T12:49:02.000-04:00"}
{"FIRST_NAME":"Curtis","MIDDLE_NAME":"phyllis","LAST_NAME":"Cramer","SSN":123453605,"CREDIT_CARD_NO":"4210653363298691","APT_NO":"364","STREET_NAME":"Orange Street","CUST_CITY":"Lakeville","CUST_STATE":"MN","CUST_COUNTRY":"United States","CUST_ZIP":"55044","CUST_PHONE":"(337)123-4580","CUST_EMAIL":"CCramer@example.com","LAST_UPDATED":"2018-04-21T12:49:02.000-04:00"}
{"FIRST_NAME":"Dona","MIDDLE_NAME":"kim","LAST_NAME":"Day","SSN":123453610,"CREDIT_CARD_NO":"4210653343261817","APT_NO":"645","STREET_NAME":"Route 11","CUST_CITY":"Oviedo","CUST_STATE":"FL","CUST_COUNTRY":"United States","CUST_ZIP":"32765","CUST_PHONE":"(337)123-6508","CUST_EMAIL":"DDay@example.com","LAST_UPDATED":"2018-04-21T12:49:02.000-04:00"}
{"FIRST_NAME":"Suzette","MIDDLE_NAME":"merle","LAST_NAME":"Masters","SSN":123453623,"CREDIT_CARD_NO":"4210653379492990","APT_NO":"178","STREET_NAME":"Linden Avenue","CUST_CITY":"Harleysville","CUST_STATE":"PA","CUST_COUNTRY":"United States","CUST_ZIP":"19438","CUST_PHONE":"(337)124-1638","CUST_EMAIL":"SMasters@example.com","LAST_UPDATED":"2018-04-21T12:49:02.000-04:00"}
{"FIRST_NAME":"Luis","MIDDLE_NAME":"jade","LAST_NAME":"Otto","SSN":123453637,"CREDIT_CARD_NO":"4210653381826232","APT_NO":"74","STREET_NAME":"Walnut Street","CUST_CITY":"WestChester","CUST_STATE":"PA","CUST_COUNTRY":"United States","CUST_ZIP":"19380","CUST_PHONE":"(337)123-7900","CUST_EMAIL":"LOtto@example.com","LAST_UPDATED":"2018-04-21T12:49:02.000-04:00"}
{"FIRST_NAME":"Clarissa","MIDDLE_NAME":"herminia","LAST_NAME":"Parks","SSN":123453639,"CREDIT_CARD_NO":"4210653322758501","APT_NO":"734","STREET_NAME":"Dogwood Drive","CUST_CITY":"AllisonPark","CUST_STATE":"PA","CUST_COUNTRY":"United States","CUST_ZIP":"15101","CUST_PHONE":"(337)123-8595","CUST_EMAIL":"CParks@example.com","LAST_UPDATED":"2018-04-21T12:49:02.000-04:00"}
{"FIRST_NAME":"Collin","MIDDLE_NAME":"delbert","LAST_NAME":"Hunter","SSN":123453640,"CREDIT_CARD_NO":"4210653335697550","APT_NO":"517","STREET_NAME":"4th Street North","CUST_CITY":"Oviedo","CUST_STATE":"FL","CUST_COUNTRY":"United States","CUST_ZIP":"32765","CUST_PHONE":"(337)123-7312","CUST_EMAIL":"CHunter@example.com","LAST_UPDATED":"2018-04-21T12:49:02.000-04:00"}
{"FIRST_NAME":"Cassie","MIDDLE_NAME":"oscar","LAST_NAME":"Jimenez","SSN":123453646,"CREDIT_CARD_NO":"4210653389632018","APT_NO":"558","STREET_NAME":"Franklin Street","CUST_CITY":"FernandinaBeach","CUST_STATE":"FL","CUST_COUNTRY":"United States","CUST_ZIP":"32034","CUST_PHONE":"(337)123-7140","CUST_EMAIL":"CJimenez@example.com","LAST_UPDATED":"2018-04-21T12:49:02.000-04:00"}
{"FIRST_NAME":"Celia","MIDDLE_NAME":"graham","LAST_NAME":"Cordero","SSN":123453653,"CREDIT_CARD_NO":"4210653332855052","APT_NO":"822","STREET_NAME":"Mulberry Court","CUST_CITY":"Clermont","CUST_STATE":"FL","CUST_COUNTRY":"United States","CUST_ZIP":"34711","CUST_PHONE":"(337)123-5253","CUST_EMAIL":"CCordero@example.com","LAST_UPDATED":"2018-04-21T12:49:02.000-04:00"}
{"FIRST_NAME":"Harris","MIDDLE_NAME":"brain","LAST_NAME":"Puckett","SSN":123453679,"CREDIT_CARD_NO":"4210653362904443","APT_NO":"51","STREET_NAME":"College Avenue","CUST_CITY":"Kernersville","CUST_STATE":"NC","CUST_COUNTRY":"United States","CUST_ZIP":"27284","CUST_PHONE":"(337)123-4871","CUST_EMAIL":"HPuckett@example.com","LAST_UPDATED":"2018-04-21T12:49:02.000-04:00"}
{"FIRST_NAME":"Shayne","MIDDLE_NAME":"dusty","LAST_NAME":"Peralta","SSN":123453689,"CREDIT_CARD_NO":"4210653372603208","APT_NO":"679","STREET_NAME":"Forest Drive","CUST_CITY":"Suwanee","CUST_STATE":"GA","CUST_COUNTRY":"United States","CUST_ZIP":"30024","CUST_PHONE":"(337)123-7864","CUST_EMAIL":"SPeralta@example.com","LAST_UPDATED":"2018-04-21T12:49:02.000-04:00"}
{"FIRST_NAME":"Barrett","MIDDLE_NAME":"ronny","LAST_NAME":"Gunter","SSN":123453696,"CREDIT_CARD_NO":"4210653382641045","APT_NO":"324","STREET_NAME":"Devon Road","CUST_CITY":"Duluth","CUST_STATE":"GA","CUST_COUNTRY":"United States","CUST_ZIP":"30096","CUST_PHONE":"(337)123-7641","CUST_EMAIL":"BGunter@example.com","LAST_UPDATED":"2018-04-21T12:49:02.000-04:00"}
{"FIRST_NAME":"Marguerite","MIDDLE_NAME":"duane","LAST_NAME":"Schmidt","SSN":123453697,"CREDIT_CARD_NO":"4210653362839417","APT_NO":"127","STREET_NAME":"Fulton Street","CUST_CITY":"Syosset","CUST_STATE":"NY","CUST_COUNTRY":"United States","CUST_ZIP":"11791","CUST_PHONE":"(337)123-8406","CUST_EMAIL":"MSchmidt@example.com","LAST_UPDATED":"2018-04-21T12:49:02.000-04:00"}
{"FIRST_NAME":"Gwen","MIDDLE_NAME":"hilda","LAST_NAME":"Bernard","SSN":123453711,"CREDIT_CARD_NO":"4210653354685755","APT_NO":"571","STREET_NAME":"Church Street","CUST_CITY":"Brentwood","CUST_STATE":"NY","CUST_COUNTRY":"United States","CUST_ZIP":"11717","CUST_PHONE":"(337)124-1179","CUST_EMAIL":"GBernard@example.com","LAST_UPDATED":"2018-04-21T12:49:02.000-04:00"}
{"FIRST_NAME":"Sung","MIDDLE_NAME":"dominic","LAST_NAME":"Trejo","SSN":123453712,"CREDIT_CARD_NO":"4210653362929054","APT_NO":"468","STREET_NAME":"Church Road","CUST_CITY":"Grandville","CUST_STATE":"MI","CUST_COUNTRY":"United States","CUST_ZIP":"49418","CUST_PHONE":"(337)124-1422","CUST_EMAIL":"STrejo@example.com","LAST_UPDATED":"2018-04-21T12:49:02.000-04:00"}
{"FIRST_NAME":"Tracy","MIDDLE_NAME":"jacinto","LAST_NAME":"Ventura","SSN":123453717,"CREDIT_CARD_NO":"4210653345456852","APT_NO":"49","STREET_NAME":"Cleveland Street","CUST_CITY":"Stow","CUST_STATE":"OH","CUST_COUNTRY":"United States","CUST_ZIP":"44224","CUST_PHONE":"(337)124-0645","CUST_EMAIL":"TVentura@example.com","LAST_UPDATED":"2018-04-21T12:49:02.000-04:00"}
{"FIRST_NAME":"Hugh","MIDDLE_NAME":"mattie","LAST_NAME":"Prince","SSN":123453720,"CREDIT_CARD_NO":"4210653364315406","APT_NO":"828","STREET_NAME":"Arlington Avenue","CUST_CITY":"NewHaven","CUST_STATE":"CT","CUST_COUNTRY":"United States","CUST_ZIP":"06511","CUST_PHONE":"(337)123-7266","CUST_EMAIL":"HPrince@example.com","LAST_UPDATED":"2018-04-21T12:49:02.000-04:00"}
{"FIRST_NAME":"Maritza","MIDDLE_NAME":"warner","LAST_NAME":"Hays","SSN":123453723,"CREDIT_CARD_NO":"4210653321125592","APT_NO":"100","STREET_NAME":"Route 32","CUST_CITY":"Glendora","CUST_STATE":"CA","CUST_COUNTRY":"United States","CUST_ZIP":"91740","CUST_PHONE":"(337)124-2383","CUST_EMAIL":"MHays@example.com","LAST_UPDATED":"2018-04-21T12:49:02.000-04:00"}
{"FIRST_NAME":"Benjamin","MIDDLE_NAME":"boris","LAST_NAME":"Hartman","SSN":123453727,"CREDIT_CARD_NO":"4210653341176498","APT_NO":"802","STREET_NAME":"School Street","CUST_CITY":"MadisonHeights","CUST_STATE":"MI","CUST_COUNTRY":"United States","CUST_ZIP":"48071","CUST_PHONE":"(337)123-8636","CUST_EMAIL":"BHartman@example.com","LAST_UPDATED":"2018-04-21T12:49:02.000-04:00"}
{"FIRST_NAME":"Deloris","MIDDLE_NAME":"jerrold","LAST_NAME":"Davila","SSN":123453728,"CREDIT_CARD_NO":"4210653349000038","APT_NO":"924","STREET_NAME":"Spring Street","CUST_CITY":"Hempstead","CUST_STATE":"NY","CUST_COUNTRY":"United States","CUST_ZIP":"11550","CUST_PHONE":"(337)123-9049","CUST_EMAIL":"DDavila@example.com","LAST_UPDATED":"2018-04-21T12:49:02.000-04:00"}
{"FIRST_NAME":"Hillary","MIDDLE_NAME":"emilie","LAST_NAME":"Medrano","SSN":123453747,"CREDIT_CARD_NO":"4210653368545581","APT_NO":"86","STREET_NAME":"Franklin Avenue","CUST_CITY":"Reidsville","CUST_STATE":"NC","CUST_COUNTRY":"United States","CUST_ZIP":"27320","CUST_PHONE":"(337)123-6400","CUST_EMAIL":"HMedrano@example.com","LAST_UPDATED":"2018-04-21T12:49:02.000-04:00"}
{"FIRST_NAME":"Ernie","MIDDLE_NAME":"leland","LAST_NAME":"Macdonald","SSN":123453755,"CREDIT_CARD_NO":"4210653363170610","APT_NO":"387","STREET_NAME":"Essex Court","CUST_CITY":"ElPaso","CUST_STATE":"TX","CUST_COUNTRY":"United States","CUST_ZIP":"79930","CUST_PHONE":"(337)124-1898","CUST_EMAIL":"EMacdonald@example.com","LAST_UPDATED":"2018-04-21T12:49:02.000-04:00"}
{"FIRST_NAME":"Mose","MIDDLE_NAME":"wilda","LAST_NAME":"Hatch","SSN":123453756,"CREDIT_CARD_NO":"4210653364240213","APT_NO":"532","STREET_NAME":"Heather Court","CUST_CITY":"Mundelein","CUST_STATE":"IL","CUST_COUNTRY":"United States","CUST_ZIP":"60060","CUST_PHONE":"(337)124-2737","CUST_EMAIL":"MHatch@example.com","LAST_UPDATED":"2018-04-21T12:49:02.000-04:00"}
{"FIRST_NAME":"Phil","MIDDLE_NAME":"maurice","LAST_NAME":"Moore","SSN":123453757,"CREDIT_CARD_NO":"4210653389061061","APT_NO":"635","STREET_NAME":"Lantern Lane","CUST_CITY":"SiouxCity","CUST_STATE":"IA","CUST_COUNTRY":"United States","CUST_ZIP":"51106","CUST_PHONE":"(337)123-4729","CUST_EMAIL":"PMoore@example.com","LAST_UPDATED":"2018-04-21T12:49:02.000-04:00"}
{"FIRST_NAME":"Milan","MIDDLE_NAME":"gussie","LAST_NAME":"Butler","SSN":123453758,"CREDIT_CARD_NO":"4210653379454627","APT_NO":"424","STREET_NAME":"West Street","CUST_CITY":"Trenton","CUST_STATE":"NJ","CUST_COUNTRY":"United States","CUST_ZIP":"08610","CUST_PHONE":"(337)124-1300","CUST_EMAIL":"MButler@example.com","LAST_UPDATED":"2018-04-21T12:49:02.000-04:00"}
{"FIRST_NAME":"Russ","MIDDLE_NAME":"rex","LAST_NAME":"Rodriguez","SSN":123453762,"CREDIT_CARD_NO":"4210653335940340","APT_NO":"378","STREET_NAME":"Route 32","CUST_CITY":"Ashland","CUST_STATE":"OH","CUST_COUNTRY":"United States","CUST_ZIP":"44805","CUST_PHONE":"(337)123-7162","CUST_EMAIL":"RRodriguez@example.com","LAST_UPDATED":"2018-04-21T12:49:02.000-04:00"}
{"FIRST_NAME":"Eugenio","MIDDLE_NAME":"randall","LAST_NAME":"Pearson","SSN":123453765,"CREDIT_CARD_NO":"4210653344121779","APT_NO":"769","STREET_NAME":"4th Street","CUST_CITY":"Bartlett","CUST_STATE":"IL","CUST_COUNTRY":"United States","CUST_ZIP":"60103","CUST_PHONE":"(337)124-0632","CUST_EMAIL":"EPearson@example.com","LAST_UPDATED":"2018-04-21T12:49:02.000-04:00"}
{"FIRST_NAME":"Jess","MIDDLE_NAME":"debbie","LAST_NAME":"Blanco","SSN":123453781,"CREDIT_CARD_NO":"4210653330922835","APT_NO":"113","STREET_NAME":"Cooper Street","CUST_CITY":"Oviedo","CUST_STATE":"FL","CUST_COUNTRY":"United States","CUST_ZIP":"32765","CUST_PHONE":"(337)124-3314","CUST_EMAIL":"JBlanco@example.com","LAST_UPDATED":"2018-04-21T12:49:02.000-04:00"}
{"FIRST_NAME":"Shari","MIDDLE_NAME":"mildred","LAST_NAME":"Coulter","SSN":123453796,"CREDIT_CARD_NO":"4210653312952302","APT_NO":"824","STREET_NAME":"Fawn Lane","CUST_CITY":"Torrance","CUST_STATE":"CA","CUST_COUNTRY":"United States","CUST_ZIP":"90505","CUST_PHONE":"(337)124-1213","CUST_EMAIL":"SCoulter@example.com","LAST_UPDATED":"2018-04-21T12:49:02.000-04:00"}
{"FIRST_NAME":"Rodrigo","MIDDLE_NAME":"josefa","LAST_NAME":"Renteria","SSN":123453798,"CREDIT_CARD_NO":"4210653332958550","APT_NO":"376","STREET_NAME":"5th Street East","CUST_CITY":"Chaska","CUST_STATE":"MN","CUST_COUNTRY":"United States","CUST_ZIP":"55318","CUST_PHONE":"(337)123-9959","CUST_EMAIL":"RRenteria@example.com","LAST_UPDATED":"2018-04-21T12:49:02.000-04:00"}
{"FIRST_NAME":"Parker","MIDDLE_NAME":"arnulfo","LAST_NAME":"Tidwell","SSN":123453807,"CREDIT_CARD_NO":"4210653312021765","APT_NO":"649","STREET_NAME":"Eagle Road","CUST_CITY":"WestChester","CUST_STATE":"PA","CUST_COUNTRY":"United States","CUST_ZIP":"19380","CUST_PHONE":"(337)123-5067","CUST_EMAIL":"PTidwell@example.com","LAST_UPDATED":"2018-04-21T12:49:02.000-04:00"}
{"FIRST_NAME":"Joseph","MIDDLE_NAME":"beatrice","LAST_NAME":"Huang","SSN":123453810,"CREDIT_CARD_NO":"4210653355979182","APT_NO":"783","STREET_NAME":"Franklin Avenue","CUST_CITY":"Independence","CUST_STATE":"KY","CUST_COUNTRY":"United States","CUST_ZIP":"41051","CUST_PHONE":"(337)123-7325","CUST_EMAIL":"JHuang@example.com","LAST_UPDATED":"2018-04-21T12:49:02.000-04:00"}
{"FIRST_NAME":"Jonathan","MIDDLE_NAME":"dewitt","LAST_NAME":"Hart","SSN":123453811,"CREDIT_CARD_NO":"4210653349795969","APT_NO":"598","STREET_NAME":"Pearl Street","CUST_CITY":"Williamsburg","CUST_STATE":"VA","CUST_COUNTRY":"United States","CUST_ZIP":"23185","CUST_PHONE":"(337)124-0382","CUST_EMAIL":"JHart@example.com","LAST_UPDATED":"2018-04-21T12:49:02.000-04:00"}
{"FIRST_NAME":"Wesley","MIDDLE_NAME":"cary","LAST_NAME":"Key","SSN":123453814,"CREDIT_CARD_NO":"4210653330553768","APT_NO":"935","STREET_NAME":"Vine Street","CUST_CITY":"Poughkeepsie","CUST_STATE":"NY","CUST_COUNTRY":"United States","CUST_ZIP":"12601","CUST_PHONE":"(337)124-1029","CUST_EMAIL":"WKey@example.com","LAST_UPDATED":"2018-04-21T12:49:02.000-04:00"}
{"FIRST_NAME":"Brianna","MIDDLE_NAME":"francesco","LAST_NAME":"Ames","SSN":123453831,"CREDIT_CARD_NO":"4210653369416625","APT_NO":"832","STREET_NAME":"8th Street","CUST_CITY":"Loganville","CUST_STATE":"GA","CUST_COUNTRY":"United States","CUST_ZIP":"30052","CUST_PHONE":"(337)123-7635","CUST_EMAIL":"BAmes@example.com","LAST_UPDATED":"2018-04-21T12:49:02.000-04:00"}
{"FIRST_NAME":"Wendy","MIDDLE_NAME":"ora","LAST_NAME":"Hurley","SSN":123453875,"CREDIT_CARD_NO":"4210653310459911","APT_NO":"728","STREET_NAME":"Oxford Court","CUST_CITY":"Duarte","CUST_STATE":"CA","CUST_COUNTRY":"United States","CUST_ZIP":"91010","CUST_PHONE":"(337)123-8213","CUST_EMAIL":"WHurley@example.com","LAST_UPDATED":"2018-04-21T12:49:02.000-04:00"}
{"FIRST_NAME":"Lonnie","MIDDLE_NAME":"anibal","LAST_NAME":"Alford","SSN":123453881,"CREDIT_CARD_NO":"4210653316694706","APT_NO":"202","STREET_NAME":"Highland Avenue","CUST_CITY":"Sykesville","CUST_STATE":"MD","CUST_COUNTRY":"United States","CUST_ZIP":"21784","CUST_PHONE":"(337)124-1627","CUST_EMAIL":"LAlford@example.com","LAST_UPDATED":"2018-04-21T12:49:02.000-04:00"}
{"FIRST_NAME":"Nickolas","MIDDLE_NAME":"efren","LAST_NAME":"Rice","SSN":123453904,"CREDIT_CARD_NO":"4210653369449857","APT_NO":"723","STREET_NAME":"Hillcrest Avenue","CUST_CITY":"Stow","CUST_STATE":"OH","CUST_COUNTRY":"United States","CUST_ZIP":"44224","CUST_PHONE":"(337)123-7736","CUST_EMAIL":"NRice@example.com","LAST_UPDATED":"2018-04-21T12:49:02.000-04:00"}
{"FIRST_NAME":"Brooke","MIDDLE_NAME":"kathryn","LAST_NAME":"Mcconnell","SSN":123453907,"CREDIT_CARD_NO":"4210653380913427","APT_NO":"501","STREET_NAME":"Cemetery Road","CUST_CITY":"Medford","CUST_STATE":"MA","CUST_COUNTRY":"United States","CUST_ZIP":"02155","CUST_PHONE":"(337)123-8154","CUST_EMAIL":"BMcconnell@example.com","LAST_UPDATED":"2018-04-21T12:49:02.000-04:00"}
{"FIRST_NAME":"Alicia","MIDDLE_NAME":"jenny","LAST_NAME":"Bolton","SSN":123453919,"CREDIT_CARD_NO":"4210653364949545","APT_NO":"584","STREET_NAME":"Forest Street","CUST_CITY":"Lombard","CUST_STATE":"IL","CUST_COUNTRY":"United States","CUST_ZIP":"60148","CUST_PHONE":"(337)123-6627","CUST_EMAIL":"ABolton@example.com","LAST_UPDATED":"2018-04-21T12:49:02.000-04:00"}
{"FIRST_NAME":"Gabriel","MIDDLE_NAME":"gale","LAST_NAME":"Mack","SSN":123453940,"CREDIT_CARD_NO":"4210653357921914","APT_NO":"617","STREET_NAME":"West Avenue","CUST_CITY":"Valrico","CUST_STATE":"FL","CUST_COUNTRY":"United States","CUST_ZIP":"33594","CUST_PHONE":"(337)123-4859","CUST_EMAIL":"GMack@example.com","LAST_UPDATED":"2018-04-21T12:49:02.000-04:00"}
{"FIRST_NAME":"Clifford","MIDDLE_NAME":"courtney","LAST_NAME":"Souza","SSN":123453942,"CREDIT_CARD_NO":"4210653344763058","APT_NO":"880","STREET_NAME":"Hilltop Road","CUST_CITY":"Fenton","CUST_STATE":"MI","CUST_COUNTRY":"United States","CUST_ZIP":"48430","CUST_PHONE":"(337)124-1962","CUST_EMAIL":"CSouza@example.com","LAST_UPDATED":"2018-04-21T12:49:02.000-04:00"}
{"FIRST_NAME":"Jake","MIDDLE_NAME":"art","LAST_NAME":"Mayo","SSN":123453956,"CREDIT_CARD_NO":"4210653360937265","APT_NO":"963","STREET_NAME":"Ridge Road","CUST_CITY":"Glendora","CUST_STATE":"CA","CUST_COUNTRY":"United States","CUST_ZIP":"91740","CUST_PHONE":"(337)124-2064","CUST_EMAIL":"JMayo@example.com","LAST_UPDATED":"2018-04-21T12:49:02.000-04:00"}
{"FIRST_NAME":"Titus","MIDDLE_NAME":"antone","LAST_NAME":"Sharpe","SSN":123453966,"CREDIT_CARD_NO":"4210653314044121","APT_NO":"471","STREET_NAME":"Lake Avenue","CUST_CITY":"Conyers","CUST_STATE":"GA","CUST_COUNTRY":"United States","CUST_ZIP":"30012","CUST_PHONE":"(337)123-6528","CUST_EMAIL":"TSharpe@example.com","LAST_UPDATED":"2018-04-21T12:49:02.000-04:00"}
{"FIRST_NAME":"Numbers","MIDDLE_NAME":"virgie","LAST_NAME":"Post","SSN":123453981,"CREDIT_CARD_NO":"4210653336258157","APT_NO":"976","STREET_NAME":"Church Street South","CUST_CITY":"LaCrosse","CUST_STATE":"WI","CUST_COUNTRY":"United States","CUST_ZIP":"54601","CUST_PHONE":"(337)124-2724","CUST_EMAIL":"NPost@example.com","LAST_UPDATED":"2018-04-21T12:49:02.000-04:00"}
{"FIRST_NAME":"Pearlie","MIDDLE_NAME":"janna","LAST_NAME":"Powers","SSN":123453984,"CREDIT_CARD_NO":"4210653325115597","APT_NO":"539","STREET_NAME":"Victoria Court","CUST_CITY":"Andover","CUST_STATE":"MA","CUST_COUNTRY":"United States","CUST_ZIP":"01810","CUST_PHONE":"(337)123-7776","CUST_EMAIL":"PPowers@example.com","LAST_UPDATED":"2018-04-21T12:49:02.000-04:00"}
{"FIRST_NAME":"Marina","MIDDLE_NAME":"bernard","LAST_NAME":"Lutz","SSN":123453985,"CREDIT_CARD_NO":"4210653384046762","APT_NO":"315","STREET_NAME":"Colonial Drive","CUST_CITY":"Osseo","CUST_STATE":"MN","CUST_COUNTRY":"United States","CUST_ZIP":"55311","CUST_PHONE":"(337)123-8646","CUST_EMAIL":"MLutz@example.com","LAST_UPDATED":"2018-04-21T12:49:02.000-04:00"}
{"FIRST_NAME":"Elden","MIDDLE_NAME":"carolina","LAST_NAME":"Murphy","SSN":123453988,"CREDIT_CARD_NO":"4210653312535133","APT_NO":"760","STREET_NAME":"Madison Court","CUST_CITY":"Torrance","CUST_STATE":"CA","CUST_COUNTRY":"United States","CUST_ZIP":"90505","CUST_PHONE":"(337)123-7126","CUST_EMAIL":"EMurphy@example.com","LAST_UPDATED":"2018-04-21T12:49:02.000-04:00"}
{"FIRST_NAME":"Calvin","MIDDLE_NAME":"angelo","LAST_NAME":"Hilliard","SSN":123454003,"CREDIT_CARD_NO":"4210653315377872","APT_NO":"757","STREET_NAME":"Parker Street","CUST_CITY":"Osseo","CUST_STATE":"MN","CUST_COUNTRY":"United States","CUST_ZIP":"55311","CUST_PHONE":"(337)123-6666","CUST_EMAIL":"CHilliard@example.com","LAST_UPDATED":"2018-04-21T12:49:02.000-04:00"}
{"FIRST_NAME":"Leonardo","MIDDLE_NAME":"jayne","LAST_NAME":"Richter","SSN":123454005,"CREDIT_CARD_NO":"4210653339637963","APT_NO":"821","STREET_NAME":"Dogwood Drive","CUST_CITY":"Marietta","CUST_STATE":"GA","CUST_COUNTRY":"United States","CUST_ZIP":"30008","CUST_PHONE":"(337)123-5212","CUST_EMAIL":"LRichter@example.com","LAST_UPDATED":"2018-04-21T12:49:02.000-04:00"}
{"FIRST_NAME":"Joanne","MIDDLE_NAME":"laurence","LAST_NAME":"Hampton","SSN":123454006,"CREDIT_CARD_NO":"4210653313938481","APT_NO":"605","STREET_NAME":"3rd Street","CUST_CITY":"Bethesda","CUST_STATE":"MD","CUST_COUNTRY":"United States","CUST_ZIP":"20814","CUST_PHONE":"(337)123-8964","CUST_EMAIL":"JHampton@example.com","LAST_UPDATED":"2018-04-21T12:49:02.000-04:00"}
{"FIRST_NAME":"Stacy","MIDDLE_NAME":"arnold","LAST_NAME":"Wilson","SSN":123454024,"CREDIT_CARD_NO":"4210653335400351","APT_NO":"567","STREET_NAME":"Elizabeth Street","CUST_CITY":"Wilmette","CUST_STATE":"IL","CUST_COUNTRY":"United States","CUST_ZIP":"60091","CUST_PHONE":"(337)124-1085","CUST_EMAIL":"SWilson@example.com","LAST_UPDATED":"2018-04-21T12:49:02.000-04:00"}
{"FIRST_NAME":"Rupert","MIDDLE_NAME":"jerrod","LAST_NAME":"Rosen","SSN":123454026,"CREDIT_CARD_NO":"4210653335426103","APT_NO":"187","STREET_NAME":"Oak Avenue","CUST_CITY":"Mechanicsburg","CUST_STATE":"PA","CUST_COUNTRY":"United States","CUST_ZIP":"17050","CUST_PHONE":"(337)123-8517","CUST_EMAIL":"RRosen@example.com","LAST_UPDATED":"2018-04-21T12:49:02.000-04:00"}
{"FIRST_NAME":"Emery","MIDDLE_NAME":"susanna","LAST_NAME":"Beatty","SSN":123454047,"CREDIT_CARD_NO":"4210653399859149","APT_NO":"15","STREET_NAME":"8th Street","CUST_CITY":"Rowlett","CUST_STATE":"TX","CUST_COUNTRY":"United States","CUST_ZIP":"75088","CUST_PHONE":"(337)123-6886","CUST_EMAIL":"EBeatty@example.com","LAST_UPDATED":"2018-04-21T12:49:02.000-04:00"}
{"FIRST_NAME":"Stephen","MIDDLE_NAME":"prince","LAST_NAME":"Dang","SSN":123454064,"CREDIT_CARD_NO":"4210653317157493","APT_NO":"197","STREET_NAME":"Wall Street","CUST_CITY":"Grandville","CUST_STATE":"MI","CUST_COUNTRY":"United States","CUST_ZIP":"49418","CUST_PHONE":"(337)123-7680","CUST_EMAIL":"SDang@example.com","LAST_UPDATED":"2018-04-21T12:49:02.000-04:00"}
