{"FIRST_NAME":"Mercedes","MIDDLE_NAME":"rena","LAST_NAME":"Saldana","SSN":123457037,"CREDIT_CARD_NO":"4210653374816736","APT_NO":"576","STREET_NAME":"Hickory Street","CUST_CITY":"Racine","CUST_STATE":"WI","CUST_COUNTRY":"United States","CUST_ZIP":"53402","CUST_PHONE":"(337)123-7743","CUST_EMAIL":"MSaldana@example.com","LAST_UPDATED":"2018-04-21T12:49:02.000-04:00"}
{"FIRST_NAME":"Branden","MIDDLE_NAME":"bette","LAST_NAME":"Walden","SSN":123457044,"CREDIT_CARD_NO":"4210653363285266","APT_NO":"747","STREET_NAME":"9th Street","CUST_CITY":"Brentwood","CUST_STATE":"NY","CUST_COUNTRY":"United States","CUST_ZIP":"11717","CUST_PHONE":"(337)124-1299","CUST_EMAIL":"BWalden@example.com","LAST_UPDATED":"2018-04-21T12:49:02.000-04:00"}
{"FIRST_NAME":"Judson","MIDDLE_NAME":"lauri","LAST_NAME":"Macias","SSN":123457047,"CREDIT_CARD_NO":"4210653387378802","APT_NO":"801","STREET_NAME":"Summit Avenue","CUST_CITY":"Natchez","CUST_STATE":"MS","CUST_COUNTRY":"United States","CUST_ZIP":"39120","CUST_PHONE":"(337)124-0476","CUST_EMAIL":"JMacias@example.com","LAST_UPDATED":"2018-04-21T12:49:02.000-04:00"}
{"FIRST_NAME":"Omer","MIDDLE_NAME":"lauri","LAST_NAME":"Dickinson","SSN":123457054,"CREDIT_CARD_NO":"4210653390959197","APT_NO":"731","STREET_NAME":"Cross Street","CUST_CITY":"Natchez","CUST_STATE":"MS","CUST_COUNTRY":"United States","CUST_ZIP":"39120","CUST_PHONE":"(337)123-6684","CUST_EMAIL":"ODickinson@example.com","LAST_UPDATED":"2018-04-21T12:49:02.000-04:00"}
{"FIRST_NAME":"Antony","MIDDLE_NAME":"mona","LAST_NAME":"Glover","SSN":123457068,"CREDIT_CARD_NO":"4210653388557910","APT_NO":"58","STREET_NAME":"Walnut Avenue","CUST_CITY":"BuffaloGrove","CUST_STATE":"IL","CUST_COUNTRY":"United States","CUST_ZIP":"60089","CUST_PHONE":"(337)124-1119","CUST_EMAIL":"AGlover@example.com","LAST_UPDATED":"2018-04-21T12:49:02.000-04:00"}
{"FIRST_NAME":"Lorrie","MIDDLE_NAME":"lorna","LAST_NAME":"Whitfield","SSN":123457070,"CREDIT_CARD_NO":"4210653317772173","APT_NO":"335","STREET_NAME":"Broad Street West","CUST_CITY":"Grandville","CUST_STATE":"MI","CUST_COUNTRY":"United States","CUST_ZIP":"49418","CUST_PHONE":"(337)124-0248","CUST_EMAIL":"LWhitfield@example.com","LAST_UPDATED":"2018-04-21T12:49:02.000-04:00"}
{"FIRST_NAME":"Fern","MIDDLE_NAME":"aron","LAST_NAME":"Block","SSN":123457088,"CREDIT_CARD_NO":"4210653399650358","APT_NO":"470","STREET_NAME":"Glenwood Avenue","CUST_CITY":"Summerville","CUST_STATE":"SC","CUST_COUNTRY":"United States","CUST_ZIP":"29483","CUST_PHONE":"(337)124-0420","CUST_EMAIL":"FBlock@example.com","LAST_UPDATED":"2018-04-21T12:49:02.000-04:00"}
{"FIRST_NAME":"Michell","MIDDLE_NAME":"pearl","LAST_NAME":"Mosley","SSN":123457093,"CREDIT_CARD_NO":"4210653357523044","APT_NO":"436","STREET_NAME":"8th Avenue","CUST_CITY":"Davenport","CUST_STATE":"IA","CUST_COUNTRY":"United States","CUST_ZIP":"52804","CUST_PHONE":"(337)123-6482","CUST_EMAIL":"MMosley@example.com","LAST_UPDATED":"2018-04-21T12:49:02.000-04:00"}
{"FIRST_NAME":"Jeanne","MIDDLE_NAME":"leslie","LAST_NAME":"Washington","SSN":123457094,"CREDIT_CARD_NO":"4210653397590172","APT_NO":"836","STREET_NAME":"Lakeview Drive","CUST_CITY":"Defiance","CUST_STATE":"OH","CUST_COUNTRY":"United States","CUST_ZIP":"43512","CUST_PHONE":"(337)123-6459","CUST_EMAIL":"JWashington@example.com","LAST_UPDATED":"2018-04-21T12:49:02.000-04:00"}
{"FIRST_NAME":"Johnathan","MIDDLE_NAME":"dominique","LAST_NAME":"Wallace","SSN":123457108,"CREDIT_CARD_NO":"4210653345533381","APT_NO":"350","STREET_NAME":"Cottage Street","CUST_CITY":"Tacoma","CUST_STATE":"WA","CUST_COUNTRY":"United States","CUST_ZIP":"98444","CUST_PHONE":"(337)124-2815","CUST_EMAIL":"JWallace@example.com","LAST_UPDATED":"2018-04-21T12:49:02.000-04:00"}
{"FIRST_NAME":"Dusty","MIDDLE_NAME":"helen","LAST_NAME":"Lloyd","SSN":123457128,"CREDIT_CARD_NO":"4210653351431169","APT_NO":"947","STREET_NAME":"Catherine Street","CUST_CITY":"Andover","CUST_STATE":"MA","CUST_COUNTRY":"United States","CUST_ZIP":"01810","CUST_PHONE":"(337)123-7838","CUST_EMAIL":"DLloyd@example.com","LAST_UPDATED":"2018-04-21T12:49:02.000-04:00"}
{"FIRST_NAME":"Garret","MIDDLE_NAME":"adrienne","LAST_NAME":"Roy","SSN":123457129,"CREDIT_CARD_NO":"4210653352282525","APT_NO":"794","STREET_NAME":"Lexington Court","CUST_CITY":"Bartlett","CUST_STATE":"IL","CUST_COUNTRY":"United States","CUST_ZIP":"60103","CUST_PHONE":"(337)124-1334","CUST_EMAIL":"GRoy@example.com","LAST_UPDATED":"2018-04-21T12:49:02.000-04:00"}
{"FIRST_NAME":"Michele","MIDDLE_NAME":"humberto","LAST_NAME":"Kearney","SSN":123457132,"CREDIT_CARD_NO":"4210653361883963","APT_NO":"226","STREET_NAME":"Devon Court","CUST_CITY":"Summerville","CUST_STATE":"SC","CUST_COUNTRY":"United States","CUST_ZIP":"29483","CUST_PHONE":"(337)124-2638","CUST_EMAIL":"MKearney@example.com","LAST_UPDATED":"2018-04-21T12:49:02.000-04:00"}
{"FIRST_NAME":"Blair","MIDDLE_NAME":"antone","LAST_NAME":"Ware","SSN":123457139,"CREDIT_CARD_NO":"4210653396189363","APT_NO":"109","STREET_NAME":"Linden Street","CUST_CITY":"Natchez","CUST_STATE":"MS","CUST_COUNTRY":"United States","CUST_ZIP":"39120","CUST_PHONE":"(337)124-2316","CUST_EMAIL":"BWare@example.com","LAST_UPDATED":"2018-04-21T12:49:02.000-04:00"}
{"FIRST_NAME":"Brendan","MIDDLE_NAME":"marian","LAST_NAME":"Egan","SSN":123457143,"CREDIT_CARD_NO":"4210653340852347","APT_NO":"402","STREET_NAME":"Maple Avenue","CUST_CITY":"Wethersfield","CUST_STATE":"CT","CUST_COUNTRY":"United States","CUST_ZIP":"06109","CUST_PHONE":"(337)123-5508","CUST_EMAIL":"BEgan@example.com","LAST_UPDATED":"2018-04-21T12:49:02.000-04:00"}
{"FIRST_NAME":"Harley","MIDDLE_NAME":"gino","LAST_NAME":"Terry","SSN":123457148,"CREDIT_CARD_NO":"4210653372203281","APT_NO":"333","STREET_NAME":"5th Street","CUST_CITY":"Summerville","CUST_STATE":"SC","CUST_COUNTRY":"United States","CUST_ZIP":"29483","CUST_PHONE":"(337)124-2167","CUST_EMAIL":"HTerry@example.com","LAST_UPDATED":"2018-04-21T12:49:02.000-04:00"}
{"FIRST_NAME":"Garrett","MIDDLE_NAME":"cleo","LAST_NAME":"Mendez","SSN":123457149,"CREDIT_CARD_NO":"4210653365828801","APT_NO":"68","STREET_NAME":"4th Avenue","CUST_CITY":"Granger","CUST_STATE":"IN","CUST_COUNTRY":"United States","CUST_ZIP":"46530","CUST_PHONE":"(337)124-1074","CUST_EMAIL":"GMendez@example.com","LAST_UPDATED":"2018-04-21T12:49:02.000-04:00"}
{"FIRST_NAME":"Robt","MIDDLE_NAME":"nanette","LAST_NAME":"Sheppard","SSN":123457152,"CREDIT_CARD_NO":"4210653317717426","APT_NO":"508","STREET_NAME":"Sheffield Drive","CUST_CITY":"Kernersville","CUST_STATE":"NC","CUST_COUNTRY":"United States","CUST_ZIP":"27284","CUST_PHONE":"(337)124-1281","CUST_EMAIL":"RSheppard@example.com","LAST_UPDATED":"2018-04-21T12:49:02.000-04:00"}
{"FIRST_NAME":"Vern","MIDDLE_NAME":"antony","LAST_NAME":"Valentine","SSN":123457155,"CREDIT_CARD_NO":"4210653345270649","APT_NO":"62","STREET_NAME":"Sunset Avenue","CUST_CITY":"Midlothian","CUST_STATE":"VA","CUST_COUNTRY":"United States","CUST_ZIP":"23112","CUST_PHONE":"(337)123-9736","CUST_EMAIL":"VValentine@example.com","LAST_UPDATED":"2018-04-21T12:49:02.000-04:00"}
{"FIRST_NAME":"Faustino","MIDDLE_NAME":"nell","LAST_NAME":"Knapp","SSN":123457171,"CREDIT_CARD_NO":"4210653328506583","APT_NO":"985","STREET_NAME":"Cleveland Avenue","CUST_CITY":"Cary","CUST_STATE":"NC","CUST_COUNTRY":"United States","CUST_ZIP":"27511","CUST_PHONE":"(337)123-8513","CUST_EMAIL":"FKnapp@example.com","LAST_UPDATED":"2018-04-21T12:49:02.000-04:00"}
{"FIRST_NAME":"Geraldo","MIDDLE_NAME":"cecile","LAST_NAME":"Maynard","SSN":123457184,"CREDIT_CARD_NO":"4210653389707894","APT_NO":"246","STREET_NAME":"Front Street South","CUST_CITY":"Harrisonburg","CUST_STATE":"VA","CUST_COUNTRY":"United States","CUST_ZIP":"22801","CUST_PHONE":"(337)123-6223","CUST_EMAIL":"GMaynard@example.com","LAST_UPDATED":"2018-04-21T12:49:02.000-04:00"}
{"FIRST_NAME":"Joaquin","MIDDLE_NAME":"marjorie","LAST_NAME":"Fernandez","SSN":123457191,"CREDIT_CARD_NO":"4210653393940239","APT_NO":"758","STREET_NAME":"2nd Street North","CUST_CITY":"Levittown","CUST_STATE":"NY","CUST_COUNTRY":"United States","CUST_ZIP":"11756","CUST_PHONE":"(337)124-1168","CUST_EMAIL":"JFernandez@example.com","LAST_UPDATED":"2018-04-21T12:49:02.000-04:00"}
{"FIRST_NAME":"Sonny","MIDDLE_NAME":"dale","LAST_NAME":"Cramer","SSN":123457200,"CREDIT_CARD_NO":"4210653370776773","APT_NO":"949","STREET_NAME":"Strawberry Lane","CUST_CITY":"Rowlett","CUST_STATE":"TX","CUST_COUNTRY":"United States","CUST_ZIP":"75088","CUST_PHONE":"(337)123-5474","CUST_EMAIL":"SCramer@example.com","LAST_UPDATED":"2018-04-21T12:49:02.000-04:00"}
{"FIRST_NAME":"Darell","MIDDLE_NAME":"booker","LAST_NAME":"Rodriguez","SSN":123457217,"CREDIT_CARD_NO":"4210653396932160","APT_NO":"557","STREET_NAME":"4th Street North","CUST_CITY":"Kernersville","CUST_STATE":"NC","CUST_COUNTRY":"United States","CUST_ZIP":"27284","CUST_PHONE":"(337)124-2631","CUST_EMAIL":"DRodriguez@example.com","LAST_UPDATED":"2018-04-21T12:49:02.000-04:00"}
{"FIRST_NAME":"Tabitha","MIDDLE_NAME":"rufus","LAST_NAME":"Lim","SSN":123457227,"CREDIT_CARD_NO":"4210653354651418","APT_NO":"646","STREET_NAME":"Mill Road","CUST_CITY":"Oviedo","CUST_STATE":"FL","CUST_COUNTRY":"United States","CUST_ZIP":"32765","CUST_PHONE":"(337)124-1340","CUST_EMAIL":"TLim@example.com","LAST_UPDATED":"2018-04-21T12:49:02.000-04:00"}
{"FIRST_NAME":"Rupert","MIDDLE_NAME":"jerry","LAST_NAME":"Craft","SSN":123457230,"CREDIT_CARD_NO":"4210653350740360","APT_NO":"227","STREET_NAME":"Hillside Avenue","CUST_CITY":"Grandville","CUST_STATE":"MI","CUST_COUNTRY":"United States","CUST_ZIP":"49418","CUST_PHONE":"(337)123-9430","CUST_EMAIL":"RCraft@example.com","LAST_UPDATED":"2018-04-21T12:49:02.000-04:00"}
{"FIRST_NAME":"Bernadine","MIDDLE_NAME":"isreal","LAST_NAME":"Hager","SSN":123457233,"CREDIT_CARD_NO":"4210653338000840","APT_NO":"104","STREET_NAME":"Hartford Road","CUST_CITY":"Zion","CUST_STATE":"IL","CUST_COUNTRY":"United States","CUST_ZIP":"60099","CUST_PHONE":"(337)123-7005","CUST_EMAIL":"BHager@example.com","LAST_UPDATED":"2018-04-21T12:49:02.000-04:00"}
{"FIRST_NAME":"Ladonna","MIDDLE_NAME":"noble","LAST_NAME":"Zapata","SSN":123457238,"CREDIT_CARD_NO":"4210653384109681","APT_NO":"275","STREET_NAME":"Catherine Street","CUST_CITY":"LaCrosse","CUST_STATE":"WI","CUST_COUNTRY":"United States","CUST_ZIP":"54601","CUST_PHONE":"(337)124-3409","CUST_EMAIL":"LZapata@example.com","LAST_UPDATED":"2018-04-21T12:49:02.000-04:00"}
{"FIRST_NAME":"Trina","MIDDLE_NAME":"ilene","LAST_NAME":"Swanson","SSN":123457242,"CREDIT_CARD_NO":"4210653338808931","APT_NO":"217","STREET_NAME":"Aspen Drive","CUST_CITY":"Independence","CUST_STATE":"KY","CUST_COUNTRY":"United States","CUST_ZIP":"41051","CUST_PHONE":"(337)124-1951","CUST_EMAIL":"TSwanson@example.com","LAST_UPDATED":"2018-04-21T12:49:02.000-04:00"}
{"FIRST_NAME":"Rodger","MIDDLE_NAME":"ronny","LAST_NAME":"Chacon","SSN":123457245,"CREDIT_CARD_NO":"4210653316474645","APT_NO":"793","STREET_NAME":"Summer Street","CUST_CITY":"Huntley","CUST_STATE":"IL","CUST_COUNTRY":"United States","CUST_ZIP":"60142","CUST_PHONE":"(337)124-1884","CUST_EMAIL":"RChacon@example.com","LAST_UPDATED":"2018-04-21T12:49:02.000-04:00"}
{"FIRST_NAME":"Phillip","MIDDLE_NAME":"angel","LAST_NAME":"Gardner","SSN":123457255,"CREDIT_CARD_NO":"4210653396907317","APT_NO":"179","STREET_NAME":"Briarwood Drive","CUST_CITY":"Plainview","CUST_STATE":"NY","CUST_COUNTRY":"United States","CUST_ZIP":"11803","CUST_PHONE":"(337)123-4895","CUST_EMAIL":"PGardner@example.com","LAST_UPDATED":"2018-04-21T12:49:02.000-04:00"}
{"FIRST_NAME":"Janie","MIDDLE_NAME":"mavis","LAST_NAME":"Hendrix","SSN":123457270,"CREDIT_CARD_NO":"4210653347012691","APT_NO":"891","STREET_NAME":"Clark Street","CUST_CITY":"Fenton","CUST_STATE":"MI","CUST_COUNTRY":"United States","CUST_ZIP":"48430","CUST_PHONE":"(337)124-1398","CUST_EMAIL":"JHendrix@example.com","LAST_UPDATED":"2018-04-21T12:49:02.000-04:00"}
{"FIRST_NAME":"Brooke","MIDDLE_NAME":"eldridge","LAST_NAME":"Neely","SSN":123457272,"CREDIT_CARD_NO":"4210653373620931","APT_NO":"118","STREET_NAME":"Aspen Drive","CUST_CITY":"Chambersburg","CUST_STATE":"PA","CUST_COUNTRY":"United States","CUST_ZIP":"17201","CUST_PHONE":"(337)123-4780","CUST_EMAIL":"BNeely@example.com","LAST_UPDATED":"2018-04-21T12:49:02.000-04:00"}
{"FIRST_NAME":"Hollie","MIDDLE_NAME":"nikki","LAST_NAME":"Abrams","SSN":123457274,"CREDIT_CARD_NO":"4210653347430784","APT_NO":"331","STREET_NAME":"Howard Street","CUST_CITY":"NewHaven","CUST_STATE":"CT","CUST_COUNTRY":"United States","CUST_ZIP":"06511","CUST_PHONE":"(337)123-9534","CUST_EMAIL":"HAbrams@example.com","LAST_UPDATED":"2018-04-21T12:49:02.000-04:00"}
{"FIRST_NAME":"Julie","MIDDLE_NAME":"john","LAST_NAME":"Griffin","SSN":123457278,"CREDIT_CARD_NO":"4210653328624971","APT_NO":"862","STREET_NAME":"Route 30","CUST_CITY":"Frankfort","CUST_STATE":"KY","CUST_COUNTRY":"United States","CUST_ZIP":"40601","CUST_PHONE":"(337)123-5098","CUST_EMAIL":"JGriffin@example.com","LAST_UPDATED":"2018-04-21T12:49:02.000-04:00"}
{"FIRST_NAME":"Earline","MIDDLE_NAME":"freida","LAST_NAME":"Bullard","SSN":123457279,"CREDIT_CARD_NO":"4210653323594604","APT_NO":"326","STREET_NAME":"Mill Road","CUST_CITY":"Dublin","CUST_STATE":"GA","CUST_COUNTRY":"United States","CUST_ZIP":"31021","CUST_PHONE":"(337)123-6761","CUST_EMAIL":"EBullard@example.com","LAST_UPDATED":"2018-04-21T12:49:02.000-04:00"}
{"FIRST_NAME":"Adeline","MIDDLE_NAME":"ernesto","LAST_NAME":"Ventura","SSN":123457282,"CREDIT_CARD_NO":"4210653326086223","APT_NO":"722","STREET_NAME":"Redwood Drive","CUST_CITY":"FloralPark","CUST_STATE":"NY","CUST_COUNTRY":"United States","CUST_ZIP":"11001","CUST_PHONE":"(337)124-3214","CUST_EMAIL":"AVentura@example.com","LAST_UPDATED":"2018-04-21T12:49:02.000-04:00"}
{"FIRST_NAME":"Charmaine","MIDDLE_NAME":"kelsey","LAST_NAME":"Noble","SSN":123457286,"CREDIT_CARD_NO":"4210653317392678","APT_NO":"736","STREET_NAME":"Harrison Avenue","CUST_CITY":"Oconomowoc","CUST_STATE":"WI","CUST_COUNTRY":"United States","CUST_ZIP":"53066","CUST_PHONE":"(337)124-0992","CUST_EMAIL":"CNoble@example.com","LAST_UPDATED":"2018-04-21T12:49:02.000-04:00"}
{"FIRST_NAME":"Allison","MIDDLE_NAME":"alissa","LAST_NAME":"Correa","SSN":123457298,"CREDIT_CARD_NO":"4210653356700754","APT_NO":"34","STREET_NAME":"Lakeview Drive","CUST_CITY":"Andover","CUST_STATE":"MA","CUST_COUNTRY":"United States","CUST_ZIP":"01810","CUST_PHONE":"(337)123-4976","CUST_EMAIL":"ACorrea@example.com","LAST_UPDATED":"2018-04-21T12:49:02.000-04:00"}
{"FIRST_NAME":"Scott","MIDDLE_NAME":"jeannette","LAST_NAME":"Barnes","SSN":123457307,"CREDIT_CARD_NO":"4210653362185731","APT_NO":"547","STREET_NAME":"Lafayette Avenue","CUST_CITY":"Hartsville","CUST_STATE":"SC","CUST_COUNTRY":"United States","CUST_ZIP":"29550","CUST_PHONE":"(337)123-6439","CUST_EMAIL":"SBarnes@example.com","LAST_UPDATED":"2018-04-21T12:49:02.000-04:00"}
{"FIRST_NAME":"Doreen","MIDDLE_NAME":"cathy","LAST_NAME":"Sapp","SSN":123457308,"CREDIT_CARD_NO":"4210653340784841","APT_NO":"211","STREET_NAME":"Dogwood Lane","CUST_CITY":"Lititz","CUST_STATE":"PA","CUST_COUNTRY":"United States","CUST_ZIP":"17543","CUST_PHONE":"(337)123-6050","CUST_EMAIL":"DSapp@example.com","LAST_UPDATED":"2018-04-21T12:49:02.000-04:00"}
{"FIRST_NAME":"Edison","MIDDLE_NAME":"shannon","LAST_NAME":"Garza","SSN":123457321,"CREDIT_CARD_NO":"4210653312569486","APT_NO":"599","STREET_NAME":"New Street","CUST_CITY":"NewBerlin","CUST_STATE":"WI","CUST_COUNTRY":"United States","CUST_ZIP":"53151","CUST_PHONE":"(337)124-1268","CUST_EMAIL":"EGarza@example.com","LAST_UPDATED":"2018-04-21T12:49:02.000-04:00"}
{"FIRST_NAME":"Clair","MIDDLE_NAME":"alec","LAST_NAME":"Harmon","SSN":123457323,"CREDIT_CARD_NO":"4210653389719729","APT_NO":"49","STREET_NAME":"Linden Street","CUST_CITY":"Bartlett","CUST_STATE":"IL","CUST_COUNTRY":"United States","CUST_ZIP":"60103","CUST_PHONE":"(337)124-0072","CUST_EMAIL":"CHarmon@example.com","LAST_UPDATED":"2018-04-21T12:49:02.000-04:00"}
{"FIRST_NAME":"Sharon","MIDDLE_NAME":"bryon","LAST_NAME":"Hoang","SSN":123457345,"CREDIT_CARD_NO":"4210653338005759","APT_NO":"555","STREET_NAME":"Hillside Drive","CUST_CITY":"WappingersFalls","CUST_STATE":"NY","CUST_COUNTRY":"United States","CUST_ZIP":"12590","CUST_PHONE":"(337)123-6304","CUST_EMAIL":"SHoang@example.com","LAST_UPDATED":"2018-04-21T12:49:02.000-04:00"}
{"FIRST_NAME":"Rickey","MIDDLE_NAME":"luella","LAST_NAME":"Robbins","SSN":123457354,"CREDIT_CARD_NO":"4210653374041659","APT_NO":"558","STREET_NAME":"Park Place","CUST_CITY":"Chambersburg","CUST_STATE":"PA","CUST_COUNTRY":"United States","CUST_ZIP":"17201","CUST_PHONE":"(337)124-1952","CUST_EMAIL":"RRobbins@example.com","LAST_UPDATED":"2018-04-21T12:49:02.000-04:00"}
{"FIRST_NAME":"Dena","MIDDLE_NAME":"jean","LAST_NAME":"Lawrence","SSN":123457387,"CREDIT_CARD_NO":"4210653360803200","APT_NO":"87","STREET_NAME":"Magnolia Avenue","CUST_CITY":"Bettendorf","CUST_STATE":"IA","CUST_COUNTRY":"United States","CUST_ZIP":"52722","CUST_PHONE":"(337)123-6893","CUST_EMAIL":"DLawrence@example.com","LAST_UPDATED":"2018-04-21T12:49:02.000-04:00"}
{"FIRST_NAME":"Mara","MIDDLE_NAME":"royal","LAST_NAME":"Head","SSN":123457399,"CREDIT_CARD_NO":"4210653335470191","APT_NO":"822","STREET_NAME":"Canal Street","CUST_CITY":"Taunton","CUST_STATE":"MA","CUST_COUNTRY":"United States","CUST_ZIP":"02780","CUST_PHONE":"(337)124-3295","CUST_EMAIL":"MHead@example.com","LAST_UPDATED":"2018-04-21T12:49:02.000-04:00"}
{"FIRST_NAME":"Leslie","MIDDLE_NAME":"jacklyn","LAST_NAME":"Poe","SSN":123457402,"CREDIT_CARD_NO":"4210653312454227","APT_NO":"147","STREET_NAME":"Lincoln Street","CUST_CITY":"Vienna","CUST_STATE":"VA","CUST_COUNTRY":"United States","CUST_ZIP":"22180","CUST_PHONE":"(337)124-0777","CUST_EMAIL":"LPoe@example.com","LAST_UPDATED":"2018-04-21T12:49:02.000-04:00"}
{"FIRST_NAME":"Norris","MIDDLE_NAME":"ron","LAST_NAME":"Mosley","SSN":123457445,"CREDIT_CARD_NO":"4210653321168764","APT_NO":"24","STREET_NAME":"White Street","CUST_CITY":"Sykesville","CUST_STATE":"MD","CUST_COUNTRY":"United States","CUST_ZIP":"21784","CUST_PHONE":"(337)123-4981","CUST_EMAIL":"NMosley@example.com","LAST_UPDATED":"2018-04-21T12:49:02.000-04:00"}
{"FIRST_NAME":"Jeanette","MIDDLE_NAME":"minerva","LAST_NAME":"Monroe","SSN":123457452,"CREDIT_CARD_NO":"4210653355100786","APT_NO":"388","STREET_NAME":"Valley View Drive","CUST_CITY":"Lititz","CUST_STATE":"PA","CUST_COUNTRY":"United States","CUST_ZIP":"17543","CUST_PHONE":"(337)124-1419","CUST_EMAIL":"JMonroe@example.com","LAST_UPDATED":"2018-04-21T12:49:02.000-04:00"}
{"FIRST_NAME":"Lillie","MIDDLE_NAME":"deanne","LAST_NAME":"Whalen","SSN":123457454,"CREDIT_CARD_NO":"4210653315888773","APT_NO":"697","STREET_NAME":"Myrtle Street","CUST_CITY":"RedondoBeach","CUST_STATE":"CA","CUST_COUNTRY":"United States","CUST_ZIP":"90278","CUST_PHONE":"(337)124-1870","CUST_EMAIL":"LWhalen@example.com","LAST_UPDATED":"2018-04-21T12:49:02.000-04:00"}
{"FIRST_NAME":"Patty","MIDDLE_NAME":"ruthie","LAST_NAME":"Chaney","SSN":123457455,"CREDIT_CARD_NO":"4210653338289172","APT_NO":"695","STREET_NAME":"Edgewood Road","CUST_CITY":"ElDorado","CUST_STATE":"AR","CUST_COUNTRY":"United States","CUST_ZIP":"71730","CUST_PHONE":"(337)123-6953","CUST_EMAIL":"PChaney@example.com","LAST_UPDATED":"2018-04-21T12:49:02.000-04:00"}
{"FIRST_NAME":"Maurice","MIDDLE_NAME":"zachariah","LAST_NAME":"Bradford","SSN":123457457,"CREDIT_CARD_NO":"4210653340296427","APT_NO":"414","STREET_NAME":"Pennsylvania Avenue","CUST_CITY":"Oconomowoc","CUST_STATE":"WI","CUST_COUNTRY":"United States","CUST_ZIP":"53066","CUST_PHONE":"(337)123-9779","CUST_EMAIL":"MBradford@example.com","LAST_UPDATED":"2018-04-21T12:49:02.000-04:00"}
{"FIRST_NAME":"Barbra","MIDDLE_NAME":"mitchel","LAST_NAME":"Lau","SSN":123457464,"CREDIT_CARD_NO":"4210653310794854","APT_NO":"561","STREET_NAME":"Court Street","CUST_CITY":"Zion","CUST_STATE":"IL","CUST_COUNTRY":"United States","CUST_ZIP":"60099","CUST_PHONE":"(337)123-5222","CUST_EMAIL":"BLau@example.com","LAST_UPDATED":"2018-04-21T12:49:02.000-04:00"}
{"FIRST_NAME":"Sal","MIDDLE_NAME":"valentine","LAST_NAME":"Buckley","SSN":123457489,"CREDIT_CARD_NO":"4210653371748805","APT_NO":"352","STREET_NAME":"Heather Court","CUST_CITY":"Independence","CUST_STATE":"KY","CUST_COUNTRY":"United States","CUST_ZIP":"41051","CUST_PHONE":"(337)124-3187","CUST_EMAIL":"SBuckley@example.com","LAST_UPDATED":"2018-04-21T12:49:02.000-04:00"}
{"FIRST_NAME":"Cora","MIDDLE_NAME":"thanh","LAST_NAME":"Arellano","SSN":123457507,"CREDIT_CARD_NO":"4210653356818108","APT_NO":"340","STREET_NAME":"Orchard Avenue","CUST_CITY":"NewPhiladelphia","CUST_STATE":"OH","CUST_COUNTRY":"United States","CUST_ZIP":"44663","CUST_PHONE":"(337)124-3043","CUST_EMAIL":"CArellano@example.com","LAST_UPDATED":"2018-04-21T12:49:02.000-04:00"}
{"FIRST_NAME":"Alec","MIDDLE_NAME":"tracie","LAST_NAME":"Gilmore","SSN":123457511,"CREDIT_CARD_NO":"4210653310773972","APT_NO":"81","STREET_NAME":"Forest Street","CUST_CITY":"Owosso","CUST_STATE":"MI","CUST_COUNTRY":"United States","CUST_ZIP":"48867","CUST_PHONE":"(337)124-0689","CUST_EMAIL":"AGilmore@example.com","LAST_UPDATED":"2018-04-21T12:49:02.000-04:00"}
{"FIRST_NAME":"Omer","MIDDLE_NAME":"joan","LAST_NAME":"Mcmullen","SSN":123457514,"CREDIT_CARD_NO":"4210653335163700","APT_NO":"413","STREET_NAME":"Columbia Street","CUST_CITY":"Richmond","CUST_STATE":"VA","CUST_COUNTRY":"United States","CUST_ZIP":"23223","CUST_PHONE":"(337)124-2633","CUST_EMAIL":"OMcmullen@example.com","LAST_UPDATED":"2018-04-21T12:49:02.000-04:00"}
{"FIRST_NAME":"Isabel","MIDDLE_NAME":"james","LAST_NAME":"Cramer","SSN":123457519,"CREDIT_CARD_NO":"4210653359877473","APT_NO":"384","STREET_NAME":"Sheffield Drive","CUST_CITY":"Natchez","CUST_STATE":"MS","CUST_COUNTRY":"United States","CUST_ZIP":"39120","CUST_PHONE":"(337)123-8679","CUST_EMAIL":"ICramer@example.com","LAST_UPDATED":"2018-04-21T12:49:02.000-04:00"}
{"FIRST_NAME":"Kaitlin","MIDDLE_NAME":"joyce","LAST_NAME":"Schmitz","SSN":123457521,"CREDIT_CARD_NO":"4210653379713681","APT_NO":"646","STREET_NAME":"6th Street","CUST_CITY":"YorktownHeights","CUST_STATE":"NY","CUST_COUNTRY":"United States","CUST_ZIP":"10598","CUST_PHONE":"(337)124-1455","CUST_EMAIL":"KSchmitz@example.com","LAST_UPDATED":"2018-04-21T12:49:02.000-04:00"}
{"FIRST_NAME":"Libby","MIDDLE_NAME":"terri","LAST_NAME":"Feldman","SSN":123457528,"CREDIT_CARD_NO":"4210653370864104","APT_NO":"952","STREET_NAME":"Willow Drive","CUST_CITY":"Parlin","CUST_STATE":"NJ","CUST_COUNTRY":"United States","CUST_ZIP":"08859","CUST_PHONE":"(337)123-7132","CUST_EMAIL":"LFeldman@example.com","LAST_UPDATED":"2018-04-21T12:49:02.000-04:00"}
{"FIRST_NAME":"Alexis","MIDDLE_NAME":"lorene","LAST_NAME":"Villarreal","SSN":123457547,"CREDIT_CARD_NO":"4210653385929355","APT_NO":"214","STREET_NAME":"Depot Street","CUST_CITY":"CapeCoral","CUST_STATE":"FL","CUST_COUNTRY":"United States","CUST_ZIP":"33904","CUST_PHONE":"(337)123-9987","CUST_EMAIL":"AVillarreal@example.com","LAST_UPDATED":"2018-04-21T12:49:02.000-04:00"}
{"FIRST_NAME":"Brendan","MIDDLE_NAME":"terra","LAST_NAME":"Jones","SSN":123457562,"CREDIT_CARD_NO":"4210653394681244","APT_NO":"250","STREET_NAME":"Maple Lane","CUST_CITY":"Oconomowoc","CUST_STATE":"WI","CUST_COUNTRY":"United States","CUST_ZIP":"53066","CUST_PHONE":"(337)124-1560","CUST_EMAIL":"BJones@example.com","LAST_UPDATED":"2018-04-21T12:49:02.000-04:00"}
{"FIRST_NAME":"Fran","MIDDLE_NAME":"simone","LAST_NAME":"Quintero","SSN":123457575,"CREDIT_CARD_NO":"4210653338327777","APT_NO":"721","STREET_NAME":"Jefferson Street","CUST_CITY":"Youngstown","CUST_STATE":"OH","CUST_COUNTRY":"United States","CUST_ZIP":"44512","CUST_PHONE":"(337)123-9272","CUST_EMAIL":"FQuintero@example.com","LAST_UPDATED":"2018-04-21T12:49:02.000-04:00"}
{"FIRST_NAME":"Russel","MIDDLE_NAME":"letitia","LAST_NAME":"Lancaster","SSN":123457631,"CREDIT_CARD_NO":"4210653336961447","APT_NO":"298","STREET_NAME":"Forest Drive","CUST_CITY":"Houston","CUST_STATE":"TX","CUST_COUNTRY":"United States","CUST_ZIP":"77016","CUST_PHONE":"(337)123-8803","CUST_EMAIL":"RLancaster@example.com","LAST_UPDATED":"2018-04-21T12:49:02.000-04:00"}
{"FIRST_NAME":"Edmundo","MIDDLE_NAME":"denny","LAST_NAME":"Thomson","SSN":123457639,"CREDIT_CARD_NO":"4210653310817373","APT_NO":"622","STREET_NAME":"Cypress Court","CUST_CITY":"Youngstown","CUST_STATE":"OH","CUST_COUNTRY":"United States","CUST_ZIP":"44512","CUST_PHONE":"(337)124-1363","CUST_EMAIL":"EThomson@example.com","LAST_UPDATED":"2018-04-21T12:49:02.000-04:00"}
{"FIRST_NAME":"Nigel","MIDDLE_NAME":"aida","LAST_NAME":"Escobar","SSN":123457640,"CREDIT_CARD_NO":"4210653314345212","APT_NO":"791","STREET_NAME":"School Street","CUST_CITY":"SouthRichmondHill","CUST_STATE":"NY","CUST_COUNTRY":"United States","CUST_ZIP":"11419","CUST_PHONE":"(337)123-8055","CUST_EMAIL":"NEscobar@example.com","LAST_UPDATED":"2018-04-21T12:49:02.000-04:00"}
{"FIRST_NAME":"Liliana","MIDDLE_NAME":"luella","LAST_NAME":"Dunham","SSN":123457654,"CREDIT_CARD_NO":"4210653361394893","APT_NO":"666","STREET_NAME":"College Street","CUST_CITY":"Andover","CUST_STATE":"MA","CUST_COUNTRY":"United States","CUST_ZIP":"01810","CUST_PHONE":"(337)123-8997","CUST_EMAIL":"LDunham@example.com","LAST_UPDATED":"2018-04-21T12:49:02.000-04:00"}
{"FIRST_NAME":"Cherry","MIDDLE_NAME":"rodrick","LAST_NAME":"Oconnor","SSN":123457655,"CREDIT_CARD_NO":"4210653316373749","APT_NO":"122","STREET_NAME":"Jones Street","CUST_CITY":"Starkville","CUST_STATE":"MS","CUST_COUNTRY":"United States","CUST_ZIP":"39759","CUST_PHONE":"(337)123-5055","CUST_EMAIL":"COconnor@example.com","LAST_UPDATED":"2018-04-21T12:49:02.000-04:00"}
{"FIRST_NAME":"Hong","MIDDLE_NAME":"faith","LAST_NAME":"Gallardo","SSN":123457673,"CREDIT_CARD_NO":"4210653383063484","APT_NO":"165","STREET_NAME":"Atlantic Avenue","CUST_CITY":"Clermont","CUST_STATE":"FL","CUST_COUNTRY":"United States","CUST_ZIP":"34711","CUST_PHONE":"(337)123-6715","CUST_EMAIL":"HGallardo@example.com","LAST_UPDATED":"2018-04-21T12:49:02.000-04:00"}
{"FIRST_NAME":"Lesley","MIDDLE_NAME":"randolph","LAST_NAME":"Haas","SSN":123457681,"CREDIT_CARD_NO":"4210653344388672","APT_NO":"884","STREET_NAME":"Cambridge Court","CUST_CITY":"Norfolk","CUST_STATE":"VA","CUST_COUNTRY":"United States","CUST_ZIP":"23503","CUST_PHONE":"(337)123-8874","CUST_EMAIL":"LHaas@example.com","LAST_UPDATED":"2018-04-21T12:49:02.000-04:00"}
{"FIRST_NAME":"Hal","MIDDLE_NAME":"connie","LAST_NAME":"Fletcher","SSN":123457682,"CREDIT_CARD_NO":"4210653365767695","APT_NO":"165","STREET_NAME":"14th Street","CUST_CITY":"Starkville","CUST_STATE":"MS","CUST_COUNTRY":"United States","CUST_ZIP":"39759","CUST_PHONE":"(337)123-7001","CUST_EMAIL":"HFletcher@example.com","LAST_UPDATED":"2018-04-21T12:49:02.000-04:00"}
{"FIRST_NAME":"Shannon","MIDDLE_NAME":"amy","LAST_NAME":"Haney","SSN":123457721,"CREDIT_CARD_NO":"4210653382818918","APT_NO":"565","STREET_NAME":"Franklin Street","CUST_CITY":"ElDorado","CUST_STATE":"AR","CUST_COUNTRY":"United States","CUST_ZIP":"71730","CUST_PHONE":"(337)123-5338","CUST_EMAIL":"SHaney@example.com","LAST_UPDATED":"2018-04-21T12:49:02.000-04:00"}
{"FIRST_NAME":"Greg","MIDDLE_NAME":"hazel","LAST_NAME":"Barker","SSN":123457724,"CREDIT_CARD_NO":"4210653376630849","APT_NO":"313","STREET_NAME":"2nd Street North","CUST_CITY":"Parlin","CUST_STATE":"NJ","CUST_COUNTRY":"United States","CUST_ZIP":"08859","CUST_PHONE":"(337)123-8987","CUST_EMAIL":"GBarker@example.com","LAST_UPDATED":"2018-04-21T12:49:02.000-04:00"}
{"FIRST_NAME":"Karen","MIDDLE_NAME":"wilda","LAST_NAME":"Buchanan","SSN":123457744,"CREDIT_CARD_NO":"4210653341896501","APT_NO":"292","STREET_NAME":"Beech Street","CUST_CITY":"NewHaven","CUST_STATE":"CT","CUST_COUNTRY":"United States","CUST_ZIP":"06511","CUST_PHONE":"(337)124-0924","CUST_EMAIL":"KBuchanan@example.com","LAST_UPDATED":"2018-04-21T12:49:02.000-04:00"}
{"FIRST_NAME":"Milagros","MIDDLE_NAME":"tyron","LAST_NAME":"Tripp","SSN":123457745,"CREDIT_CARD_NO":"4210653338457374","APT_NO":"524","STREET_NAME":"Country Lane","CUST_CITY":"BuffaloGrove","CUST_STATE":"IL","CUST_COUNTRY":"United States","CUST_ZIP":"60089","CUST_PHONE":"(337)123-8608","CUST_EMAIL":"MTripp@example.com","LAST_UPDATED":"2018-04-21T12:49:02.000-04:00"}
{"FIRST_NAME":"Devin","MIDDLE_NAME":"shad","LAST_NAME":"Spencer","SSN":123457747,"CREDIT_CARD_NO":"4210653350314282","APT_NO":"562","STREET_NAME":"Route 7","CUST_CITY":"Mechanicsburg","CUST_STATE":"PA","CUST_COUNTRY":"United States","CUST_ZIP":"17050","CUST_PHONE":"(337)123-7764","CUST_EMAIL":"DSpencer@example.com","LAST_UPDATED":"2018-04-21T12:49:02.000-04:00"}
{"FIRST_NAME":"Linda","MIDDLE_NAME":"steven","LAST_NAME":"Cullen","SSN":123457755,"CREDIT_CARD_NO":"4210653330783262","APT_NO":"175","STREET_NAME":"Somerset Drive","CUST_CITY":"PalmCity","CUST_STATE":"FL","CUST_COUNTRY":"United States","CUST_ZIP":"34990","CUST_PHONE":"(337)123-8715","CUST_EMAIL":"LCullen@example.com","LAST_UPDATED":"2018-04-21T12:49:02.000-04:00"}
{"FIRST_NAME":"Milton","MIDDLE_NAME":"margot","LAST_NAME":"Hatch","SSN":123457767,"CREDIT_CARD_NO":"4210653322591693","APT_NO":"647","STREET_NAME":"Dogwood Lane","CUST_CITY":"Irvington","CUST_STATE":"NJ","CUST_COUNTRY":"United States","CUST_ZIP":"07111","CUST_PHONE":"(337)124-3198","CUST_EMAIL":"MHatch@example.com","LAST_UPDATED":"2018-04-21T12:49:02.000-04:00"}
