{"FIRST_NAME":"Royal","MIDDLE_NAME":"jerry","LAST_NAME":"Bowman","SSN":123454784,"CREDIT_CARD_NO":"4210653338154903","APT_NO":"626","STREET_NAME":"Academy Street","CUST_CITY":"Duluth","CUST_STATE":"GA","CUST_COUNTRY":"United States","CUST_ZIP":"30096","CUST_PHONE":"(337)123-5609","CUST_EMAIL":"RBowman@example.com","LAST_UPDATED":"2018-04-21T12:49:02.000-04:00"}
{"FIRST_NAME":"Sharron","MIDDLE_NAME":"lorena","LAST_NAME":"Serrano","SSN":123454814,"CREDIT_CARD_NO":"4210653384348185","APT_NO":"143","STREET_NAME":"Glenwood Drive","CUST_CITY":"NewPhiladelphia","CUST_STATE":"OH","CUST_COUNTRY":"United States","CUST_ZIP":"44663","CUST_PHONE":"(337)123-7392","CUST_EMAIL":"SSerrano@example.com","LAST_UPDATED":"2018-04-21T12:49:02.000-04:00"}
{"FIRST_NAME":"Cesar","MIDDLE_NAME":"basil","LAST_NAME":"Kessler","SSN":123454819,"CREDIT_CARD_NO":"4210653367856362","APT_NO":"735","STREET_NAME":"6th Street North","CUST_CITY":"Lakeville","CUST_STATE":"MN","CUST_COUNTRY":"United States","CUST_ZIP":"55044","CUST_PHONE":"(337)124-3066","CUST_EMAIL":"CKessler@example.com","LAST_UPDATED":"2018-04-21T12:49:02.000-04:00"}
{"FIRST_NAME":"Buck","MIDDLE_NAME":"rory","LAST_NAME":"Biggs","SSN":123454829,"CREDIT_CARD_NO":"4210653380520027","APT_NO":"249","STREET_NAME":"Fawn Lane","CUST_CITY":"NewPhiladelphia","CUST_STATE":"OH","CUST_COUNTRY":"United States","CUST_ZIP":"44663","CUST_PHONE":"(337)123-5672","CUST_EMAIL":"BBiggs@example.com","LAST_UPDATED":"2018-04-21T12:49:02.000-04:00"}
{"FIRST_NAME":"Marion","MIDDLE_NAME":"vickie","LAST_NAME":"Abbott","SSN":123454839,"CREDIT_CARD_NO":"4210653397569102","APT_NO":"495","STREET_NAME":"10th Street","CUST_CITY":"Carlisle","CUST_STATE":"PA","CUST_COUNTRY":"United States","CUST_ZIP":"17013","CUST_PHONE":"(337)124-1963","CUST_EMAIL":"MAbbott@example.com","LAST_UPDATED":"2018-04-21T12:49:02.000-04:00"}
{"FIRST_NAME":"Jeff","MIDDLE_NAME":"elisha","LAST_NAME":"Deleon","SSN":123454842,"CREDIT_CARD_NO":"4210653356030493","APT_NO":"584","STREET_NAME":"Fairview Avenue","CUST_CITY":"Lombard","CUST_STATE":"IL","CUST_COUNTRY":"United States","CUST_ZIP":"60148","CUST_PHONE":"(337)123-8675","CUST_EMAIL":"JDeleon@example.com","LAST_UPDATED":"2018-04-21T12:49:02.000-04:00"}
{"FIRST_NAME":"Sol","MIDDLE_NAME":"homer","LAST_NAME":"Smart","SSN":123454851,"CREDIT_CARD_NO":"4210653361214298","APT_NO":"292","STREET_NAME":"Mulberry Street","CUST_CITY":"Valrico","CUST_STATE":"FL","CUST_COUNTRY":"United States","CUST_ZIP":"33594","CUST_PHONE":"(337)123-9375","CUST_EMAIL":"SSmart@example.com","LAST_UPDATED":"2018-04-21T12:49:02.000-04:00"}
{"FIRST_NAME":"Wilfred","MIDDLE_NAME":"fay","LAST_NAME":"Kaufman","SSN":123454864,"CREDIT_CARD_NO":"4210653345466468","APT_NO":"668","STREET_NAME":"Lincoln Street","CUST_CITY":"Mundelein","CUST_STATE":"IL","CUST_COUNTRY":"United States","CUST_ZIP":"60060","CUST_PHONE":"(337)124-1208","CUST_EMAIL":"WKaufman@example.com","LAST_UPDATED":"2018-04-21T12:49:02.000-04:00"}
{"FIRST_NAME":"Stefan","MIDDLE_NAME":"joanne","LAST_NAME":"Landry","SSN":123454876,"CREDIT_CARD_NO":"4210653370637574","APT_NO":"217","STREET_NAME":"Pleasant Street","CUST_CITY":"Sykesville","CUST_STATE":"MD","CUST_COUNTRY":"United States","CUST_ZIP":"21784","CUST_PHONE":"(337)124-1018","CUST_EMAIL":"SLandry@example.com","LAST_UPDATED":"2018-04-21T12:49:02.000-04:00"}
{"FIRST_NAME":"Bertram","MIDDLE_NAME":"tracey","LAST_NAME":"Padgett","SSN":123454886,"CREDIT_CARD_NO":"4210653388487485","APT_NO":"967","STREET_NAME":"Grand Avenue","CUST_CITY":"Chambersburg","CUST_STATE":"PA","CUST_COUNTRY":"United States","CUST_ZIP":"17201","CUST_PHONE":"(337)123-8645","CUST_EMAIL":"BPadgett@example.com","LAST_UPDATED":"2018-04-21T12:49:02.000-04:00"}
{"FIRST_NAME":"Numbers","MIDDLE_NAME":"allie","LAST_NAME":"Keller","SSN":123454889,"CREDIT_CARD_NO":"4210653394207005","APT_NO":"172","STREET_NAME":"Overlook Circle","CUST_CITY":"Pittsford","CUST_STATE":"NY","CUST_COUNTRY":"United States","CUST_ZIP":"14534","CUST_PHONE":"(337)124-3475","CUST_EMAIL":"NKeller@example.com","LAST_UPDATED":"2018-04-21T12:49:02.000-04:00"}
{"FIRST_NAME":"Robert","MIDDLE_NAME":"roslyn","LAST_NAME":"Redmond","SSN":123454890,"CREDIT_CARD_NO":"4210653354668589","APT_NO":"6","STREET_NAME":"Woodland Drive","CUST_CITY":"Marietta","CUST_STATE":"GA","CUST_COUNTRY":"United States","CUST_ZIP":"30008","CUST_PHONE":"(337)123-4875","CUST_EMAIL":"RRedmond@example.com","LAST_UPDATED":"2018-04-21T12:49:02.000-04:00"}
{"FIRST_NAME":"Dane","MIDDLE_NAME":"angie","LAST_NAME":"Lu","SSN":123454892,"CREDIT_CARD_NO":"4210653348391845","APT_NO":"60","STREET_NAME":"Hawthorne Avenue","CUST_CITY":"Owosso","CUST_STATE":"MI","CUST_COUNTRY":"United States","CUST_ZIP":"48867","CUST_PHONE":"(337)124-0995","CUST_EMAIL":"DLu@example.com","LAST_UPDATED":"2018-04-21T12:49:02.000-04:00"}
{"FIRST_NAME":"Benton","MIDDLE_NAME":"sonja","LAST_NAME":"Peralta","SSN":123454894,"CREDIT_CARD_NO":"4210653333641362","APT_NO":"628","STREET_NAME":"Spruce Avenue","CUST_CITY":"Youngstown","CUST_STATE":"OH","CUST_COUNTRY":"United States","CUST_ZIP":"44512","CUST_PHONE":"(337)123-8123","CUST_EMAIL":"BPeralta@example.com","LAST_UPDATED":"2018-04-21T12:49:02.000-04:00"}
{"FIRST_NAME":"Concepcion","MIDDLE_NAME":"justine","LAST_NAME":"Bower","SSN":123454900,"CREDIT_CARD_NO":"4210653318141021","APT_NO":"419","STREET_NAME":"Route 2","CUST_CITY":"Quincy","CUST_STATE":"MA","CUST_COUNTRY":"United States","CUST_ZIP":"02169","CUST_PHONE":"(337)123-7322","CUST_EMAIL":"CBower@example.com","LAST_UPDATED":"2018-04-21T12:49:02.000-04:00"}
{"FIRST_NAME":"Wendell","MIDDLE_NAME":"esther","LAST_NAME":"Sloan","SSN":123454902,"CREDIT_CARD_NO":"4210653334162894","APT_NO":"572","STREET_NAME":"East Street","CUST_CITY":"Rossville","CUST_STATE":"GA","CUST_COUNTRY":"United States","CUST_ZIP":"30741","CUST_PHONE":"(337)123-6704","CUST_EMAIL":"WSloan@example.com","LAST_UPDATED":"2018-04-21T12:49:02.000-04:00"}
{"FIRST_NAME":"Bette","MIDDLE_NAME":"willard","LAST_NAME":"Fleming","SSN":123454905,"CREDIT_CARD_NO":"4210653379837053","APT_NO":"70","STREET_NAME":"Route 64","CUST_CITY":"Gettysburg","CUST_STATE":"PA","CUST_COUNTRY":"United States","CUST_ZIP":"17325","CUST_PHONE":"(337)124-2930","CUST_EMAIL":"BFleming@example.com","LAST_UPDATED":"2018-04-21T12:49:02.000-04:00"}
{"FIRST_NAME":"Cristina","MIDDLE_NAME":"beatriz","LAST_NAME":"Phillips","SSN":123454917,"CREDIT_CARD_NO":"4210653314449645","APT_NO":"833","STREET_NAME":"Westminster Drive","CUST_CITY":"Pittsford","CUST_STATE":"NY","CUST_COUNTRY":"United States","CUST_ZIP":"14534","CUST_PHONE":"(337)123-4648","CUST_EMAIL":"CPhillips@example.com","LAST_UPDATED":"2018-04-21T12:49:02.000-04:00"}
{"FIRST_NAME":"Darcy","MIDDLE_NAME":"elaine","LAST_NAME":"Spivey","SSN":123454932,"CREDIT_CARD_NO":"4210653386394478","APT_NO":"989","STREET_NAME":"Bridle Lane","CUST_CITY":"Midlothian","CUST_STATE":"VA","CUST_COUNTRY":"United States","CUST_ZIP":"23112","CUST_PHONE":"(337)123-9657","CUST_EMAIL":"DSpivey@example.com","LAST_UPDATED":"2018-04-21T12:49:02.000-04:00"}
{"FIRST_NAME":"Marcelo","MIDDLE_NAME":"gonzalo","LAST_NAME":"Emerson","SSN":123454933,"CREDIT_CARD_NO":"4210653313038847","APT_NO":"404","STREET_NAME":"Marshall Street","CUST_CITY":"Grandville","CUST_STATE":"MI","CUST_COUNTRY":"United States","CUST_ZIP":"49418","CUST_PHONE":"(337)124-3173","CUST_EMAIL":"MEmerson@example.com","LAST_UPDATED":"2018-04-21T12:49:02.000-04:00"}
{"FIRST_NAME":"Wm","MIDDLE_NAME":"edwina","LAST_NAME":"Madrid","SSN":123454936,"CREDIT_CARD_NO":"4210653329555948","APT_NO":"448","STREET_NAME":"Ashley Court","CUST_CITY":"SouthRichmondHill","CUST_STATE":"NY","CUST_COUNTRY":"United States","CUST_ZIP":"11419","CUST_PHONE":"(337)124-2336","CUST_EMAIL":"WMadrid@example.com","LAST_UPDATED":"2018-04-21T12:49:02.000-04:00"}
{"FIRST_NAME":"Anibal","MIDDLE_NAME":"alexis","LAST_NAME":"Navarro","SSN":123454940,"CREDIT_CARD_NO":"4210653389537327","APT_NO":"6","STREET_NAME":"9th Street West","CUST_CITY":"Waxhaw","CUST_STATE":"NC","CUST_COUNTRY":"United States","CUST_ZIP":"28173","CUST_PHONE":"(337)124-0736","CUST_EMAIL":"ANavarro@example.com","LAST_UPDATED":"2018-04-21T12:49:02.000-04:00"}
{"FIRST_NAME":"Mckinley","MIDDLE_NAME":"margo","LAST_NAME":"Ratliff","SSN":123454945,"CREDIT_CARD_NO":"4210653387922439","APT_NO":"340","STREET_NAME":"Poplar Street","CUST_CITY":"Andover","CUST_STATE":"MA","CUST_COUNTRY":"United States","CUST_ZIP":"01810","CUST_PHONE":"(337)123-8920","CUST_EMAIL":"MRatliff@example.com","LAST_UPDATED":"2018-04-21T12:49:02.000-04:00"}
{"FIRST_NAME":"Gretchen","MIDDLE_NAME":"natalia","LAST_NAME":"Nguyen","SSN":123454956,"CREDIT_CARD_NO":"4210653319415654","APT_NO":"695","STREET_NAME":"Cleveland Avenue","CUST_CITY":"Brentwood","CUST_STATE":"NY","CUST_COUNTRY":"United States","CUST_ZIP":"11717","CUST_PHONE":"(337)123-5530","CUST_EMAIL":"GNguyen@example.com","LAST_UPDATED":"2018-04-21T12:49:02.000-04:00"}
{"FIRST_NAME":"Kathrine","MIDDLE_NAME":"horacio","LAST_NAME":"Dickson","SSN":123454963,"CREDIT_CARD_NO":"4210653357297481","APT_NO":"950","STREET_NAME":"8th Street South","CUST_CITY":"Norfolk","CUST_STATE":"VA","CUST_COUNTRY":"United States","CUST_ZIP":"23503","CUST_PHONE":"(337)124-3356","CUST_EMAIL":"KDickson@example.com","LAST_UPDATED":"2018-04-21T12:49:02.000-04:00"}
{"FIRST_NAME":"Socorro","MIDDLE_NAME":"laverne","LAST_NAME":"Hoover","SSN":123454975,"CREDIT_CARD_NO":"4210653363271419","APT_NO":"983","STREET_NAME":"Cooper Street","CUST_CITY":"Seymour","CUST_STATE":"IN","CUST_COUNTRY":"United States","CUST_ZIP":"47274","CUST_PHONE":"(337)124-1577","CUST_EMAIL":"SHoover@example.com","LAST_UPDATED":"2018-04-21T12:49:02.000-04:00"}
{"FIRST_NAME":"Denver","MIDDLE_NAME":"brandi","LAST_NAME":"Valenzuela","SSN":123454995,"CREDIT_CARD_NO":"4210653393764365","APT_NO":"405","STREET_NAME":"North Street","CUST_CITY":"Irvington","CUST_STATE":"NJ","CUST_COUNTRY":"United States","CUST_ZIP":"07111","CUST_PHONE":"(337)124-1700","CUST_EMAIL":"DValenzuela@example.com","LAST_UPDATED":"2018-04-21T12:49:02.000-04:00"}
{"FIRST_NAME":"Royal","MIDDLE_NAME":"enid","LAST_NAME":"Scott","SSN":123455000,"CREDIT_CARD_NO":"4210653328674689","APT_NO":"929","STREET_NAME":"Ivy Lane","CUST_CITY":"Dundalk","CUST_STATE":"MD","CUST_COUNTRY":"United States","CUST_ZIP":"21222","CUST_PHONE":"(337)123-6625","CUST_EMAIL":"RScott@example.com","LAST_UPDATED":"2018-04-21T12:49:02.000-04:00"}
{"FIRST_NAME":"Emmitt","MIDDLE_NAME":"angeline","LAST_NAME":"Mcfarland","SSN":123455001,"CREDIT_CARD_NO":"4210653360481256","APT_NO":"197","STREET_NAME":"Route 7","CUST_CITY":"Harleysville","CUST_STATE":"PA","CUST_COUNTRY":"United States","CUST_ZIP":"19438","CUST_PHONE":"(337)123-6877","CUST_EMAIL":"EMcfarland@example.com","LAST_UPDATED":"2018-04-21T12:49:02.000-04:00"}
{"FIRST_NAME":"Dora","MIDDLE_NAME":"deon","LAST_NAME":"Timmons","SSN":123455002,"CREDIT_CARD_NO":"4210653363336062","APT_NO":"500","STREET_NAME":"Cherry Street","CUST_CITY":"Owosso","CUST_STATE":"MI","CUST_COUNTRY":"United States","CUST_ZIP":"48867","CUST_PHONE":"(337)123-6526","CUST_EMAIL":"DTimmons@example.com","LAST_UPDATED":"2018-04-21T12:49:02.000-04:00"}
{"FIRST_NAME":"Jannie","MIDDLE_NAME":"jerry","LAST_NAME":"Hatch","SSN":123455024,"CREDIT_CARD_NO":"4210653399451924","APT_NO":"403","STREET_NAME":"Willow Lane","CUST_CITY":"Brentwood","CUST_STATE":"NY","CUST_COUNTRY":"United States","CUST_ZIP":"11717","CUST_PHONE":"(337)123-8933","CUST_EMAIL":"JHatch@example.com","LAST_UPDATED":"2018-04-21T12:49:02.000-04:00"}
{"FIRST_NAME":"Ola","MIDDLE_NAME":"ina","LAST_NAME":"Jones","SSN":123455035,"CREDIT_CARD_NO":"4210653348484416","APT_NO":"916","STREET_NAME":"Dogwood Drive","CUST_CITY":"SouthRichmondHill","CUST_STATE":"NY","CUST_COUNTRY":"United States","CUST_ZIP":"11419","CUST_PHONE":"(337)124-1777","CUST_EMAIL":"OJones@example.com","LAST_UPDATED":"2018-04-21T12:49:02.000-04:00"}
{"FIRST_NAME":"Merrill","MIDDLE_NAME":"santos","LAST_NAME":"Nicholson","SSN":123455038,"CREDIT_CARD_NO":"4210653313592576","APT_NO":"618","STREET_NAME":"Woodland Drive","CUST_CITY":"Middleburg","CUST_STATE":"FL","CUST_COUNTRY":"United States","CUST_ZIP":"32068","CUST_PHONE":"(337)124-1801","CUST_EMAIL":"MNicholson@example.com","LAST_UPDATED":"2018-04-21T12:49:02.000-04:00"}
{"FIRST_NAME":"Louie","MIDDLE_NAME":"merrill","LAST_NAME":"Sherwood","SSN":123455041,"CREDIT_CARD_NO":"4210653386163460","APT_NO":"832","STREET_NAME":"Eagle Street","CUST_CITY":"EllicottCity","CUST_STATE":"MD","CUST_COUNTRY":"United States","CUST_ZIP":"21042","CUST_PHONE":"(337)123-6086","CUST_EMAIL":"LSherwood@example.com","LAST_UPDATED":"2018-04-21T12:49:02.000-04:00"}
{"FIRST_NAME":"Kennith","MIDDLE_NAME":"carla","LAST_NAME":"Skinner","SSN":123455042,"CREDIT_CARD_NO":"4210653357449324","APT_NO":"767","STREET_NAME":"Sheffield Drive","CUST_CITY":"HoffmanEstates","CUST_STATE":"IL","CUST_COUNTRY":"United States","CUST_ZIP":"60169","CUST_PHONE":"(337)123-6316","CUST_EMAIL":"KSkinner@example.com","LAST_UPDATED":"2018-04-21T12:49:02.000-04:00"}
{"FIRST_NAME":"Trisha","MIDDLE_NAME":"charlotte","LAST_NAME":"Corbett","SSN":123455043,"CREDIT_CARD_NO":"4210653391373717","APT_NO":"371","STREET_NAME":"York Road","CUST_CITY":"FortWashington","CUST_STATE":"MD","CUST_COUNTRY":"United States","CUST_ZIP":"20744","CUST_PHONE":"(337)124-2840","CUST_EMAIL":"TCorbett@example.com","LAST_UPDATED":"2018-04-21T12:49:02.000-04:00"}
{"FIRST_NAME":"Courtney","MIDDLE_NAME":"elisha","LAST_NAME":"Hammer","SSN":123455046,"CREDIT_CARD_NO":"4210653379288662","APT_NO":"436","STREET_NAME":"Wall Street","CUST_CITY":"Andover","CUST_STATE":"MA","CUST_COUNTRY":"United States","CUST_ZIP":"01810","CUST_PHONE":"(337)123-9568","CUST_EMAIL":"CHammer@example.com","LAST_UPDATED":"2018-04-21T12:49:02.000-04:00"}
{"FIRST_NAME":"Cristina","MIDDLE_NAME":"loraine","LAST_NAME":"Butcher","SSN":123455047,"CREDIT_CARD_NO":"4210653391973347","APT_NO":"400","STREET_NAME":"Winding Way","CUST_CITY":"Parlin","CUST_STATE":"NJ","CUST_COUNTRY":"United States","CUST_ZIP":"08859","CUST_PHONE":"(337)123-9680","CUST_EMAIL":"CButcher@example.com","LAST_UPDATED":"2018-04-21T12:49:02.000-04:00"}
{"FIRST_NAME":"Darell","MIDDLE_NAME":"benedict","LAST_NAME":"Bradshaw","SSN":123455071,"CREDIT_CARD_NO":"4210653355020087","APT_NO":"809","STREET_NAME":"11th Street","CUST_CITY":"Osseo","CUST_STATE":"MN","CUST_COUNTRY":"United States","CUST_ZIP":"55311","CUST_PHONE":"(337)123-6917","CUST_EMAIL":"DBradshaw@example.com","LAST_UPDATED":"2018-04-21T12:49:02.000-04:00"}
{"FIRST_NAME":"Quinton","MIDDLE_NAME":"tonia","LAST_NAME":"Mayes","SSN":123455074,"CREDIT_CARD_NO":"4210653355326654","APT_NO":"616","STREET_NAME":"Valley View Road","CUST_CITY":"Independence","CUST_STATE":"KY","CUST_COUNTRY":"United States","CUST_ZIP":"41051","CUST_PHONE":"(337)123-5913","CUST_EMAIL":"QMayes@example.com","LAST_UPDATED":"2018-04-21T12:49:02.000-04:00"}
{"FIRST_NAME":"Leigh","MIDDLE_NAME":"maryann","LAST_NAME":"Melendez","SSN":123455081,"CREDIT_CARD_NO":"4210653364563345","APT_NO":"325","STREET_NAME":"Pine Street","CUST_CITY":"SilverSpring","CUST_STATE":"MD","CUST_COUNTRY":"United States","CUST_ZIP":"20901","CUST_PHONE":"(337)124-2938","CUST_EMAIL":"LMelendez@example.com","LAST_UPDATED":"2018-04-21T12:49:02.000-04:00"}
{"FIRST_NAME":"Velma","MIDDLE_NAME":"reva","LAST_NAME":"Meyers","SSN":123455083,"CREDIT_CARD_NO":"4210653331323980","APT_NO":"608","STREET_NAME":"Forest Avenue","CUST_CITY":"Oxnard","CUST_STATE":"CA","CUST_COUNTRY":"United States","CUST_ZIP":"93035","CUST_PHONE":"(337)124-3148","CUST_EMAIL":"VMeyers@example.com","LAST_UPDATED":"2018-04-21T12:49:02.000-04:00"}
{"FIRST_NAME":"Virgil","MIDDLE_NAME":"reuben","LAST_NAME":"Drake","SSN":123455084,"CREDIT_CARD_NO":"4210653361462119","APT_NO":"400","STREET_NAME":"Circle Drive","CUST_CITY":"Yakima","CUST_STATE":"WA","CUST_COUNTRY":"United States","CUST_ZIP":"98908","CUST_PHONE":"(337)124-1416","CUST_EMAIL":"VDrake@example.com","LAST_UPDATED":"2018-04-21T12:49:02.000-04:00"}
{"FIRST_NAME":"Nadia","MIDDLE_NAME":"erica","LAST_NAME":"Dunham","SSN":123455094,"CREDIT_CARD_NO":"4210653383066414","APT_NO":"965","STREET_NAME":"Route 202","CUST_CITY":"Monroeville","CUST_STATE":"PA","CUST_COUNTRY":"United States","CUST_ZIP":"15146","CUST_PHONE":"(337)123-8707","CUST_EMAIL":"NDunham@example.com","LAST_UPDATED":"2018-04-21T12:49:02.000-04:00"}
{"FIRST_NAME":"Oren","MIDDLE_NAME":"wyatt","LAST_NAME":"Strickland","SSN":123455098,"CREDIT_CARD_NO":"4210653330232163","APT_NO":"985","STREET_NAME":"Maiden Lane","CUST_CITY":"FloralPark","CUST_STATE":"NY","CUST_COUNTRY":"United States","CUST_ZIP":"11001","CUST_PHONE":"(337)123-8884","CUST_EMAIL":"OStrickland@example.com","LAST_UPDATED":"2018-04-21T12:49:02.000-04:00"}
{"FIRST_NAME":"Shelby","MIDDLE_NAME":"maynard","LAST_NAME":"Mclaughlin","SSN":123455101,"CREDIT_CARD_NO":"4210653339017599","APT_NO":"168","STREET_NAME":"7th Avenue","CUST_CITY":"Dearborn","CUST_STATE":"MI","CUST_COUNTRY":"United States","CUST_ZIP":"48124","CUST_PHONE":"(337)124-1910","CUST_EMAIL":"SMclaughlin@example.com","LAST_UPDATED":"2018-04-21T12:49:02.000-04:00"}
{"FIRST_NAME":"Doreen","MIDDLE_NAME":"noe","LAST_NAME":"Hinkle","SSN":123455115,"CREDIT_CARD_NO":"4210653353435143","APT_NO":"75","STREET_NAME":"Amherst Street","CUST_CITY":"Hanover","CUST_STATE":"PA","CUST_COUNTRY":"United States","CUST_ZIP":"17331","CUST_PHONE":"(337)123-9487","CUST_EMAIL":"DHinkle@example.com","LAST_UPDATED":"2018-04-21T12:49:02.000-04:00"}
{"FIRST_NAME":"Julianne","MIDDLE_NAME":"angelique","LAST_NAME":"Fields","SSN":123455117,"CREDIT_CARD_NO":"4210653380891626","APT_NO":"117","STREET_NAME":"Surrey Lane","CUST_CITY":"Greenville","CUST_STATE":"NC","CUST_COUNTRY":"United States","CUST_ZIP":"27834","CUST_PHONE":"(337)124-3328","CUST_EMAIL":"JFields@example.com","LAST_UPDATED":"2018-04-21T12:49:02.000-04:00"}
{"FIRST_NAME":"Olga","MIDDLE_NAME":"shane","LAST_NAME":"Brandt","SSN":123455130,"CREDIT_CARD_NO":"4210653357893764","APT_NO":"846","STREET_NAME":"Park Drive","CUST_CITY":"Torrance","CUST_STATE":"CA","CUST_COUNTRY":"United States","CUST_ZIP":"90505","CUST_PHONE":"(337)124-1308","CUST_EMAIL":"OBrandt@example.com","LAST_UPDATED":"2018-04-21T12:49:02.000-04:00"}
{"FIRST_NAME":"Gena","MIDDLE_NAME":"debbie","LAST_NAME":"Klein","SSN":123455140,"CREDIT_CARD_NO":"4210653336676415","APT_NO":"914","STREET_NAME":"Schoolhouse Lane","CUST_CITY":"Ashland","CUST_STATE":"OH","CUST_COUNTRY":"United States","CUST_ZIP":"44805","CUST_PHONE":"(337)123-5921","CUST_EMAIL":"GKlein@example.com","LAST_UPDATED":"2018-04-21T12:49:02.000-04:00"}
{"FIRST_NAME":"Lee","MIDDLE_NAME":"cecile","LAST_NAME":"Hayes","SSN":123455142,"CREDIT_CARD_NO":"4210653327427234","APT_NO":"527","STREET_NAME":"Fairview Road","CUST_CITY":"Apopka","CUST_STATE":"FL","CUST_COUNTRY":"United States","CUST_ZIP":"32703","CUST_PHONE":"(337)123-5912","CUST_EMAIL":"LHayes@example.com","LAST_UPDATED":"2018-04-21T12:49:02.000-04:00"}
{"FIRST_NAME":"Mauricio","MIDDLE_NAME":"joni","LAST_NAME":"Scott","SSN":123455176,"CREDIT_CARD_NO":"4210653395716928","APT_NO":"578","STREET_NAME":"Maple Street","CUST_CITY":"Carlisle","CUST_STATE":"PA","CUST_COUNTRY":"United States","CUST_ZIP":"17013","CUST_PHONE":"(337)124-2328","CUST_EMAIL":"MScott@example.com","LAST_UPDATED":"2018-04-21T12:49:02.000-04:00"}
{"FIRST_NAME":"Kelsey","MIDDLE_NAME":"caroline","LAST_NAME":"Bonner","SSN":123455183,"CREDIT_CARD_NO":"4210653373030871","APT_NO":"981","STREET_NAME":"Hamilton Street","CUST_CITY":"Medford","CUST_STATE":"MA","CUST_COUNTRY":"United States","CUST_ZIP":"02155","CUST_PHONE":"(337)123-7802","CUST_EMAIL":"KBonner@example.com","LAST_UPDATED":"2018-04-21T12:49:02.000-04:00"}
{"FIRST_NAME":"Daryl","MIDDLE_NAME":"celeste","LAST_NAME":"Harvey","SSN":123455202,"CREDIT_CARD_NO":"4210653363315716","APT_NO":"512","STREET_NAME":"Buttonwood Drive","CUST_CITY":"Loganville","CUST_STATE":"GA","CUST_COUNTRY":"United States","CUST_ZIP":"30052","CUST_PHONE":"(337)124-0724","CUST_EMAIL":"DHarvey@example.com","LAST_UPDATED":"2018-04-21T12:49:02.000-04:00"}
{"FIRST_NAME":"Dorothea","MIDDLE_NAME":"carolyn","LAST_NAME":"Joyner","SSN":123455217,"CREDIT_CARD_NO":"4210653366489972","APT_NO":"654","STREET_NAME":"Lafayette Avenue","CUST_CITY":"UpperMarlboro","CUST_STATE":"MD","CUST_COUNTRY":"United States","CUST_ZIP":"20772","CUST_PHONE":"(337)123-8290","CUST_EMAIL":"DJoyner@example.com","LAST_UPDATED":"2018-04-21T12:49:02.000-04:00"}
{"FIRST_NAME":"Sheldon","MIDDLE_NAME":"sammie","LAST_NAME":"Terrell","SSN":123455219,"CREDIT_CARD_NO":"4210653325414547","APT_NO":"802","STREET_NAME":"Ivy Court","CUST_CITY":"Victoria","CUST_STATE":"TX","CUST_COUNTRY":"United States","CUST_ZIP":"77904","CUST_PHONE":"(337)124-3026","CUST_EMAIL":"STerrell@example.com","LAST_UPDATED":"2018-04-21T12:49:02.000-04:00"}
{"FIRST_NAME":"Ferdinand","MIDDLE_NAME":"marcelo","LAST_NAME":"Barnett","SSN":123455221,"CREDIT_CARD_NO":"4210653344416975","APT_NO":"384","STREET_NAME":"Sycamore Drive","CUST_CITY":"Bartlett","CUST_STATE":"IL","CUST_COUNTRY":"United States","CUST_ZIP":"60103","CUST_PHONE":"(337)123-5157","CUST_EMAIL":"FBarnett@example.com","LAST_UPDATED":"2018-04-21T12:49:02.000-04:00"}
{"FIRST_NAME":"Leta","MIDDLE_NAME":"jayson","LAST_NAME":"Roach","SSN":123455258,"CREDIT_CARD_NO":"4210653350854058","APT_NO":"535","STREET_NAME":"Hamilton Road","CUST_CITY":"Valrico","CUST_STATE":"FL","CUST_COUNTRY":"United States","CUST_ZIP":"33594","CUST_PHONE":"(337)123-6314","CUST_EMAIL":"LRoach@example.com","LAST_UPDATED":"2018-04-21T12:49:02.000-04:00"}
{"FIRST_NAME":"Scott","MIDDLE_NAME":"roger","LAST_NAME":"Charles","SSN":123455265,"CREDIT_CARD_NO":"4210653386674994","APT_NO":"498","STREET_NAME":"4th Street South","CUST_CITY":"Middleburg","CUST_STATE":"FL","CUST_COUNTRY":"United States","CUST_ZIP":"32068","CUST_PHONE":"(337)123-7481","CUST_EMAIL":"SCharles@example.com","LAST_UPDATED":"2018-04-21T12:49:02.000-04:00"}
{"FIRST_NAME":"Benny","MIDDLE_NAME":"lorrie","LAST_NAME":"Oconnor","SSN":123455295,"CREDIT_CARD_NO":"4210653312665358","APT_NO":"740","STREET_NAME":"Maiden Lane","CUST_CITY":"Bettendorf","CUST_STATE":"IA","CUST_COUNTRY":"United States","CUST_ZIP":"52722","CUST_PHONE":"(337)123-6989","CUST_EMAIL":"BOconnor@example.com","LAST_UPDATED":"2018-04-21T12:49:02.000-04:00"}
{"FIRST_NAME":"Tori","MIDDLE_NAME":"lisa","LAST_NAME":"Guzman","SSN":123455296,"CREDIT_CARD_NO":"4210653336628376","APT_NO":"998","STREET_NAME":"Madison Court","CUST_CITY":"LakeJackson","CUST_STATE":"TX","CUST_COUNTRY":"United States","CUST_ZIP":"77566","CUST_PHONE":"(337)124-2440","CUST_EMAIL":"TGuzman@example.com","LAST_UPDATED":"2018-04-21T12:49:02.000-04:00"}
{"FIRST_NAME":"Cyril","MIDDLE_NAME":"dayna","LAST_NAME":"Lutz","SSN":123455302,"CREDIT_CARD_NO":"4210653326355543","APT_NO":"318","STREET_NAME":"Fairview Avenue","CUST_CITY":"Ames","CUST_STATE":"IA","CUST_COUNTRY":"United States","CUST_ZIP":"50010","CUST_PHONE":"(337)124-0234","CUST_EMAIL":"CLutz@example.com","LAST_UPDATED":"2018-04-21T12:49:02.000-04:00"}
{"FIRST_NAME":"Erin","MIDDLE_NAME":"gilberto","LAST_NAME":"Black","SSN":123455315,"CREDIT_CARD_NO":"4210653358697186","APT_NO":"609","STREET_NAME":"Berkshire Drive","CUST_CITY":"Parlin","CUST_STATE":"NJ","CUST_COUNTRY":"United States","CUST_ZIP":"08859","CUST_PHONE":"(337)124-0690","CUST_EMAIL":"EBlack@example.com","LAST_UPDATED":"2018-04-21T12:49:02.000-04:00"}
{"FIRST_NAME":"Jordan","MIDDLE_NAME":"kristine","LAST_NAME":"Heller","SSN":123455322,"CREDIT_CARD_NO":"4210653335706333","APT_NO":"186","STREET_NAME":"West Street","CUST_CITY":"Rockaway","CUST_STATE":"NJ","CUST_COUNTRY":"United States","CUST_ZIP":"07866","CUST_PHONE":"(337)123-6093","CUST_EMAIL":"JHeller@example.com","LAST_UPDATED":"2018-04-21T12:49:02.000-04:00"}
{"FIRST_NAME":"Mina","MIDDLE_NAME":"neil","LAST_NAME":"Benton","SSN":123455330,"CREDIT_CARD_NO":"4210653352896508","APT_NO":"607","STREET_NAME":"Windsor Court","CUST_CITY":"Taunton","CUST_STATE":"MA","CUST_COUNTRY":"United States","CUST_ZIP":"02780","CUST_PHONE":"(337)123-8430","CUST_EMAIL":"MBenton@example.com","LAST_UPDATED":"2018-04-21T12:49:02.000-04:00"}
{"FIRST_NAME":"Nickolas","MIDDLE_NAME":"marvin","LAST_NAME":"Yu","SSN":123455340,"CREDIT_CARD_NO":"4210653344290689","APT_NO":"797","STREET_NAME":"Spruce Avenue","CUST_CITY":"Frederick","CUST_STATE":"MD","CUST_COUNTRY":"United States","CUST_ZIP":"21701","CUST_PHONE":"(337)123-6118","CUST_EMAIL":"NYu@example.com","LAST_UPDATED":"2018-04-21T12:49:02.000-04:00"}
{"FIRST_NAME":"Patty","MIDDLE_NAME":"angelita","LAST_NAME":"Thomas","SSN":123455343,"CREDIT_CARD_NO":"4210653311652836","APT_NO":"195","STREET_NAME":"Jones Street","CUST_CITY":"YubaCity","CUST_STATE":"CA","CUST_COUNTRY":"United States","CUST_ZIP":"95993","CUST_PHONE":"(337)123-9888","CUST_EMAIL":"PThomas@example.com","LAST_UPDATED":"2018-04-21T12:49:02.000-04:00"}
{"FIRST_NAME":"Clifford","MIDDLE_NAME":"terrie","LAST_NAME":"Henry","SSN":123455345,"CREDIT_CARD_NO":"4210653357017766","APT_NO":"94","STREET_NAME":"Canterbury Court","CUST_CITY":"Woodside","CUST_STATE":"NY","CUST_COUNTRY":"United States","CUST_ZIP":"11377","CUST_PHONE":"(337)124-1841","CUST_EMAIL":"CHenry@example.com","LAST_UPDATED":"2018-04-21T12:49:02.000-04:00"}
{"FIRST_NAME":"Esperanza","MIDDLE_NAME":"britt","LAST_NAME":"Mcknight","SSN":123455349,"CREDIT_CARD_NO":"4210653353323670","APT_NO":"496","STREET_NAME":"Front Street","CUST_CITY":"Hempstead","CUST_STATE":"NY","CUST_COUNTRY":"United States","CUST_ZIP":"11550","CUST_PHONE":"(337)123-9122","CUST_EMAIL":"EMcknight@example.com","LAST_UPDATED":"2018-04-21T12:49:02.000-04:00"}
{"FIRST_NAME":"Denis","MIDDLE_NAME":"henrietta","LAST_NAME":"Shafer","SSN":123455362,"CREDIT_CARD_NO":"4210653389631531","APT_NO":"300","STREET_NAME":"Briarwood Court","CUST_CITY":"OxonHill","CUST_STATE":"MD","CUST_COUNTRY":"United States","CUST_ZIP":"20745","CUST_PHONE":"(337)123-6592","CUST_EMAIL":"DShafer@example.com","LAST_UPDATED":"2018-04-21T12:49:02.000-04:00"}
{"FIRST_NAME":"Angel","MIDDLE_NAME":"rowena","LAST_NAME":"Wolff","SSN":123455376,"CREDIT_CARD_NO":"4210653329195393","APT_NO":"972","STREET_NAME":"Madison Street","CUST_CITY":"Middleburg","CUST_STATE":"FL","CUST_COUNTRY":"United States","CUST_ZIP":"32068","CUST_PHONE":"(337)123-6366","CUST_EMAIL":"AWolff@example.com","LAST_UPDATED":"2018-04-21T12:49:02.000-04:00"}
{"FIRST_NAME":"June","MIDDLE_NAME":"josef","LAST_NAME":"Knight","SSN":123455384,"CREDIT_CARD_NO":"4210653350938555","APT_NO":"335","STREET_NAME":"Pin Oak Drive","CUST_CITY":"GardenCity","CUST_STATE":"NY","CUST_COUNTRY":"United States","CUST_ZIP":"11530","CUST_PHONE":"(337)123-5403","CUST_EMAIL":"JKnight@example.com","LAST_UPDATED":"2018-04-21T12:49:02.000-04:00"}
{"FIRST_NAME":"Lenora","MIDDLE_NAME":"eldridge","LAST_NAME":"Burger","SSN":123455386,"CREDIT_CARD_NO":"4210653320427983","APT_NO":"509","STREET_NAME":"Church Street South","CUST_CITY":"DeerfieldBeach","CUST_STATE":"FL","CUST_COUNTRY":"United States","CUST_ZIP":"33442","CUST_PHONE":"(337)124-0800","CUST_EMAIL":"LBurger@example.com","LAST_UPDATED":"2018-04-21T12:49:02.000-04:00"}
{"FIRST_NAME":"Marcia","MIDDLE_NAME":"martha","LAST_NAME":"Craft","SSN":123455406,"CREDIT_CARD_NO":"4210653366723665","APT_NO":"101","STREET_NAME":"John Street","CUST_CITY":"Sykesville","CUST_STATE":"MD","CUST_COUNTRY":"United States","CUST_ZIP":"21784","CUST_PHONE":"(337)124-3152","CUST_EMAIL":"MCraft@example.com","LAST_UPDATED":"2018-04-21T12:49:02.000-04:00"}
{"FIRST_NAME":"Lavonne","MIDDLE_NAME":"bo","LAST_NAME":"Lake","SSN":123455417,"CREDIT_CARD_NO":"4210653327599222","APT_NO":"788","STREET_NAME":"Williams Street","CUST_CITY":"Conyers","CUST_STATE":"GA","CUST_COUNTRY":"United States","CUST_ZIP":"30012","CUST_PHONE":"(337)123-9505","CUST_EMAIL":"LLake@example.com","LAST_UPDATED":"2018-04-21T12:49:02.000-04:00"}
{"FIRST_NAME":"Ronda","MIDDLE_NAME":"kendrick","LAST_NAME":"Bergeron","SSN":123455423,"CREDIT_CARD_NO":"4210653386181287","APT_NO":"952","STREET_NAME":"Durham Court","CUST_CITY":"Enterprise","CUST_STATE":"AL","CUST_COUNTRY":"United States","CUST_ZIP":"36330","CUST_PHONE":"(337)123-5849","CUST_EMAIL":"RBergeron@example.com","LAST_UPDATED":"2018-04-21T12:49:02.000-04:00"}
{"FIRST_NAME":"Charity","MIDDLE_NAME":"parker","LAST_NAME":"Kern","SSN":123455425,"CREDIT_CARD_NO":"4210653366626523","APT_NO":"279","STREET_NAME":"Crescent Street","CUST_CITY":"Summerville","CUST_STATE":"SC","CUST_COUNTRY":"United States","CUST_ZIP":"29483","CUST_PHONE":"(337)124-0162","CUST_EMAIL":"CKern@example.com","LAST_UPDATED":"2018-04-21T12:49:02.000-04:00"}
{"FIRST_NAME":"Petra","MIDDLE_NAME":"aimee","LAST_NAME":"Arthur","SSN":123455433,"CREDIT_CARD_NO":"4210653368410297","APT_NO":"114","STREET_NAME":"North Street","CUST_CITY":"WappingersFalls","CUST_STATE":"NY","CUST_COUNTRY":"United States","CUST_ZIP":"12590","CUST_PHONE":"(337)124-0936","CUST_EMAIL":"PArthur@example.com","LAST_UPDATED":"2018-04-21T12:49:02.000-04:00"}
{"FIRST_NAME":"Mellisa","MIDDLE_NAME":"luis","LAST_NAME":"Andrade","SSN":123455439,"CREDIT_CARD_NO":"4210653380523556","APT_NO":"823","STREET_NAME":"12th Street East","CUST_CITY":"GardenCity","CUST_STATE":"NY","CUST_COUNTRY":"United States","CUST_ZIP":"11530","CUST_PHONE":"(337)124-1912","CUST_EMAIL":"MAndrade@example.com","LAST_UPDATED":"2018-04-21T12:49:02.000-04:00"}
