{"FIRST_NAME":"Marcel","MIDDLE_NAME":"andreas","LAST_NAME":"Campy","SSN":123451007,"CREDIT_CARD_NO":"4210653344660822","APT_NO":"762","STREET_NAME":"College Avenue","CUST_CITY":"Chambersburg","CUST_STATE":"PA","CUST_COUNTRY":"United States","CUST_ZIP":"17201","CUST_PHONE":"(337)124-1782","CUST_EMAIL":"MCamp@example.com","LAST_UPDATED":"2018-04-21T12:49:02.000-04:00"}
{"FIRST_NAME":"Stacey","MIDDLE_NAME":"garfield","LAST_NAME":"Fields","SSN":123451012,"CREDIT_CARD_NO":"4210653375981317","APT_NO":"419","STREET_NAME":"Sycamore Drive","CUST_CITY":"SanLorenzo","CUST_STATE":"CA","CUST_COUNTRY":"United States","CUST_ZIP":"94580","CUST_PHONE":"(337)123-4687","CUST_EMAIL":"SFields@example.com","LAST_UPDATED":"2018-04-21T12:49:02.000-04:00"}
{"FIRST_NAME":"Oren","MIDDLE_NAME":"bernadette","LAST_NAME":"Finn","SSN":123451037,"CREDIT_CARD_NO":"4210653316827505","APT_NO":"389","STREET_NAME":"Winding Way","CUST_CITY":"Carrollton","CUST_STATE":"GA","CUST_COUNTRY":"United States","CUST_ZIP":"30117","CUST_PHONE":"(337)124-3309","CUST_EMAIL":"OFinn@example.com","LAST_UPDATED":"2018-04-21T12:49:02.000-04:00"}
{"FIRST_NAME":"Ike","MIDDLE_NAME":"logan","LAST_NAME":"Lane","SSN":123451041,"CREDIT_CARD_NO":"4210653352152800","APT_NO":"489","STREET_NAME":"Henry Street","CUST_CITY":"Reidsville","CUST_STATE":"NC","CUST_COUNTRY":"United States","CUST_ZIP":"27320","CUST_PHONE":"(337)123-7396","CUST_EMAIL":"ILane@example.com","LAST_UPDATED":"2018-04-21T12:49:02.000-04:00"}
{"FIRST_NAME":"Tracey","MIDDLE_NAME":"austin","LAST_NAME":"Richards","SSN":123451068,"CREDIT_CARD_NO":"4210653312588692","APT_NO":"147","STREET_NAME":"Durham Road","CUST_CITY":"Rowlett","CUST_STATE":"TX","CUST_COUNTRY":"United States","CUST_ZIP":"75088","CUST_PHONE":"(337)123-6077","CUST_EMAIL":"TRichards@example.com","LAST_UPDATED":"2018-04-21T12:49:02.000-04:00"}
{"FIRST_NAME":"Loraine","MIDDLE_NAME":"abel","LAST_NAME":"Campbell","SSN":123451069,"CREDIT_CARD_NO":"4210653376538491","APT_NO":"561","STREET_NAME":"Chestnut Street","CUST_CITY":"Victoria","CUST_STATE":"TX","CUST_COUNTRY":"United States","CUST_ZIP":"77904","CUST_PHONE":"(337)124-0528","CUST_EMAIL":"LCampbell@example.com","LAST_UPDATED":"2018-04-21T12:49:02.000-04:00"}
{"FIRST_NAME":"Rosanne","MIDDLE_NAME":"tania","LAST_NAME":"Deleon","SSN":123451070,"CREDIT_CARD_NO":"4210653327270061","APT_NO":"500","STREET_NAME":"Holly Drive","CUST_CITY":"Osseo","CUST_STATE":"MN","CUST_COUNTRY":"United States","CUST_ZIP":"55311","CUST_PHONE":"(337)124-0421","CUST_EMAIL":"RDeleon@example.com","LAST_UPDATED":"2018-04-21T12:49:02.000-04:00"}
{"FIRST_NAME":"Daryl","MIDDLE_NAME":"erin","LAST_NAME":"Parks","SSN":123451071,"CREDIT_CARD_NO":"4210653314009556","APT_NO":"84","STREET_NAME":"Broad Street","CUST_CITY":"Trenton","CUST_STATE":"NJ","CUST_COUNTRY":"United States","CUST_ZIP":"08610","CUST_PHONE":"(337)123-5784","CUST_EMAIL":"DParks@example.com","LAST_UPDATED":"2018-04-21T12:49:02.000-04:00"}
{"FIRST_NAME":"Addie","MIDDLE_NAME":"agnes","LAST_NAME":"Womack","SSN":123451088,"CREDIT_CARD_NO":"4210653379290313","APT_NO":"656","STREET_NAME":"East Avenue","CUST_CITY":"NewHaven","CUST_STATE":"CT","CUST_COUNTRY":"United States","CUST_ZIP":"06511","CUST_PHONE":"(337)124-2026","CUST_EMAIL":"AWomack@example.com","LAST_UPDATED":"2018-04-21T12:49:02.000-04:00"}
{"FIRST_NAME":"Nikki","MIDDLE_NAME":"joyce","LAST_NAME":"Lugo","SSN":123451092,"CREDIT_CARD_NO":"4210653322807170","APT_NO":"724","STREET_NAME":"Route 41","CUST_CITY":"Jonesboro","CUST_STATE":"GA","CUST_COUNTRY":"United States","CUST_ZIP":"30236","CUST_PHONE":"(337)123-9010","CUST_EMAIL":"NLugo@example.com","LAST_UPDATED":"2018-04-21T12:49:02.000-04:00"}
{"FIRST_NAME":"Kris","MIDDLE_NAME":"cyrus","LAST_NAME":"Hines","SSN":123451093,"CREDIT_CARD_NO":"4210653389763988","APT_NO":"30","STREET_NAME":"Mulberry Lane","CUST_CITY":"Plainview","CUST_STATE":"NY","CUST_COUNTRY":"United States","CUST_ZIP":"11803","CUST_PHONE":"(337)123-8634","CUST_EMAIL":"KHines@example.com","LAST_UPDATED":"2018-04-21T12:49:02.000-04:00"}
{"FIRST_NAME":"Justina","MIDDLE_NAME":"clifford","LAST_NAME":"Mcconnell","SSN":123451104,"CREDIT_CARD_NO":"4210653371997788","APT_NO":"116","STREET_NAME":"Aspen Court","CUST_CITY":"NewHaven","CUST_STATE":"CT","CUST_COUNTRY":"United States","CUST_ZIP":"06511","CUST_PHONE":"(337)124-1487","CUST_EMAIL":"JMcconnell@example.com","LAST_UPDATED":"2018-04-21T12:49:02.000-04:00"}
{"FIRST_NAME":"Fern","MIDDLE_NAME":"pearlie","LAST_NAME":"Chase","SSN":123451105,"CREDIT_CARD_NO":"4210653337579457","APT_NO":"401","STREET_NAME":"Spruce Street","CUST_CITY":"NewBerlin","CUST_STATE":"WI","CUST_COUNTRY":"United States","CUST_ZIP":"53151","CUST_PHONE":"(337)124-3104","CUST_EMAIL":"FChase@example.com","LAST_UPDATED":"2018-04-21T12:49:02.000-04:00"}
{"FIRST_NAME":"Hipolito","MIDDLE_NAME":"huey","LAST_NAME":"Doss","SSN":123451108,"CREDIT_CARD_NO":"4210653383788447","APT_NO":"158","STREET_NAME":"South Street","CUST_CITY":"Acworth","CUST_STATE":"GA","CUST_COUNTRY":"United States","CUST_ZIP":"30101","CUST_PHONE":"(337)124-3066","CUST_EMAIL":"HDoss@example.com","LAST_UPDATED":"2018-04-21T12:49:02.000-04:00"}
{"FIRST_NAME":"Ty","MIDDLE_NAME":"leticia","LAST_NAME":"Daly","SSN":123451125,"CREDIT_CARD_NO":"4210653379686106","APT_NO":"717","STREET_NAME":"Brandywine Drive","CUST_CITY":"Grandville","CUST_STATE":"MI","CUST_COUNTRY":"United States","CUST_ZIP":"49418","CUST_PHONE":"(337)124-1370","CUST_EMAIL":"TDaly@example.com","LAST_UPDATED":"2018-04-21T12:49:02.000-04:00"}
{"FIRST_NAME":"Lamont","MIDDLE_NAME":"arnoldo","LAST_NAME":"Billings","SSN":123451131,"CREDIT_CARD_NO":"4210653365921958","APT_NO":"716","STREET_NAME":"Schoolhouse Lane","CUST_CITY":"Bettendorf","CUST_STATE":"IA","CUST_COUNTRY":"United States","CUST_ZIP":"52722","CUST_PHONE":"(337)123-9862","CUST_EMAIL":"LBillings@example.com","LAST_UPDATED":"2018-04-21T12:49:02.000-04:00"}
{"FIRST_NAME":"Hayden","MIDDLE_NAME":"corina","LAST_NAME":"Chambers","SSN":123451135,"CREDIT_CARD_NO":"4210653332949005","APT_NO":"181","STREET_NAME":"Willow Lane","CUST_CITY":"GardenCity","CUST_STATE":"NY","CUST_COUNTRY":"United States","CUST_ZIP":"11530","CUST_PHONE":"(337)123-8709","CUST_EMAIL":"HChambers@example.com","LAST_UPDATED":"2018-04-21T12:49:02.000-04:00"}
{"FIRST_NAME":"Rigoberto","MIDDLE_NAME":"annette","LAST_NAME":"Kennedy","SSN":123451152,"CREDIT_CARD_NO":"4210653314938984","APT_NO":"235","STREET_NAME":"Laurel Street","CUST_CITY":"Kernersville","CUST_STATE":"NC","CUST_COUNTRY":"United States","CUST_ZIP":"27284","CUST_PHONE":"(337)124-0490","CUST_EMAIL":"RKennedy@example.com","LAST_UPDATED":"2018-04-21T12:49:02.000-04:00"}
{"FIRST_NAME":"Matt","MIDDLE_NAME":"arthur","LAST_NAME":"Mcwilliams","SSN":123451164,"CREDIT_CARD_NO":"4210653367134037","APT_NO":"712","STREET_NAME":"Sheffield Drive","CUST_CITY":"Bethesda","CUST_STATE":"MD","CUST_COUNTRY":"United States","CUST_ZIP":"20814","CUST_PHONE":"(337)124-0021","CUST_EMAIL":"MMcwilliams@example.com","LAST_UPDATED":"2018-04-21T12:49:02.000-04:00"}
{"FIRST_NAME":"Rodrigo","MIDDLE_NAME":"mauro","LAST_NAME":"Meadows","SSN":123451170,"CREDIT_CARD_NO":"4210653375232564","APT_NO":"28","STREET_NAME":"Route 64","CUST_CITY":"Wilmette","CUST_STATE":"IL","CUST_COUNTRY":"United States","CUST_ZIP":"60091","CUST_PHONE":"(337)123-5202","CUST_EMAIL":"RMeadows@example.com","LAST_UPDATED":"2018-04-21T12:49:02.000-04:00"}
{"FIRST_NAME":"Marguerite","MIDDLE_NAME":"kendrick","LAST_NAME":"Holloway","SSN":123451173,"CREDIT_CARD_NO":"4210653386082107","APT_NO":"933","STREET_NAME":"Broad Street West","CUST_CITY":"WappingersFalls","CUST_STATE":"NY","CUST_COUNTRY":"United States","CUST_ZIP":"12590","CUST_PHONE":"(337)123-4574","CUST_EMAIL":"MHolloway@example.com","LAST_UPDATED":"2018-04-21T12:49:02.000-04:00"}
{"FIRST_NAME":"Leona","MIDDLE_NAME":"paige","LAST_NAME":"Combs","SSN":123451180,"CREDIT_CARD_NO":"4210653380740678","APT_NO":"989","STREET_NAME":"Sycamore Lane","CUST_CITY":"Mundelein","CUST_STATE":"IL","CUST_COUNTRY":"United States","CUST_ZIP":"60060","CUST_PHONE":"(337)124-3093","CUST_EMAIL":"LCombs@example.com","LAST_UPDATED":"2018-04-21T12:49:02.000-04:00"}
{"FIRST_NAME":"Lisa","MIDDLE_NAME":"demetrius","LAST_NAME":"Reeves","SSN":123451185,"CREDIT_CARD_NO":"4210653362677974","APT_NO":"308","STREET_NAME":"North Street","CUST_CITY":"Teaneck","CUST_STATE":"NJ","CUST_COUNTRY":"United States","CUST_ZIP":"07666","CUST_PHONE":"(337)124-2869","CUST_EMAIL":"LReeves@example.com","LAST_UPDATED":"2018-04-21T12:49:02.000-04:00"}
{"FIRST_NAME":"Doris","MIDDLE_NAME":"dominick","LAST_NAME":"Mullen","SSN":123451203,"CREDIT_CARD_NO":"4210653391209623","APT_NO":"568","STREET_NAME":"Pearl Street","CUST_CITY":"Woodside","CUST_STATE":"NY","CUST_COUNTRY":"United States","CUST_ZIP":"11377","CUST_PHONE":"(337)123-5600","CUST_EMAIL":"DMullen@example.com","LAST_UPDATED":"2018-04-21T12:49:02.000-04:00"}
{"FIRST_NAME":"Lorenzo","MIDDLE_NAME":"geneva","LAST_NAME":"Talley","SSN":123451215,"CREDIT_CARD_NO":"4210653352364608","APT_NO":"391","STREET_NAME":"Valley Drive","CUST_CITY":"Wethersfield","CUST_STATE":"CT","CUST_COUNTRY":"United States","CUST_ZIP":"06109","CUST_PHONE":"(337)123-5585","CUST_EMAIL":"LTalley@example.com","LAST_UPDATED":"2018-04-21T12:49:02.000-04:00"}
{"FIRST_NAME":"Huey","MIDDLE_NAME":"violet","LAST_NAME":"Gee","SSN":123451239,"CREDIT_CARD_NO":"4210653328549626","APT_NO":"152","STREET_NAME":"Route 5","CUST_CITY":"Hempstead","CUST_STATE":"NY","CUST_COUNTRY":"United States","CUST_ZIP":"11550","CUST_PHONE":"(337)123-8283","CUST_EMAIL":"HGee@example.com","LAST_UPDATED":"2018-04-21T12:49:02.000-04:00"}
{"FIRST_NAME":"Ismael","MIDDLE_NAME":"guy","LAST_NAME":"Conrad","SSN":123451300,"CREDIT_CARD_NO":"4210653397435570","APT_NO":"129","STREET_NAME":"Shady Lane","CUST_CITY":"BuffaloGrove","CUST_STATE":"IL","CUST_COUNTRY":"United States","CUST_ZIP":"60089","CUST_PHONE":"(337)124-0350","CUST_EMAIL":"IConrad@example.com","LAST_UPDATED":"2018-04-21T12:49:02.000-04:00"}
{"FIRST_NAME":"Jere","MIDDLE_NAME":"donnell","LAST_NAME":"Urban","SSN":123451303,"CREDIT_CARD_NO":"4210653398155235","APT_NO":"99","STREET_NAME":"South Street","CUST_CITY":"Suwanee","CUST_STATE":"GA","CUST_COUNTRY":"United States","CUST_ZIP":"30024","CUST_PHONE":"(337)123-4967","CUST_EMAIL":"JUrban@example.com","LAST_UPDATED":"2018-04-21T12:49:02.000-04:00"}
{"FIRST_NAME":"Del","MIDDLE_NAME":"kim","LAST_NAME":"Madrigal","SSN":123451310,"CREDIT_CARD_NO":"4210653342242023","APT_NO":"984","STREET_NAME":"Ann Street","CUST_CITY":"Midlothian","CUST_STATE":"VA","CUST_COUNTRY":"United States","CUST_ZIP":"23112","CUST_PHONE":"(337)124-1813","CUST_EMAIL":"DMadrigal@example.com","LAST_UPDATED":"2018-04-21T12:49:02.000-04:00"}
{"FIRST_NAME":"Hester","MIDDLE_NAME":"carrie","LAST_NAME":"Connell","SSN":123451330,"CREDIT_CARD_NO":"4210653320822450","APT_NO":"948","STREET_NAME":"Mechanic Street","CUST_CITY":"MurrellsInlet","CUST_STATE":"SC","CUST_COUNTRY":"United States","CUST_ZIP":"29576","CUST_PHONE":"(337)123-9477","CUST_EMAIL":"HConnell@example.com","LAST_UPDATED":"2018-04-21T12:49:02.000-04:00"}
{"FIRST_NAME":"Lisa","MIDDLE_NAME":"gregg","LAST_NAME":"Lee","SSN":123451348,"CREDIT_CARD_NO":"4210653351538528","APT_NO":"106","STREET_NAME":"Jackson Avenue","CUST_CITY":"EllicottCity","CUST_STATE":"MD","CUST_COUNTRY":"United States","CUST_ZIP":"21042","CUST_PHONE":"(337)123-6312","CUST_EMAIL":"LLee@example.com","LAST_UPDATED":"2018-04-21T12:49:02.000-04:00"}
{"FIRST_NAME":"Chelsea","MIDDLE_NAME":"ashlee","LAST_NAME":"Koenig","SSN":123451357,"CREDIT_CARD_NO":"4210653336065945","APT_NO":"344","STREET_NAME":"Spring Street","CUST_CITY":"Oconomowoc","CUST_STATE":"WI","CUST_COUNTRY":"United States","CUST_ZIP":"53066","CUST_PHONE":"(337)123-5422","CUST_EMAIL":"CKoenig@example.com","LAST_UPDATED":"2018-04-21T12:49:02.000-04:00"}
{"FIRST_NAME":"Sofia","MIDDLE_NAME":"gloria","LAST_NAME":"Brady","SSN":123451364,"CREDIT_CARD_NO":"4210653320012911","APT_NO":"993","STREET_NAME":"Cooper Street","CUST_CITY":"Chambersburg","CUST_STATE":"PA","CUST_COUNTRY":"United States","CUST_ZIP":"17201","CUST_PHONE":"(337)123-5814","CUST_EMAIL":"SBrady@example.com","LAST_UPDATED":"2018-04-21T12:49:02.000-04:00"}
{"FIRST_NAME":"Ed","MIDDLE_NAME":"shelton","LAST_NAME":"Norwood","SSN":123451369,"CREDIT_CARD_NO":"4210653331576279","APT_NO":"811","STREET_NAME":"Hudson Street","CUST_CITY":"Osseo","CUST_STATE":"MN","CUST_COUNTRY":"United States","CUST_ZIP":"55311","CUST_PHONE":"(337)124-0118","CUST_EMAIL":"ENorwood@example.com","LAST_UPDATED":"2018-04-21T12:49:02.000-04:00"}
{"FIRST_NAME":"Tamara","MIDDLE_NAME":"penelope","LAST_NAME":"Rosario","SSN":123451372,"CREDIT_CARD_NO":"4210653397194104","APT_NO":"936","STREET_NAME":"Hillside Drive","CUST_CITY":"Rockaway","CUST_STATE":"NJ","CUST_COUNTRY":"United States","CUST_ZIP":"07866","CUST_PHONE":"(337)124-2677","CUST_EMAIL":"TRosario@example.com","LAST_UPDATED":"2018-04-21T12:49:02.000-04:00"}
{"FIRST_NAME":"Laurie","MIDDLE_NAME":"camille","LAST_NAME":"Burch","SSN":123451383,"CREDIT_CARD_NO":"4210653383332703","APT_NO":"286","STREET_NAME":"Canal Street","CUST_CITY":"UpperMarlboro","CUST_STATE":"MD","CUST_COUNTRY":"United States","CUST_ZIP":"20772","CUST_PHONE":"(337)123-7654","CUST_EMAIL":"LBurch@example.com","LAST_UPDATED":"2018-04-21T12:49:02.000-04:00"}
{"FIRST_NAME":"Kellie","MIDDLE_NAME":"britney","LAST_NAME":"Fisher","SSN":123451388,"CREDIT_CARD_NO":"4210653345121387","APT_NO":"395","STREET_NAME":"Ivy Court","CUST_CITY":"Conyers","CUST_STATE":"GA","CUST_COUNTRY":"United States","CUST_ZIP":"30012","CUST_PHONE":"(337)124-3023","CUST_EMAIL":"KFisher@example.com","LAST_UPDATED":"2018-04-21T12:49:02.000-04:00"}
{"FIRST_NAME":"Perry","MIDDLE_NAME":"von","LAST_NAME":"Buchanan","SSN":123451402,"CREDIT_CARD_NO":"4210653326397913","APT_NO":"283","STREET_NAME":"Taylor Street","CUST_CITY":"Oxnard","CUST_STATE":"CA","CUST_COUNTRY":"United States","CUST_ZIP":"93035","CUST_PHONE":"(337)123-7899","CUST_EMAIL":"PBuchanan@example.com","LAST_UPDATED":"2018-04-21T12:49:02.000-04:00"}
{"FIRST_NAME":"Wallace","MIDDLE_NAME":"lonny","LAST_NAME":"Lake","SSN":123451405,"CREDIT_CARD_NO":"4210653347305169","APT_NO":"954","STREET_NAME":"Heritage Drive","CUST_CITY":"Enterprise","CUST_STATE":"AL","CUST_COUNTRY":"United States","CUST_ZIP":"36330","CUST_PHONE":"(337)124-2509","CUST_EMAIL":"WLake@example.com","LAST_UPDATED":"2018-04-21T12:49:02.000-04:00"}
{"FIRST_NAME":"Willis","MIDDLE_NAME":"lara","LAST_NAME":"Espinosa","SSN":123451414,"CREDIT_CARD_NO":"4210653351731756","APT_NO":"250","STREET_NAME":"Oak Lane","CUST_CITY":"Gettysburg","CUST_STATE":"PA","CUST_COUNTRY":"United States","CUST_ZIP":"17325","CUST_PHONE":"(337)124-1118","CUST_EMAIL":"WEspinosa@example.com","LAST_UPDATED":"2018-04-21T12:49:02.000-04:00"}
{"FIRST_NAME":"Eli","MIDDLE_NAME":"marietta","LAST_NAME":"Rivers","SSN":123451417,"CREDIT_CARD_NO":"4210653399389907","APT_NO":"880","STREET_NAME":"Magnolia Drive","CUST_CITY":"Stow","CUST_STATE":"OH","CUST_COUNTRY":"United States","CUST_ZIP":"44224","CUST_PHONE":"(337)123-6346","CUST_EMAIL":"ERivers@example.com","LAST_UPDATED":"2018-04-21T12:49:02.000-04:00"}
{"FIRST_NAME":"Jamison","MIDDLE_NAME":"myrna","LAST_NAME":"Mcelroy","SSN":123451422,"CREDIT_CARD_NO":"4210653361070574","APT_NO":"982","STREET_NAME":"Park Avenue","CUST_CITY":"Youngstown","CUST_STATE":"OH","CUST_COUNTRY":"United States","CUST_ZIP":"44512","CUST_PHONE":"(337)123-6155","CUST_EMAIL":"JMcelroy@example.com","LAST_UPDATED":"2018-04-21T12:49:02.000-04:00"}
{"FIRST_NAME":"Elvis","MIDDLE_NAME":"connie","LAST_NAME":"Dempsey","SSN":123451428,"CREDIT_CARD_NO":"4210653345832070","APT_NO":"727","STREET_NAME":"Route 41","CUST_CITY":"NewPhiladelphia","CUST_STATE":"OH","CUST_COUNTRY":"United States","CUST_ZIP":"44663","CUST_PHONE":"(337)124-1276","CUST_EMAIL":"EDempsey@example.com","LAST_UPDATED":"2018-04-21T12:49:02.000-04:00"}
{"FIRST_NAME":"Sondra","MIDDLE_NAME":"alejandro","LAST_NAME":"Womack","SSN":123451436,"CREDIT_CARD_NO":"4210653364380528","APT_NO":"569","STREET_NAME":"Penn Street","CUST_CITY":"Harleysville","CUST_STATE":"PA","CUST_COUNTRY":"United States","CUST_ZIP":"19438","CUST_PHONE":"(337)123-8187","CUST_EMAIL":"SWomack@example.com","LAST_UPDATED":"2018-04-21T12:49:02.000-04:00"}
{"FIRST_NAME":"Blanca","MIDDLE_NAME":"lee","LAST_NAME":"Wall","SSN":123451445,"CREDIT_CARD_NO":"4210653355758008","APT_NO":"79","STREET_NAME":"Route 100","CUST_CITY":"AllisonPark","CUST_STATE":"PA","CUST_COUNTRY":"United States","CUST_ZIP":"15101","CUST_PHONE":"(337)124-0205","CUST_EMAIL":"BWall@example.com","LAST_UPDATED":"2018-04-21T12:49:02.000-04:00"}
{"FIRST_NAME":"Mercedes","MIDDLE_NAME":"coleman","LAST_NAME":"Woodard","SSN":123451454,"CREDIT_CARD_NO":"4210653315537073","APT_NO":"660","STREET_NAME":"Bridge Street","CUST_CITY":"Middleburg","CUST_STATE":"FL","CUST_COUNTRY":"United States","CUST_ZIP":"32068","CUST_PHONE":"(337)123-5632","CUST_EMAIL":"MWoodard@example.com","LAST_UPDATED":"2018-04-21T12:49:02.000-04:00"}
{"FIRST_NAME":"Antonia","MIDDLE_NAME":"lucinda","LAST_NAME":"Mccoy","SSN":123451468,"CREDIT_CARD_NO":"4210653386024758","APT_NO":"584","STREET_NAME":"Adams Avenue","CUST_CITY":"Reidsville","CUST_STATE":"NC","CUST_COUNTRY":"United States","CUST_ZIP":"27320","CUST_PHONE":"(337)123-6715","CUST_EMAIL":"AMccoy@example.com","LAST_UPDATED":"2018-04-21T12:49:02.000-04:00"}
{"FIRST_NAME":"Benita","MIDDLE_NAME":"meredith","LAST_NAME":"Hickey","SSN":123451477,"CREDIT_CARD_NO":"4210653357951161","APT_NO":"35","STREET_NAME":"Washington Avenue","CUST_CITY":"Marietta","CUST_STATE":"GA","CUST_COUNTRY":"United States","CUST_ZIP":"30008","CUST_PHONE":"(337)123-5548","CUST_EMAIL":"BHickey@example.com","LAST_UPDATED":"2018-04-21T12:49:02.000-04:00"}
{"FIRST_NAME":"Buford","MIDDLE_NAME":"ernestine","LAST_NAME":"Tran","SSN":123451503,"CREDIT_CARD_NO":"4210653385819143","APT_NO":"927","STREET_NAME":"Marshall Street","CUST_CITY":"Trenton","CUST_STATE":"NJ","CUST_COUNTRY":"United States","CUST_ZIP":"08610","CUST_PHONE":"(337)123-5610","CUST_EMAIL":"BTran@example.com","LAST_UPDATED":"2018-04-21T12:49:02.000-04:00"}
{"FIRST_NAME":"Deana","MIDDLE_NAME":"alfreda","LAST_NAME":"Irwin","SSN":123451504,"CREDIT_CARD_NO":"4210653330432618","APT_NO":"689","STREET_NAME":"Sycamore Drive","CUST_CITY":"Middleburg","CUST_STATE":"FL","CUST_COUNTRY":"United States","CUST_ZIP":"32068","CUST_PHONE":"(337)124-1174","CUST_EMAIL":"DIrwin@example.com","LAST_UPDATED":"2018-04-21T12:49:02.000-04:00"}
{"FIRST_NAME":"Aron","MIDDLE_NAME":"joyce","LAST_NAME":"Moyer","SSN":123451505,"CREDIT_CARD_NO":"4210653342850251","APT_NO":"355","STREET_NAME":"Elmwood Avenue","CUST_CITY":"Brookfield","CUST_STATE":"WI","CUST_COUNTRY":"United States","CUST_ZIP":"53045","CUST_PHONE":"(337)123-6720","CUST_EMAIL":"AMoyer@example.com","LAST_UPDATED":"2018-04-21T12:49:02.000-04:00"}
{"FIRST_NAME":"Aron","MIDDLE_NAME":"dalton","LAST_NAME":"Schroeder","SSN":123451519,"CREDIT_CARD_NO":"4210653353734046","APT_NO":"474","STREET_NAME":"Franklin Court","CUST_CITY":"Dundalk","CUST_STATE":"MD","CUST_COUNTRY":"United States","CUST_ZIP":"21222","CUST_PHONE":"(337)123-7294","CUST_EMAIL":"ASchroeder@example.com","LAST_UPDATED":"2018-04-21T12:49:02.000-04:00"}
{"FIRST_NAME":"Louis","MIDDLE_NAME":"sophie","LAST_NAME":"Draper","SSN":123451526,"CREDIT_CARD_NO":"4210653346070342","APT_NO":"8","STREET_NAME":"2nd Street East","CUST_CITY":"FernandinaBeach","CUST_STATE":"FL","CUST_COUNTRY":"United States","CUST_ZIP":"32034","CUST_PHONE":"(337)123-7718","CUST_EMAIL":"LDraper@example.com","LAST_UPDATED":"2018-04-21T12:49:02.000-04:00"}
{"FIRST_NAME":"Titus","MIDDLE_NAME":"karina","LAST_NAME":"Conklin","SSN":123451527,"CREDIT_CARD_NO":"4210653375686315","APT_NO":"979","STREET_NAME":"Essex Court","CUST_CITY":"Teaneck","CUST_STATE":"NJ","CUST_COUNTRY":"United States","CUST_ZIP":"07666","CUST_PHONE":"(337)123-5108","CUST_EMAIL":"TConklin@example.com","LAST_UPDATED":"2018-04-21T12:49:02.000-04:00"}
{"FIRST_NAME":"Josefina","MIDDLE_NAME":"dorothea","LAST_NAME":"Morrow","SSN":123451533,"CREDIT_CARD_NO":"4210653311707126","APT_NO":"500","STREET_NAME":"New Street","CUST_CITY":"CapeCoral","CUST_STATE":"FL","CUST_COUNTRY":"United States","CUST_ZIP":"33904","CUST_PHONE":"(337)124-0158","CUST_EMAIL":"JMorrow@example.com","LAST_UPDATED":"2018-04-21T12:49:02.000-04:00"}
{"FIRST_NAME":"Michelle","MIDDLE_NAME":"oren","LAST_NAME":"Butcher","SSN":123451540,"CREDIT_CARD_NO":"4210653368958546","APT_NO":"491","STREET_NAME":"3rd Street East","CUST_CITY":"Norfolk","CUST_STATE":"VA","CUST_COUNTRY":"United States","CUST_ZIP":"23503","CUST_PHONE":"(337)124-2771","CUST_EMAIL":"MButcher@example.com","LAST_UPDATED":"2018-04-21T12:49:02.000-04:00"}
{"FIRST_NAME":"Kari","MIDDLE_NAME":"antonio","LAST_NAME":"Moody","SSN":123451542,"CREDIT_CARD_NO":"4210653347187692","APT_NO":"145","STREET_NAME":"Route 10","CUST_CITY":"Zion","CUST_STATE":"IL","CUST_COUNTRY":"United States","CUST_ZIP":"60099","CUST_PHONE":"(337)123-8440","CUST_EMAIL":"KMoody@example.com","LAST_UPDATED":"2018-04-21T12:49:02.000-04:00"}
{"FIRST_NAME":"Kristie","MIDDLE_NAME":"manuela","LAST_NAME":"Roe","SSN":123451556,"CREDIT_CARD_NO":"4210653359142789","APT_NO":"387","STREET_NAME":"Myrtle Avenue","CUST_CITY":"Frederick","CUST_STATE":"MD","CUST_COUNTRY":"United States","CUST_ZIP":"21701","CUST_PHONE":"(337)123-9024","CUST_EMAIL":"KRoe@example.com","LAST_UPDATED":"2018-04-21T12:49:02.000-04:00"}
{"FIRST_NAME":"Kara","MIDDLE_NAME":"thanh","LAST_NAME":"Velez","SSN":123451560,"CREDIT_CARD_NO":"4210653341178029","APT_NO":"901","STREET_NAME":"Westminster Drive","CUST_CITY":"Oxford","CUST_STATE":"MS","CUST_COUNTRY":"United States","CUST_ZIP":"38655","CUST_PHONE":"(337)123-8746","CUST_EMAIL":"KVelez@example.com","LAST_UPDATED":"2018-04-21T12:49:02.000-04:00"}
{"FIRST_NAME":"Waldo","MIDDLE_NAME":"robin","LAST_NAME":"Romano","SSN":123451578,"CREDIT_CARD_NO":"4210653396541204","APT_NO":"82","STREET_NAME":"Front Street","CUST_CITY":"Helena","CUST_STATE":"MT","CUST_COUNTRY":"United States","CUST_ZIP":"59601","CUST_PHONE":"(337)123-4793","CUST_EMAIL":"WRomano@example.com","LAST_UPDATED":"2018-04-21T12:49:02.000-04:00"}
{"FIRST_NAME":"Brant","MIDDLE_NAME":"maricela","LAST_NAME":"Arnold","SSN":123451580,"CREDIT_CARD_NO":"4210653382836740","APT_NO":"489","STREET_NAME":"Park Street","CUST_CITY":"Poughkeepsie","CUST_STATE":"NY","CUST_COUNTRY":"United States","CUST_ZIP":"12601","CUST_PHONE":"(337)124-1747","CUST_EMAIL":"BArnold@example.com","LAST_UPDATED":"2018-04-21T12:49:02.000-04:00"}
{"FIRST_NAME":"Freida","MIDDLE_NAME":"jonah","LAST_NAME":"Castle","SSN":123451589,"CREDIT_CARD_NO":"4210653399559239","APT_NO":"882","STREET_NAME":"Main Street South","CUST_CITY":"SiouxCity","CUST_STATE":"IA","CUST_COUNTRY":"United States","CUST_ZIP":"51106","CUST_PHONE":"(337)123-8344","CUST_EMAIL":"FCastle@example.com","LAST_UPDATED":"2018-04-21T12:49:02.000-04:00"}
{"FIRST_NAME":"Alva","MIDDLE_NAME":"gerry","LAST_NAME":"Barker","SSN":123451594,"CREDIT_CARD_NO":"4210653364098310","APT_NO":"539","STREET_NAME":"New Street","CUST_CITY":"WappingersFalls","CUST_STATE":"NY","CUST_COUNTRY":"United States","CUST_ZIP":"12590","CUST_PHONE":"(337)124-1854","CUST_EMAIL":"ABarker@example.com","LAST_UPDATED":"2018-04-21T12:49:02.000-04:00"}
{"FIRST_NAME":"Felton","MIDDLE_NAME":"lorie","LAST_NAME":"Couch","SSN":123451597,"CREDIT_CARD_NO":"4210653351606480","APT_NO":"833","STREET_NAME":"Broad Street West","CUST_CITY":"Bethesda","CUST_STATE":"MD","CUST_COUNTRY":"United States","CUST_ZIP":"20814","CUST_PHONE":"(337)124-1018","CUST_EMAIL":"FCouch@example.com","LAST_UPDATED":"2018-04-21T12:49:02.000-04:00"}
{"FIRST_NAME":"Neil","MIDDLE_NAME":"enrique","LAST_NAME":"Cherry","SSN":123451602,"CREDIT_CARD_NO":"4210653361363620","APT_NO":"872","STREET_NAME":"Washington Street","CUST_CITY":"Nanuet","CUST_STATE":"NY","CUST_COUNTRY":"United States","CUST_ZIP":"10954","CUST_PHONE":"(337)124-0018","CUST_EMAIL":"NCherry@example.com","LAST_UPDATED":"2018-04-21T12:49:02.000-04:00"}
{"FIRST_NAME":"Lela","MIDDLE_NAME":"eloise","LAST_NAME":"Everett","SSN":123451604,"CREDIT_CARD_NO":"4210653325062598","APT_NO":"899","STREET_NAME":"Buckingham Drive","CUST_CITY":"DeerfieldBeach","CUST_STATE":"FL","CUST_COUNTRY":"United States","CUST_ZIP":"33442","CUST_PHONE":"(337)124-0137","CUST_EMAIL":"LEverett@example.com","LAST_UPDATED":"2018-04-21T12:49:02.000-04:00"}
{"FIRST_NAME":"Dane","MIDDLE_NAME":"sheri","LAST_NAME":"Schulz","SSN":123451624,"CREDIT_CARD_NO":"4210653345379112","APT_NO":"540","STREET_NAME":"Colonial Drive","CUST_CITY":"Irvington","CUST_STATE":"NJ","CUST_COUNTRY":"United States","CUST_ZIP":"07111","CUST_PHONE":"(337)123-5388","CUST_EMAIL":"DSchulz@example.com","LAST_UPDATED":"2018-04-21T12:49:02.000-04:00"}
{"FIRST_NAME":"Omar","MIDDLE_NAME":"lourdes","LAST_NAME":"Ramsey","SSN":123451679,"CREDIT_CARD_NO":"4210653337464412","APT_NO":"304","STREET_NAME":"Route 100","CUST_CITY":"Vienna","CUST_STATE":"VA","CUST_COUNTRY":"United States","CUST_ZIP":"22180","CUST_PHONE":"(337)123-7500","CUST_EMAIL":"ORamsey@example.com","LAST_UPDATED":"2018-04-21T12:49:02.000-04:00"}
{"FIRST_NAME":"Andrew","MIDDLE_NAME":"deann","LAST_NAME":"Yang","SSN":123451691,"CREDIT_CARD_NO":"4210653366365663","APT_NO":"989","STREET_NAME":"Valley View Road","CUST_CITY":"LongBranch","CUST_STATE":"NJ","CUST_COUNTRY":"United States","CUST_ZIP":"07740","CUST_PHONE":"(337)124-1315","CUST_EMAIL":"AYang@example.com","LAST_UPDATED":"2018-04-21T12:49:02.000-04:00"}
{"FIRST_NAME":"Carrol","MIDDLE_NAME":"monique","LAST_NAME":"Lynch","SSN":123451701,"CREDIT_CARD_NO":"4210653338533589","APT_NO":"946","STREET_NAME":"4th Street North","CUST_CITY":"Brentwood","CUST_STATE":"NY","CUST_COUNTRY":"United States","CUST_ZIP":"11717","CUST_PHONE":"(337)123-9365","CUST_EMAIL":"CLynch@example.com","LAST_UPDATED":"2018-04-21T12:49:02.000-04:00"}
{"FIRST_NAME":"June","MIDDLE_NAME":"solomon","LAST_NAME":"Ferris","SSN":123451723,"CREDIT_CARD_NO":"4210653342697335","APT_NO":"756","STREET_NAME":"Roosevelt Avenue","CUST_CITY":"MurrellsInlet","CUST_STATE":"SC","CUST_COUNTRY":"United States","CUST_ZIP":"29576","CUST_PHONE":"(337)124-3334","CUST_EMAIL":"JFerris@example.com","LAST_UPDATED":"2018-04-21T12:49:02.000-04:00"}
{"FIRST_NAME":"Glenda","MIDDLE_NAME":"zachariah","LAST_NAME":"Pearce","SSN":123451734,"CREDIT_CARD_NO":"4210653327926509","APT_NO":"431","STREET_NAME":"4th Street","CUST_CITY":"PalmCity","CUST_STATE":"FL","CUST_COUNTRY":"United States","CUST_ZIP":"34990","CUST_PHONE":"(337)123-6643","CUST_EMAIL":"GPearce@example.com","LAST_UPDATED":"2018-04-21T12:49:02.000-04:00"}
{"FIRST_NAME":"Enrique","MIDDLE_NAME":"tasha","LAST_NAME":"Arthur","SSN":123451762,"CREDIT_CARD_NO":"4210653325318749","APT_NO":"689","STREET_NAME":"Heritage Drive","CUST_CITY":"NewBaltimore","CUST_STATE":"MI","CUST_COUNTRY":"United States","CUST_ZIP":"48047","CUST_PHONE":"(337)124-1388","CUST_EMAIL":"EArthur@example.com","LAST_UPDATED":"2018-04-21T12:49:02.000-04:00"}
{"FIRST_NAME":"Holly","MIDDLE_NAME":"gabriel","LAST_NAME":"Sheehan","SSN":123451769,"CREDIT_CARD_NO":"4210653344267419","APT_NO":"742","STREET_NAME":"4th Avenue","CUST_CITY":"SouthLyon","CUST_STATE":"MI","CUST_COUNTRY":"United States","CUST_ZIP":"48178","CUST_PHONE":"(337)123-5001","CUST_EMAIL":"HSheehan@example.com","LAST_UPDATED":"2018-04-21T12:49:02.000-04:00"}
{"FIRST_NAME":"Guillermo","MIDDLE_NAME":"grover","LAST_NAME":"Ortiz","SSN":123451781,"CREDIT_CARD_NO":"4210653359314367","APT_NO":"585","STREET_NAME":"Chestnut Avenue","CUST_CITY":"BuffaloGrove","CUST_STATE":"IL","CUST_COUNTRY":"United States","CUST_ZIP":"60089","CUST_PHONE":"(337)123-6616","CUST_EMAIL":"GOrtiz@example.com","LAST_UPDATED":"2018-04-21T12:49:02.000-04:00"}
{"FIRST_NAME":"Darrel","MIDDLE_NAME":"larry","LAST_NAME":"Long","SSN":123451786,"CREDIT_CARD_NO":"4210653353747504","APT_NO":"944","STREET_NAME":"York Street","CUST_CITY":"Rockaway","CUST_STATE":"NJ","CUST_COUNTRY":"United States","CUST_ZIP":"07866","CUST_PHONE":"(337)123-8713","CUST_EMAIL":"DLong@example.com","LAST_UPDATED":"2018-04-21T12:49:02.000-04:00"}
{"FIRST_NAME":"Sheila","MIDDLE_NAME":"larry","LAST_NAME":"Kemp","SSN":123451799,"CREDIT_CARD_NO":"4210653310400536","APT_NO":"84","STREET_NAME":"Belmont Avenue","CUST_CITY":"Vienna","CUST_STATE":"VA","CUST_COUNTRY":"United States","CUST_ZIP":"22180","CUST_PHONE":"(337)123-9685","CUST_EMAIL":"SKemp@example.com","LAST_UPDATED":"2018-04-21T12:49:02.000-04:00"}
{"FIRST_NAME":"Lillie","MIDDLE_NAME":"kathi","LAST_NAME":"Barrett","SSN":123451801,"CREDIT_CARD_NO":"4210653369171115","APT_NO":"286","STREET_NAME":"Aspen Court","CUST_CITY":"Teaneck","CUST_STATE":"NJ","CUST_COUNTRY":"United States","CUST_ZIP":"07666","CUST_PHONE":"(337)124-3274","CUST_EMAIL":"LBarrett@example.com","LAST_UPDATED":"2018-04-21T12:49:02.000-04:00"}
{"FIRST_NAME":"Courtney","MIDDLE_NAME":"debora","LAST_NAME":"Ibarra","SSN":123451806,"CREDIT_CARD_NO":"4210653312480040","APT_NO":"743","STREET_NAME":"Penn Street","CUST_CITY":"Victoria","CUST_STATE":"TX","CUST_COUNTRY":"United States","CUST_ZIP":"77904","CUST_PHONE":"(337)124-1909","CUST_EMAIL":"CIbarra@example.com","LAST_UPDATED":"2018-04-21T12:49:02.000-04:00"}
