{"FIRST_NAME":"Yesenia","MIDDLE_NAME":"blanche","LAST_NAME":"Navarro","SSN":123455440,"CREDIT_CARD_NO":"4210653325680076","APT_NO":"388","STREET_NAME":"Cambridge Road","CUST_CITY":"Levittown","CUST_STATE":"NY","CUST_COUNTRY":"United States","CUST_ZIP":"11756","CUST_PHONE":"(337)123-7264","CUST_EMAIL":"YNavarro@example.com","LAST_UPDATED":"2018-04-21T12:49:02.000-04:00"}
{"FIRST_NAME":"Jessie","MIDDLE_NAME":"rodrick","LAST_NAME":"Strickland","SSN":123455460,"CREDIT_CARD_NO":"4210653325679516","APT_NO":"381","STREET_NAME":"Fairway Drive","CUST_CITY":"Starkville","CUST_STATE":"MS","CUST_COUNTRY":"United States","CUST_ZIP":"39759","CUST_PHONE":"(337)124-2269","CUST_EMAIL":"JStrickland@example.com","LAST_UPDATED":"2018-04-21T12:49:02.000-04:00"}
{"FIRST_NAME":"Kris","MIDDLE_NAME":"herbert","LAST_NAME":"Ball","SSN":123455462,"CREDIT_CARD_NO":"4210653316705450","APT_NO":"34","STREET_NAME":"Heather Lane","CUST_CITY":"Youngstown","CUST_STATE":"OH","CUST_COUNTRY":"United States","CUST_ZIP":"44512","CUST_PHONE":"(337)123-6413","CUST_EMAIL":"KBall@example.com","LAST_UPDATED":"2018-04-21T12:49:02.000-04:00"}
{"FIRST_NAME":"Jackson","MIDDLE_NAME":"oliver","LAST_NAME":"Alfaro","SSN":123455467,"CREDIT_CARD_NO":"4210653342825274","APT_NO":"745","STREET_NAME":"Smith Street","CUST_CITY":"ElPaso","CUST_STATE":"TX","CUST_COUNTRY":"United States","CUST_ZIP":"79930","CUST_PHONE":"(337)123-5824","CUST_EMAIL":"JAlfaro@example.com","LAST_UPDATED":"2018-04-21T12:49:02.000-04:00"}
{"FIRST_NAME":"Luisa","MIDDLE_NAME":"chandra","LAST_NAME":"Moss","SSN":123455471,"CREDIT_CARD_NO":"4210653361673934","APT_NO":"408","STREET_NAME":"Cambridge Drive","CUST_CITY":"SanLorenzo","CUST_STATE":"CA","CUST_COUNTRY":"United States","CUST_ZIP":"94580","CUST_PHONE":"(337)123-7957","CUST_EMAIL":"LMoss@example.com","LAST_UPDATED":"2018-04-21T12:49:02.000-04:00"}
{"FIRST_NAME":"Ferdinand","MIDDLE_NAME":"jake","LAST_NAME":"Hilton","SSN":123455477,"CREDIT_CARD_NO":"4210653320942950","APT_NO":"573","STREET_NAME":"Summit Street","CUST_CITY":"Apopka","CUST_STATE":"FL","CUST_COUNTRY":"United States","CUST_ZIP":"32703","CUST_PHONE":"(337)123-6877","CUST_EMAIL":"FHilton@example.com","LAST_UPDATED":"2018-04-21T12:49:02.000-04:00"}
{"FIRST_NAME":"Adele","MIDDLE_NAME":"jonathon","LAST_NAME":"Chamberlain","SSN":123455505,"CREDIT_CARD_NO":"4210653331075093","APT_NO":"729","STREET_NAME":"8th Avenue","CUST_CITY":"Suwanee","CUST_STATE":"GA","CUST_COUNTRY":"United States","CUST_ZIP":"30024","CUST_PHONE":"(337)124-0281","CUST_EMAIL":"AChamberlain@example.com","LAST_UPDATED":"2018-04-21T12:49:02.000-04:00"}
{"FIRST_NAME":"Gerardo","MIDDLE_NAME":"norberto","LAST_NAME":"Avila","SSN":123455514,"CREDIT_CARD_NO":"4210653336455677","APT_NO":"710","STREET_NAME":"Euclid Avenue","CUST_CITY":"Starkville","CUST_STATE":"MS","CUST_COUNTRY":"United States","CUST_ZIP":"39759","CUST_PHONE":"(337)123-6672","CUST_EMAIL":"GAvila@example.com","LAST_UPDATED":"2018-04-21T12:49:02.000-04:00"}
{"FIRST_NAME":"Alonzo","MIDDLE_NAME":"kristen","LAST_NAME":"Newman","SSN":123455518,"CREDIT_CARD_NO":"4210653366287973","APT_NO":"247","STREET_NAME":"Walnut Avenue","CUST_CITY":"Mooresville","CUST_STATE":"NC","CUST_COUNTRY":"United States","CUST_ZIP":"28115","CUST_PHONE":"(337)123-8469","CUST_EMAIL":"ANewman@example.com","LAST_UPDATED":"2018-04-21T12:49:02.000-04:00"}
{"FIRST_NAME":"Kurt","MIDDLE_NAME":"neva","LAST_NAME":"Mcclain","SSN":123455526,"CREDIT_CARD_NO":"4210653383300870","APT_NO":"945","STREET_NAME":"Academy Street","CUST_CITY":"Vienna","CUST_STATE":"VA","CUST_COUNTRY":"United States","CUST_ZIP":"22180","CUST_PHONE":"(337)124-1579","CUST_EMAIL":"KMcclain@example.com","LAST_UPDATED":"2018-04-21T12:49:02.000-04:00"}
{"FIRST_NAME":"Jason","MIDDLE_NAME":"rudolph","LAST_NAME":"Hoffman","SSN":123455541,"CREDIT_CARD_NO":"4210653396136361","APT_NO":"922","STREET_NAME":"Locust Lane","CUST_CITY":"Conyers","CUST_STATE":"GA","CUST_COUNTRY":"United States","CUST_ZIP":"30012","CUST_PHONE":"(337)123-5329","CUST_EMAIL":"JHoffman@example.com","LAST_UPDATED":"2018-04-21T12:49:02.000-04:00"}
{"FIRST_NAME":"Eugene","MIDDLE_NAME":"joan","LAST_NAME":"Stevenson","SSN":123455547,"CREDIT_CARD_NO":"4210653318305840","APT_NO":"884","STREET_NAME":"East Avenue","CUST_CITY":"Rossville","CUST_STATE":"GA","CUST_COUNTRY":"United States","CUST_ZIP":"30741","CUST_PHONE":"(337)123-8099","CUST_EMAIL":"EStevenson@example.com","LAST_UPDATED":"2018-04-21T12:49:02.000-04:00"}
{"FIRST_NAME":"Brooks","MIDDLE_NAME":"sarah","LAST_NAME":"Beatty","SSN":123455552,"CREDIT_CARD_NO":"4210653379667394","APT_NO":"420","STREET_NAME":"Woodland Avenue","CUST_CITY":"Midlothian","CUST_STATE":"VA","CUST_COUNTRY":"United States","CUST_ZIP":"23112","CUST_PHONE":"(337)123-4759","CUST_EMAIL":"BBeatty@example.com","LAST_UPDATED":"2018-04-21T12:49:02.000-04:00"}
{"FIRST_NAME":"Dennis","MIDDLE_NAME":"jayne","LAST_NAME":"Davidson","SSN":123455554,"CREDIT_CARD_NO":"4210653342945303","APT_NO":"480","STREET_NAME":"Walnut Avenue","CUST_CITY":"WinterSprings","CUST_STATE":"FL","CUST_COUNTRY":"United States","CUST_ZIP":"32708","CUST_PHONE":"(337)123-5526","CUST_EMAIL":"DDavidson@example.com","LAST_UPDATED":"2018-04-21T12:49:02.000-04:00"}
{"FIRST_NAME":"Sydney","MIDDLE_NAME":"ora","LAST_NAME":"Ludwig","SSN":123455577,"CREDIT_CARD_NO":"4210653350095396","APT_NO":"624","STREET_NAME":"Street Road","CUST_CITY":"Greenville","CUST_STATE":"NC","CUST_COUNTRY":"United States","CUST_ZIP":"27834","CUST_PHONE":"(337)123-8186","CUST_EMAIL":"SLudwig@example.com","LAST_UPDATED":"2018-04-21T12:49:02.000-04:00"}
{"FIRST_NAME":"Fermin","MIDDLE_NAME":"kip","LAST_NAME":"Carson","SSN":123455582,"CREDIT_CARD_NO":"4210653323781193","APT_NO":"388","STREET_NAME":"6th Street North","CUST_CITY":"Natchez","CUST_STATE":"MS","CUST_COUNTRY":"United States","CUST_ZIP":"39120","CUST_PHONE":"(337)124-0939","CUST_EMAIL":"FCarson@example.com","LAST_UPDATED":"2018-04-21T12:49:02.000-04:00"}
{"FIRST_NAME":"Carol","MIDDLE_NAME":"verna","LAST_NAME":"Proctor","SSN":123455609,"CREDIT_CARD_NO":"4210653391219714","APT_NO":"675","STREET_NAME":"Woodland Road","CUST_CITY":"Harrisonburg","CUST_STATE":"VA","CUST_COUNTRY":"United States","CUST_ZIP":"22801","CUST_PHONE":"(337)123-6971","CUST_EMAIL":"CProctor@example.com","LAST_UPDATED":"2018-04-21T12:49:02.000-04:00"}
{"FIRST_NAME":"Jose","MIDDLE_NAME":"stan","LAST_NAME":"Pierre","SSN":123455617,"CREDIT_CARD_NO":"4210653331933289","APT_NO":"52","STREET_NAME":"Hamilton Street","CUST_CITY":"Burnsville","CUST_STATE":"MN","CUST_COUNTRY":"United States","CUST_ZIP":"55337","CUST_PHONE":"(337)124-2976","CUST_EMAIL":"JPierre@example.com","LAST_UPDATED":"2018-04-21T12:49:02.000-04:00"}
{"FIRST_NAME":"Francis","MIDDLE_NAME":"donnell","LAST_NAME":"Meredith","SSN":123455638,"CREDIT_CARD_NO":"4210653315752398","APT_NO":"417","STREET_NAME":"Lincoln Street","CUST_CITY":"Wilmette","CUST_STATE":"IL","CUST_COUNTRY":"United States","CUST_ZIP":"60091","CUST_PHONE":"(337)123-6886","CUST_EMAIL":"FMeredith@example.com","LAST_UPDATED":"2018-04-21T12:49:02.000-04:00"}
{"FIRST_NAME":"Hillary","MIDDLE_NAME":"sydney","LAST_NAME":"Daly","SSN":123455652,"CREDIT_CARD_NO":"4210653345375482","APT_NO":"204","STREET_NAME":"3rd Street West","CUST_CITY":"Levittown","CUST_STATE":"NY","CUST_COUNTRY":"United States","CUST_ZIP":"11756","CUST_PHONE":"(337)123-6996","CUST_EMAIL":"HDaly@example.com","LAST_UPDATED":"2018-04-21T12:49:02.000-04:00"}
{"FIRST_NAME":"Derek","MIDDLE_NAME":"duane","LAST_NAME":"Vigil","SSN":123455654,"CREDIT_CARD_NO":"4210653371042040","APT_NO":"619","STREET_NAME":"College Avenue","CUST_CITY":"Jonesboro","CUST_STATE":"GA","CUST_COUNTRY":"United States","CUST_ZIP":"30236","CUST_PHONE":"(337)123-4624","CUST_EMAIL":"DVigil@example.com","LAST_UPDATED":"2018-04-21T12:49:02.000-04:00"}
{"FIRST_NAME":"Shelly","MIDDLE_NAME":"mindy","LAST_NAME":"Quinn","SSN":123455659,"CREDIT_CARD_NO":"4210653384029972","APT_NO":"87","STREET_NAME":"8th Street South","CUST_CITY":"Nanuet","CUST_STATE":"NY","CUST_COUNTRY":"United States","CUST_ZIP":"10954","CUST_PHONE":"(337)123-5981","CUST_EMAIL":"SQuinn@example.com","LAST_UPDATED":"2018-04-21T12:49:02.000-04:00"}
{"FIRST_NAME":"Roderick","MIDDLE_NAME":"lorraine","LAST_NAME":"Mays","SSN":123455661,"CREDIT_CARD_NO":"4210653354757386","APT_NO":"811","STREET_NAME":"1st Street","CUST_CITY":"KingOfPrussia","CUST_STATE":"PA","CUST_COUNTRY":"United States","CUST_ZIP":"19406","CUST_PHONE":"(337)123-8144","CUST_EMAIL":"RMays@example.com","LAST_UPDATED":"2018-04-21T12:49:02.000-04:00"}
{"FIRST_NAME":"Tessa","MIDDLE_NAME":"brad","LAST_NAME":"Portillo","SSN":123455667,"CREDIT_CARD_NO":"4210653379487981","APT_NO":"384","STREET_NAME":"Berkshire Drive","CUST_CITY":"NewPhiladelphia","CUST_STATE":"OH","CUST_COUNTRY":"United States","CUST_ZIP":"44663","CUST_PHONE":"(337)123-7949","CUST_EMAIL":"TPortillo@example.com","LAST_UPDATED":"2018-04-21T12:49:02.000-04:00"}
{"FIRST_NAME":"Donte","MIDDLE_NAME":"meredith","LAST_NAME":"Byrne","SSN":123455671,"CREDIT_CARD_NO":"4210653337005748","APT_NO":"922","STREET_NAME":"1st Street","CUST_CITY":"Racine","CUST_STATE":"WI","CUST_COUNTRY":"United States","CUST_ZIP":"53402","CUST_PHONE":"(337)123-5523","CUST_EMAIL":"DByrne@example.com","LAST_UPDATED":"2018-04-21T12:49:02.000-04:00"}
{"FIRST_NAME":"Lowell","MIDDLE_NAME":"jamaal","LAST_NAME":"Krueger","SSN":123455676,"CREDIT_CARD_NO":"4210653371004151","APT_NO":"752","STREET_NAME":"8th Street West","CUST_CITY":"Helena","CUST_STATE":"MT","CUST_COUNTRY":"United States","CUST_ZIP":"59601","CUST_PHONE":"(337)123-9376","CUST_EMAIL":"LKrueger@example.com","LAST_UPDATED":"2018-04-21T12:49:02.000-04:00"}
{"FIRST_NAME":"Tia","MIDDLE_NAME":"keenan","LAST_NAME":"Schulz","SSN":123455677,"CREDIT_CARD_NO":"4210653337395508","APT_NO":"813","STREET_NAME":"Chestnut Avenue","CUST_CITY":"Jonesboro","CUST_STATE":"GA","CUST_COUNTRY":"United States","CUST_ZIP":"30236","CUST_PHONE":"(337)124-0967","CUST_EMAIL":"TSchulz@example.com","LAST_UPDATED":"2018-04-21T12:49:02.000-04:00"}
{"FIRST_NAME":"Harrison","MIDDLE_NAME":"madelyn","LAST_NAME":"King","SSN":123455683,"CREDIT_CARD_NO":"4210653385089392","APT_NO":"8","STREET_NAME":"Cardinal Drive","CUST_CITY":"Houston","CUST_STATE":"TX","CUST_COUNTRY":"United States","CUST_ZIP":"77016","CUST_PHONE":"(337)124-1360","CUST_EMAIL":"HKing@example.com","LAST_UPDATED":"2018-04-21T12:49:02.000-04:00"}
{"FIRST_NAME":"Maurice","MIDDLE_NAME":"lorna","LAST_NAME":"Ramey","SSN":123455692,"CREDIT_CARD_NO":"4210653312478046","APT_NO":"860","STREET_NAME":"Grant Avenue","CUST_CITY":"Davenport","CUST_STATE":"IA","CUST_COUNTRY":"United States","CUST_ZIP":"52804","CUST_PHONE":"(337)123-9863","CUST_EMAIL":"MRamey@example.com","LAST_UPDATED":"2018-04-21T12:49:02.000-04:00"}
{"FIRST_NAME":"Courtney","MIDDLE_NAME":"victor","LAST_NAME":"Byers","SSN":123455699,"CREDIT_CARD_NO":"4210653382394208","APT_NO":"759","STREET_NAME":"Woodland Road","CUST_CITY":"Baldwin","CUST_STATE":"NY","CUST_COUNTRY":"United States","CUST_ZIP":"11510","CUST_PHONE":"(337)123-6052","CUST_EMAIL":"CByers@example.com","LAST_UPDATED":"2018-04-21T12:49:02.000-04:00"}
{"FIRST_NAME":"Vanessa","MIDDLE_NAME":"rubin","LAST_NAME":"Miner","SSN":123455707,"CREDIT_CARD_NO":"4210653377087775","APT_NO":"381","STREET_NAME":"Sunset Avenue","CUST_CITY":"Cary","CUST_STATE":"NC","CUST_COUNTRY":"United States","CUST_ZIP":"27511","CUST_PHONE":"(337)123-6758","CUST_EMAIL":"VMiner@example.com","LAST_UPDATED":"2018-04-21T12:49:02.000-04:00"}
{"FIRST_NAME":"Shawna","MIDDLE_NAME":"rowena","LAST_NAME":"Esparza","SSN":123455713,"CREDIT_CARD_NO":"4210653381606361","APT_NO":"766","STREET_NAME":"Belmont Avenue","CUST_CITY":"Davenport","CUST_STATE":"IA","CUST_COUNTRY":"United States","CUST_ZIP":"52804","CUST_PHONE":"(337)124-2160","CUST_EMAIL":"SEsparza@example.com","LAST_UPDATED":"2018-04-21T12:49:02.000-04:00"}
{"FIRST_NAME":"Ted","MIDDLE_NAME":"brain","LAST_NAME":"Metz","SSN":123455726,"CREDIT_CARD_NO":"4210653314024981","APT_NO":"44","STREET_NAME":"Myrtle Avenue","CUST_CITY":"Simpsonville","CUST_STATE":"SC","CUST_COUNTRY":"United States","CUST_ZIP":"29680","CUST_PHONE":"(337)124-2024","CUST_EMAIL":"TMetz@example.com","LAST_UPDATED":"2018-04-21T12:49:02.000-04:00"}
{"FIRST_NAME":"Felicia","MIDDLE_NAME":"may","LAST_NAME":"Mckinley","SSN":123455734,"CREDIT_CARD_NO":"4210653315669217","APT_NO":"698","STREET_NAME":"Washington Street","CUST_CITY":"Pittsford","CUST_STATE":"NY","CUST_COUNTRY":"United States","CUST_ZIP":"14534","CUST_PHONE":"(337)124-1925","CUST_EMAIL":"FMckinley@example.com","LAST_UPDATED":"2018-04-21T12:49:02.000-04:00"}
{"FIRST_NAME":"Bruno","MIDDLE_NAME":"kathi","LAST_NAME":"Dejesus","SSN":123455735,"CREDIT_CARD_NO":"4210653381873748","APT_NO":"50","STREET_NAME":"Race Street","CUST_CITY":"Chillicothe","CUST_STATE":"OH","CUST_COUNTRY":"United States","CUST_ZIP":"45601","CUST_PHONE":"(337)123-5138","CUST_EMAIL":"BDejesus@example.com","LAST_UPDATED":"2018-04-21T12:49:02.000-04:00"}
{"FIRST_NAME":"Lynwood","MIDDLE_NAME":"cecilia","LAST_NAME":"Freeman","SSN":123455748,"CREDIT_CARD_NO":"4210653364758319","APT_NO":"735","STREET_NAME":"Cooper Street","CUST_CITY":"Marietta","CUST_STATE":"GA","CUST_COUNTRY":"United States","CUST_ZIP":"30008","CUST_PHONE":"(337)124-0972","CUST_EMAIL":"LFreeman@example.com","LAST_UPDATED":"2018-04-21T12:49:02.000-04:00"}
{"FIRST_NAME":"Zackary","MIDDLE_NAME":"jordan","LAST_NAME":"Branch","SSN":123455754,"CREDIT_CARD_NO":"4210653369943809","APT_NO":"822","STREET_NAME":"Oxford Road","CUST_CITY":"BuffaloGrove","CUST_STATE":"IL","CUST_COUNTRY":"United States","CUST_ZIP":"60089","CUST_PHONE":"(337)123-7783","CUST_EMAIL":"ZBranch@example.com","LAST_UPDATED":"2018-04-21T12:49:02.000-04:00"}
{"FIRST_NAME":"Amelia","MIDDLE_NAME":"orval","LAST_NAME":"Lopez","SSN":123455769,"CREDIT_CARD_NO":"4210653345915380","APT_NO":"479","STREET_NAME":"Main Street East","CUST_CITY":"KingOfPrussia","CUST_STATE":"PA","CUST_COUNTRY":"United States","CUST_ZIP":"19406","CUST_PHONE":"(337)123-8253","CUST_EMAIL":"ALopez@example.com","LAST_UPDATED":"2018-04-21T12:49:02.000-04:00"}
{"FIRST_NAME":"Moises","MIDDLE_NAME":"haywood","LAST_NAME":"Allison","SSN":123455783,"CREDIT_CARD_NO":"4210653380478154","APT_NO":"513","STREET_NAME":"South Street","CUST_CITY":"Gettysburg","CUST_STATE":"PA","CUST_COUNTRY":"United States","CUST_ZIP":"17325","CUST_PHONE":"(337)124-0184","CUST_EMAIL":"MAllison@example.com","LAST_UPDATED":"2018-04-21T12:49:02.000-04:00"}
{"FIRST_NAME":"Miquel","MIDDLE_NAME":"lorrie","LAST_NAME":"Harrington","SSN":123455792,"CREDIT_CARD_NO":"4210653324302551","APT_NO":"139","STREET_NAME":"North Street","CUST_CITY":"Midlothian","CUST_STATE":"VA","CUST_COUNTRY":"United States","CUST_ZIP":"23112","CUST_PHONE":"(337)124-3349","CUST_EMAIL":"MHarrington@example.com","LAST_UPDATED":"2018-04-21T12:49:02.000-04:00"}
{"FIRST_NAME":"Nelson","MIDDLE_NAME":"ashley","LAST_NAME":"Schmidt","SSN":123455802,"CREDIT_CARD_NO":"4210653352735334","APT_NO":"837","STREET_NAME":"Pine Street","CUST_CITY":"Starkville","CUST_STATE":"MS","CUST_COUNTRY":"United States","CUST_ZIP":"39759","CUST_PHONE":"(337)123-6802","CUST_EMAIL":"NSchmidt@example.com","LAST_UPDATED":"2018-04-21T12:49:02.000-04:00"}
{"FIRST_NAME":"Antoinette","MIDDLE_NAME":"carrol","LAST_NAME":"Metz","SSN":123455809,"CREDIT_CARD_NO":"4210653379799438","APT_NO":"694","STREET_NAME":"Central Avenue","CUST_CITY":"Taunton","CUST_STATE":"MA","CUST_COUNTRY":"United States","CUST_ZIP":"02780","CUST_PHONE":"(337)124-2588","CUST_EMAIL":"AMetz@example.com","LAST_UPDATED":"2018-04-21T12:49:02.000-04:00"}
{"FIRST_NAME":"Dianne","MIDDLE_NAME":"ramiro","LAST_NAME":"Cardona","SSN":123455815,"CREDIT_CARD_NO":"4210653353653083","APT_NO":"735","STREET_NAME":"Market Street","CUST_CITY":"Gettysburg","CUST_STATE":"PA","CUST_COUNTRY":"United States","CUST_ZIP":"17325","CUST_PHONE":"(337)123-5833","CUST_EMAIL":"DCardona@example.com","LAST_UPDATED":"2018-04-21T12:49:02.000-04:00"}
{"FIRST_NAME":"Olga","MIDDLE_NAME":"elisha","LAST_NAME":"Peterson","SSN":123455818,"CREDIT_CARD_NO":"4210653356014534","APT_NO":"559","STREET_NAME":"Hillcrest Drive","CUST_CITY":"Sykesville","CUST_STATE":"MD","CUST_COUNTRY":"United States","CUST_ZIP":"21784","CUST_PHONE":"(337)124-2259","CUST_EMAIL":"OPeterson@example.com","LAST_UPDATED":"2018-04-21T12:49:02.000-04:00"}
{"FIRST_NAME":"Paris","MIDDLE_NAME":"tabatha","LAST_NAME":"Workman","SSN":123455857,"CREDIT_CARD_NO":"4210653366885341","APT_NO":"731","STREET_NAME":"Cross Street","CUST_CITY":"Bartlett","CUST_STATE":"IL","CUST_COUNTRY":"United States","CUST_ZIP":"60103","CUST_PHONE":"(337)124-2346","CUST_EMAIL":"PWorkman@example.com","LAST_UPDATED":"2018-04-21T12:49:02.000-04:00"}
{"FIRST_NAME":"Kyle","MIDDLE_NAME":"cathy","LAST_NAME":"Wu","SSN":123455875,"CREDIT_CARD_NO":"4210653313170152","APT_NO":"411","STREET_NAME":"Fairway Drive","CUST_CITY":"Rockaway","CUST_STATE":"NJ","CUST_COUNTRY":"United States","CUST_ZIP":"07866","CUST_PHONE":"(337)124-0334","CUST_EMAIL":"KWu@example.com","LAST_UPDATED":"2018-04-21T12:49:02.000-04:00"}
{"FIRST_NAME":"Bruce","MIDDLE_NAME":"bridgette","LAST_NAME":"Hurt","SSN":123455876,"CREDIT_CARD_NO":"4210653349525413","APT_NO":"353","STREET_NAME":"Mill Road","CUST_CITY":"Nanuet","CUST_STATE":"NY","CUST_COUNTRY":"United States","CUST_ZIP":"10954","CUST_PHONE":"(337)123-4794","CUST_EMAIL":"BHurt@example.com","LAST_UPDATED":"2018-04-21T12:49:02.000-04:00"}
{"FIRST_NAME":"Serena","MIDDLE_NAME":"caleb","LAST_NAME":"Mccauley","SSN":123455878,"CREDIT_CARD_NO":"4210653382968758","APT_NO":"137","STREET_NAME":"Washington Street","CUST_CITY":"FortWashington","CUST_STATE":"MD","CUST_COUNTRY":"United States","CUST_ZIP":"20744","CUST_PHONE":"(337)123-7441","CUST_EMAIL":"SMccauley@example.com","LAST_UPDATED":"2018-04-21T12:49:02.000-04:00"}
{"FIRST_NAME":"Cecile","MIDDLE_NAME":"omer","LAST_NAME":"Bloom","SSN":123455895,"CREDIT_CARD_NO":"4210653364904600","APT_NO":"754","STREET_NAME":"Queen Street","CUST_CITY":"Mooresville","CUST_STATE":"NC","CUST_COUNTRY":"United States","CUST_ZIP":"28115","CUST_PHONE":"(337)124-2341","CUST_EMAIL":"CBloom@example.com","LAST_UPDATED":"2018-04-21T12:49:02.000-04:00"}
{"FIRST_NAME":"Nathanael","MIDDLE_NAME":"brock","LAST_NAME":"Wells","SSN":123455896,"CREDIT_CARD_NO":"4210653373700115","APT_NO":"392","STREET_NAME":"Hawthorne Lane","CUST_CITY":"HoffmanEstates","CUST_STATE":"IL","CUST_COUNTRY":"United States","CUST_ZIP":"60169","CUST_PHONE":"(337)124-3546","CUST_EMAIL":"NWells@example.com","LAST_UPDATED":"2018-04-21T12:49:02.000-04:00"}
{"FIRST_NAME":"Whitney","MIDDLE_NAME":"edgardo","LAST_NAME":"Boggs","SSN":123455898,"CREDIT_CARD_NO":"4210653379525825","APT_NO":"949","STREET_NAME":"Jefferson Avenue","CUST_CITY":"LakeJackson","CUST_STATE":"TX","CUST_COUNTRY":"United States","CUST_ZIP":"77566","CUST_PHONE":"(337)123-9519","CUST_EMAIL":"WBoggs@example.com","LAST_UPDATED":"2018-04-21T12:49:02.000-04:00"}
{"FIRST_NAME":"Ashlee","MIDDLE_NAME":"mauro","LAST_NAME":"Marquez","SSN":123455907,"CREDIT_CARD_NO":"4210653366516673","APT_NO":"122","STREET_NAME":"Durham Road","CUST_CITY":"Seymour","CUST_STATE":"IN","CUST_COUNTRY":"United States","CUST_ZIP":"47274","CUST_PHONE":"(337)123-4951","CUST_EMAIL":"AMarquez@example.com","LAST_UPDATED":"2018-04-21T12:49:02.000-04:00"}
{"FIRST_NAME":"Carolina","MIDDLE_NAME":"carson","LAST_NAME":"Stroud","SSN":123455920,"CREDIT_CARD_NO":"4210653343086078","APT_NO":"519","STREET_NAME":"Somerset Drive","CUST_CITY":"Stow","CUST_STATE":"OH","CUST_COUNTRY":"United States","CUST_ZIP":"44224","CUST_PHONE":"(337)123-7894","CUST_EMAIL":"CStroud@example.com","LAST_UPDATED":"2018-04-21T12:49:02.000-04:00"}
{"FIRST_NAME":"Loren","MIDDLE_NAME":"solomon","LAST_NAME":"Foley","SSN":123455934,"CREDIT_CARD_NO":"4210653356219480","APT_NO":"875","STREET_NAME":"Clark Street","CUST_CITY":"SouthRichmondHill","CUST_STATE":"NY","CUST_COUNTRY":"United States","CUST_ZIP":"11419","CUST_PHONE":"(337)123-9593","CUST_EMAIL":"LFoley@example.com","LAST_UPDATED":"2018-04-21T12:49:02.000-04:00"}
{"FIRST_NAME":"Patti","MIDDLE_NAME":"cecil","LAST_NAME":"Crawford","SSN":123455966,"CREDIT_CARD_NO":"4210653331288832","APT_NO":"752","STREET_NAME":"Valley Road","CUST_CITY":"Carlisle","CUST_STATE":"PA","CUST_COUNTRY":"United States","CUST_ZIP":"17013","CUST_PHONE":"(337)124-2311","CUST_EMAIL":"PCrawford@example.com","LAST_UPDATED":"2018-04-21T12:49:02.000-04:00"}
{"FIRST_NAME":"Celeste","MIDDLE_NAME":"andrew","LAST_NAME":"Mcdermott","SSN":123455975,"CREDIT_CARD_NO":"4210653313088465","APT_NO":"563","STREET_NAME":"Edgewood Road","CUST_CITY":"Gettysburg","CUST_STATE":"PA","CUST_COUNTRY":"United States","CUST_ZIP":"17325","CUST_PHONE":"(337)124-0377","CUST_EMAIL":"CMcdermott@example.com","LAST_UPDATED":"2018-04-21T12:49:02.000-04:00"}
{"FIRST_NAME":"Darren","MIDDLE_NAME":"bianca","LAST_NAME":"Olson","SSN":123455991,"CREDIT_CARD_NO":"4210653364653072","APT_NO":"415","STREET_NAME":"Buckingham Drive","CUST_CITY":"Rockaway","CUST_STATE":"NJ","CUST_COUNTRY":"United States","CUST_ZIP":"07866","CUST_PHONE":"(337)123-5473","CUST_EMAIL":"DOlson@example.com","LAST_UPDATED":"2018-04-21T12:49:02.000-04:00"}
{"FIRST_NAME":"Pedro","MIDDLE_NAME":"neil","LAST_NAME":"Madrigal","SSN":123455993,"CREDIT_CARD_NO":"4210653366829531","APT_NO":"985","STREET_NAME":"New Street","CUST_CITY":"Glendora","CUST_STATE":"CA","CUST_COUNTRY":"United States","CUST_ZIP":"91740","CUST_PHONE":"(337)124-2413","CUST_EMAIL":"PMadrigal@example.com","LAST_UPDATED":"2018-04-21T12:49:02.000-04:00"}
{"FIRST_NAME":"Bertram","MIDDLE_NAME":"mike","LAST_NAME":"Crosby","SSN":123456011,"CREDIT_CARD_NO":"4210653378804859","APT_NO":"762","STREET_NAME":"Hawthorne Lane","CUST_CITY":"Grandville","CUST_STATE":"MI","CUST_COUNTRY":"United States","CUST_ZIP":"49418","CUST_PHONE":"(337)123-7360","CUST_EMAIL":"BCrosby@example.com","LAST_UPDATED":"2018-04-21T12:49:02.000-04:00"}
{"FIRST_NAME":"Oswaldo","MIDDLE_NAME":"benny","LAST_NAME":"Reyna","SSN":123456042,"CREDIT_CARD_NO":"4210653395813903","APT_NO":"7","STREET_NAME":"Cedar Street","CUST_CITY":"Oviedo","CUST_STATE":"FL","CUST_COUNTRY":"United States","CUST_ZIP":"32765","CUST_PHONE":"(337)123-5510","CUST_EMAIL":"OReyna@example.com","LAST_UPDATED":"2018-04-21T12:49:02.000-04:00"}
{"FIRST_NAME":"Susan","MIDDLE_NAME":"marcus","LAST_NAME":"Ivey","SSN":123456053,"CREDIT_CARD_NO":"4210653376080368","APT_NO":"813","STREET_NAME":"Overlook Circle","CUST_CITY":"Oxnard","CUST_STATE":"CA","CUST_COUNTRY":"United States","CUST_ZIP":"93035","CUST_PHONE":"(337)123-9436","CUST_EMAIL":"SIvey@example.com","LAST_UPDATED":"2018-04-21T12:49:02.000-04:00"}
{"FIRST_NAME":"Pasquale","MIDDLE_NAME":"chelsey","LAST_NAME":"Navarro","SSN":123456057,"CREDIT_CARD_NO":"4210653364243847","APT_NO":"12","STREET_NAME":"Beechwood Drive","CUST_CITY":"FloralPark","CUST_STATE":"NY","CUST_COUNTRY":"United States","CUST_ZIP":"11001","CUST_PHONE":"(337)123-7820","CUST_EMAIL":"PNavarro@example.com","LAST_UPDATED":"2018-04-21T12:49:02.000-04:00"}
{"FIRST_NAME":"Bertha","MIDDLE_NAME":"katelyn","LAST_NAME":"Pierre","SSN":123456069,"CREDIT_CARD_NO":"4210653387890949","APT_NO":"238","STREET_NAME":"Arlington Avenue","CUST_CITY":"Tacoma","CUST_STATE":"WA","CUST_COUNTRY":"United States","CUST_ZIP":"98444","CUST_PHONE":"(337)123-9150","CUST_EMAIL":"BPierre@example.com","LAST_UPDATED":"2018-04-21T12:49:02.000-04:00"}
{"FIRST_NAME":"Bertha","MIDDLE_NAME":"jannie","LAST_NAME":"Bunch","SSN":123456079,"CREDIT_CARD_NO":"4210653348888600","APT_NO":"977","STREET_NAME":"Creekside Drive","CUST_CITY":"Reidsville","CUST_STATE":"NC","CUST_COUNTRY":"United States","CUST_ZIP":"27320","CUST_PHONE":"(337)123-9112","CUST_EMAIL":"BBunch@example.com","LAST_UPDATED":"2018-04-21T12:49:02.000-04:00"}
{"FIRST_NAME":"Rosella","MIDDLE_NAME":"justine","LAST_NAME":"Edwards","SSN":123456098,"CREDIT_CARD_NO":"4210653361604750","APT_NO":"385","STREET_NAME":"Cambridge Road","CUST_CITY":"Acworth","CUST_STATE":"GA","CUST_COUNTRY":"United States","CUST_ZIP":"30101","CUST_PHONE":"(337)123-7378","CUST_EMAIL":"REdwards@example.com","LAST_UPDATED":"2018-04-21T12:49:02.000-04:00"}
{"FIRST_NAME":"Alex","MIDDLE_NAME":"wm","LAST_NAME":"Hooper","SSN":123456100,"CREDIT_CARD_NO":"4210653310061055","APT_NO":"656","STREET_NAME":"Main Street North","CUST_CITY":"Natchez","CUST_STATE":"MS","CUST_COUNTRY":"United States","CUST_ZIP":"39120","CUST_PHONE":"(337)123-7818","CUST_EMAIL":"AHooper@example.com","LAST_UPDATED":"2018-04-21T12:49:02.000-04:00"}
{"FIRST_NAME":"Kermit","MIDDLE_NAME":"graham","LAST_NAME":"Walker","SSN":123456102,"CREDIT_CARD_NO":"4210653320826184","APT_NO":"710","STREET_NAME":"Route 10","CUST_CITY":"Jonesboro","CUST_STATE":"GA","CUST_COUNTRY":"United States","CUST_ZIP":"30236","CUST_PHONE":"(337)124-0375","CUST_EMAIL":"KWalker@example.com","LAST_UPDATED":"2018-04-21T12:49:02.000-04:00"}
{"FIRST_NAME":"Cliff","MIDDLE_NAME":"vicki","LAST_NAME":"Hurst","SSN":123456110,"CREDIT_CARD_NO":"4210653340987370","APT_NO":"945","STREET_NAME":"Route 202","CUST_CITY":"AllisonPark","CUST_STATE":"PA","CUST_COUNTRY":"United States","CUST_ZIP":"15101","CUST_PHONE":"(337)124-1898","CUST_EMAIL":"CHurst@example.com","LAST_UPDATED":"2018-04-21T12:49:02.000-04:00"}
{"FIRST_NAME":"Dion","MIDDLE_NAME":"elma","LAST_NAME":"Dorsey","SSN":123456120,"CREDIT_CARD_NO":"4210653325156425","APT_NO":"417","STREET_NAME":"Route 2","CUST_CITY":"Davenport","CUST_STATE":"IA","CUST_COUNTRY":"United States","CUST_ZIP":"52804","CUST_PHONE":"(337)123-9037","CUST_EMAIL":"DDorsey@example.com","LAST_UPDATED":"2018-04-21T12:49:02.000-04:00"}
{"FIRST_NAME":"Daren","MIDDLE_NAME":"heather","LAST_NAME":"Hunt","SSN":123456131,"CREDIT_CARD_NO":"4210653352356652","APT_NO":"919","STREET_NAME":"Wall Street","CUST_CITY":"YubaCity","CUST_STATE":"CA","CUST_COUNTRY":"United States","CUST_ZIP":"95993","CUST_PHONE":"(337)123-6957","CUST_EMAIL":"DHunt@example.com","LAST_UPDATED":"2018-04-21T12:49:02.000-04:00"}
{"FIRST_NAME":"Nicole","MIDDLE_NAME":"rosalind","LAST_NAME":"Hickey","SSN":123456134,"CREDIT_CARD_NO":"4210653393981776","APT_NO":"158","STREET_NAME":"Pine Street","CUST_CITY":"Yakima","CUST_STATE":"WA","CUST_COUNTRY":"United States","CUST_ZIP":"98908","CUST_PHONE":"(337)124-0871","CUST_EMAIL":"NHickey@example.com","LAST_UPDATED":"2018-04-21T12:49:02.000-04:00"}
{"FIRST_NAME":"Kayla","MIDDLE_NAME":"dionne","LAST_NAME":"Neely","SSN":123456143,"CREDIT_CARD_NO":"4210653314968535","APT_NO":"936","STREET_NAME":"Route 4","CUST_CITY":"Apopka","CUST_STATE":"FL","CUST_COUNTRY":"United States","CUST_ZIP":"32703","CUST_PHONE":"(337)123-5742","CUST_EMAIL":"KNeely@example.com","LAST_UPDATED":"2018-04-21T12:49:02.000-04:00"}
{"FIRST_NAME":"Forrest","MIDDLE_NAME":"werner","LAST_NAME":"Richardson","SSN":123456153,"CREDIT_CARD_NO":"4210653372873067","APT_NO":"824","STREET_NAME":"Taylor Street","CUST_CITY":"FloralPark","CUST_STATE":"NY","CUST_COUNTRY":"United States","CUST_ZIP":"11001","CUST_PHONE":"(337)123-9350","CUST_EMAIL":"FRichardson@example.com","LAST_UPDATED":"2018-04-21T12:49:02.000-04:00"}
{"FIRST_NAME":"Lois","MIDDLE_NAME":"edna","LAST_NAME":"Welch","SSN":123456182,"CREDIT_CARD_NO":"4210653353821687","APT_NO":"555","STREET_NAME":"Park Avenue","CUST_CITY":"Mundelein","CUST_STATE":"IL","CUST_COUNTRY":"United States","CUST_ZIP":"60060","CUST_PHONE":"(337)124-0706","CUST_EMAIL":"LWelch@example.com","LAST_UPDATED":"2018-04-21T12:49:02.000-04:00"}
{"FIRST_NAME":"Rico","MIDDLE_NAME":"lila","LAST_NAME":"Diamond","SSN":123456188,"CREDIT_CARD_NO":"4210653341085139","APT_NO":"405","STREET_NAME":"Ridge Road","CUST_CITY":"Brentwood","CUST_STATE":"NY","CUST_COUNTRY":"United States","CUST_ZIP":"11717","CUST_PHONE":"(337)123-8346","CUST_EMAIL":"RDiamond@example.com","LAST_UPDATED":"2018-04-21T12:49:02.000-04:00"}
{"FIRST_NAME":"Ramon","MIDDLE_NAME":"kirby","LAST_NAME":"Leblanc","SSN":123456210,"CREDIT_CARD_NO":"4210653339495718","APT_NO":"23","STREET_NAME":"Charles Street","CUST_CITY":"LongBranch","CUST_STATE":"NJ","CUST_COUNTRY":"United States","CUST_ZIP":"07740","CUST_PHONE":"(337)123-6691","CUST_EMAIL":"RLeblanc@example.com","LAST_UPDATED":"2018-04-21T12:49:02.000-04:00"}
{"FIRST_NAME":"Gabriel","MIDDLE_NAME":"hong","LAST_NAME":"Guzman","SSN":123456222,"CREDIT_CARD_NO":"4210653330675428","APT_NO":"959","STREET_NAME":"Durham Court","CUST_CITY":"FortWashington","CUST_STATE":"MD","CUST_COUNTRY":"United States","CUST_ZIP":"20744","CUST_PHONE":"(337)124-1461","CUST_EMAIL":"GGuzman@example.com","LAST_UPDATED":"2018-04-21T12:49:02.000-04:00"}
{"FIRST_NAME":"Maritza","MIDDLE_NAME":"reginald","LAST_NAME":"Childs","SSN":123456224,"CREDIT_CARD_NO":"4210653357942118","APT_NO":"880","STREET_NAME":"Augusta Drive","CUST_CITY":"Enterprise","CUST_STATE":"AL","CUST_COUNTRY":"United States","CUST_ZIP":"36330","CUST_PHONE":"(337)123-6531","CUST_EMAIL":"MChilds@example.com","LAST_UPDATED":"2018-04-21T12:49:02.000-04:00"}
{"FIRST_NAME":"Marie","MIDDLE_NAME":"tamika","LAST_NAME":"Crow","SSN":123456240,"CREDIT_CARD_NO":"4210653319796746","APT_NO":"433","STREET_NAME":"3rd Street East","CUST_CITY":"Tacoma","CUST_STATE":"WA","CUST_COUNTRY":"United States","CUST_ZIP":"98444","CUST_PHONE":"(337)123-8118","CUST_EMAIL":"MCrow@example.com","LAST_UPDATED":"2018-04-21T12:49:02.000-04:00"}
