{"FIRST_NAME":"Tanya","MIDDLE_NAME":"emilia","LAST_NAME":"Hinkle","SSN":123456243,"CREDIT_CARD_NO":"4210653364500210","APT_NO":"243","STREET_NAME":"Willow Lane","CUST_CITY":"Andover","CUST_STATE":"MA","CUST_COUNTRY":"United States","CUST_ZIP":"01810","CUST_PHONE":"(337)123-6026","CUST_EMAIL":"THinkle@example.com","LAST_UPDATED":"2018-04-21T12:49:02.000-04:00"}
{"FIRST_NAME":"Stan","MIDDLE_NAME":"mindy","LAST_NAME":"Morrison","SSN":123456271,"CREDIT_CARD_NO":"4210653355579180","APT_NO":"5","STREET_NAME":"Summit Avenue","CUST_CITY":"Helena","CUST_STATE":"MT","CUST_COUNTRY":"United States","CUST_ZIP":"59601","CUST_PHONE":"(337)123-5555","CUST_EMAIL":"SMorrison@example.com","LAST_UPDATED":"2018-04-21T12:49:02.000-04:00"}
{"FIRST_NAME":"Doreen","MIDDLE_NAME":"elton","LAST_NAME":"Weber","SSN":123456275,"CREDIT_CARD_NO":"4210653338547074","APT_NO":"635","STREET_NAME":"Linden Avenue","CUST_CITY":"Paducah","CUST_STATE":"KY","CUST_COUNTRY":"United States","CUST_ZIP":"42001","CUST_PHONE":"(337)124-3059","CUST_EMAIL":"DWeber@example.com","LAST_UPDATED":"2018-04-21T12:49:02.000-04:00"}
{"FIRST_NAME":"Hallie","MIDDLE_NAME":"ashleigh","LAST_NAME":"Caldwell","SSN":123456281,"CREDIT_CARD_NO":"4210653319939313","APT_NO":"993","STREET_NAME":"Howard Street","CUST_CITY":"Youngstown","CUST_STATE":"OH","CUST_COUNTRY":"United States","CUST_ZIP":"44512","CUST_PHONE":"(337)123-9348","CUST_EMAIL":"HCaldwell@example.com","LAST_UPDATED":"2018-04-21T12:49:02.000-04:00"}
{"FIRST_NAME":"Jenifer","MIDDLE_NAME":"andres","LAST_NAME":"Marin","SSN":123456287,"CREDIT_CARD_NO":"4210653372239111","APT_NO":"191","STREET_NAME":"Parker Street","CUST_CITY":"Torrance","CUST_STATE":"CA","CUST_COUNTRY":"United States","CUST_ZIP":"90505","CUST_PHONE":"(337)123-6830","CUST_EMAIL":"JMarin@example.com","LAST_UPDATED":"2018-04-21T12:49:02.000-04:00"}
{"FIRST_NAME":"Errol","MIDDLE_NAME":"caleb","LAST_NAME":"Dodd","SSN":123456290,"CREDIT_CARD_NO":"4210653391000541","APT_NO":"476","STREET_NAME":"Division Street","CUST_CITY":"Conyers","CUST_STATE":"GA","CUST_COUNTRY":"United States","CUST_ZIP":"30012","CUST_PHONE":"(337)124-1261","CUST_EMAIL":"EDodd@example.com","LAST_UPDATED":"2018-04-21T12:49:02.000-04:00"}
{"FIRST_NAME":"Burton","MIDDLE_NAME":"rudolf","LAST_NAME":"Young","SSN":123456291,"CREDIT_CARD_NO":"4210653321388686","APT_NO":"517","STREET_NAME":"Cherry Street","CUST_CITY":"Oconomowoc","CUST_STATE":"WI","CUST_COUNTRY":"United States","CUST_ZIP":"53066","CUST_PHONE":"(337)124-1563","CUST_EMAIL":"BYoung@example.com","LAST_UPDATED":"2018-04-21T12:49:02.000-04:00"}
{"FIRST_NAME":"Kelley","MIDDLE_NAME":"brant","LAST_NAME":"Boone","SSN":123456297,"CREDIT_CARD_NO":"4210653364182774","APT_NO":"231","STREET_NAME":"Meadow Street","CUST_CITY":"Mooresville","CUST_STATE":"NC","CUST_COUNTRY":"United States","CUST_ZIP":"28115","CUST_PHONE":"(337)124-2308","CUST_EMAIL":"KBoone@example.com","LAST_UPDATED":"2018-04-21T12:49:02.000-04:00"}
{"FIRST_NAME":"Kent","MIDDLE_NAME":"carlo","LAST_NAME":"Erwin","SSN":123456308,"CREDIT_CARD_NO":"4210653328441999","APT_NO":"323","STREET_NAME":"Euclid Avenue","CUST_CITY":"Osseo","CUST_STATE":"MN","CUST_COUNTRY":"United States","CUST_ZIP":"55311","CUST_PHONE":"(337)124-3510","CUST_EMAIL":"KErwin@example.com","LAST_UPDATED":"2018-04-21T12:49:02.000-04:00"}
{"FIRST_NAME":"Foster","MIDDLE_NAME":"helene","LAST_NAME":"Manley","SSN":123456309,"CREDIT_CARD_NO":"4210653348264990","APT_NO":"371","STREET_NAME":"Cobblestone Court","CUST_CITY":"Duluth","CUST_STATE":"GA","CUST_COUNTRY":"United States","CUST_ZIP":"30096","CUST_PHONE":"(337)123-6604","CUST_EMAIL":"FManley@example.com","LAST_UPDATED":"2018-04-21T12:49:02.000-04:00"}
{"FIRST_NAME":"Wiley","MIDDLE_NAME":"jermaine","LAST_NAME":"Ellison","SSN":123456322,"CREDIT_CARD_NO":"4210653337454274","APT_NO":"99","STREET_NAME":"West Street","CUST_CITY":"Richmond","CUST_STATE":"VA","CUST_COUNTRY":"United States","CUST_ZIP":"23223","CUST_PHONE":"(337)123-4593","CUST_EMAIL":"WEllison@example.com","LAST_UPDATED":"2018-04-21T12:49:02.000-04:00"}
{"FIRST_NAME":"Margie","MIDDLE_NAME":"rhoda","LAST_NAME":"Kirkpatrick","SSN":123456329,"CREDIT_CARD_NO":"4210653345872640","APT_NO":"129","STREET_NAME":"Durham Court","CUST_CITY":"Torrance","CUST_STATE":"CA","CUST_COUNTRY":"United States","CUST_ZIP":"90505","CUST_PHONE":"(337)124-1615","CUST_EMAIL":"MKirkpatrick@example.com","LAST_UPDATED":"2018-04-21T12:49:02.000-04:00"}
{"FIRST_NAME":"Pearlie","MIDDLE_NAME":"scott","LAST_NAME":"Steele","SSN":123456330,"CREDIT_CARD_NO":"4210653390632291","APT_NO":"272","STREET_NAME":"Laurel Street","CUST_CITY":"Midlothian","CUST_STATE":"VA","CUST_COUNTRY":"United States","CUST_ZIP":"23112","CUST_PHONE":"(337)124-1067","CUST_EMAIL":"PSteele@example.com","LAST_UPDATED":"2018-04-21T12:49:02.000-04:00"}
{"FIRST_NAME":"Elizabeth","MIDDLE_NAME":"desiree","LAST_NAME":"Howard","SSN":123456356,"CREDIT_CARD_NO":"4210653316473643","APT_NO":"226","STREET_NAME":"West Street","CUST_CITY":"Jonesboro","CUST_STATE":"GA","CUST_COUNTRY":"United States","CUST_ZIP":"30236","CUST_PHONE":"(337)123-8707","CUST_EMAIL":"EHoward@example.com","LAST_UPDATED":"2018-04-21T12:49:02.000-04:00"}
{"FIRST_NAME":"Carmen","MIDDLE_NAME":"avis","LAST_NAME":"Melton","SSN":123456374,"CREDIT_CARD_NO":"4210653367415132","APT_NO":"678","STREET_NAME":"Hillside Drive","CUST_CITY":"Yakima","CUST_STATE":"WA","CUST_COUNTRY":"United States","CUST_ZIP":"98908","CUST_PHONE":"(337)123-4902","CUST_EMAIL":"CMelton@example.com","LAST_UPDATED":"2018-04-21T12:49:02.000-04:00"}
{"FIRST_NAME":"Wilbert","MIDDLE_NAME":"ambrose","LAST_NAME":"Carrasco","SSN":123456391,"CREDIT_CARD_NO":"4210653394578530","APT_NO":"828","STREET_NAME":"2nd Street North","CUST_CITY":"Burnsville","CUST_STATE":"MN","CUST_COUNTRY":"United States","CUST_ZIP":"55337","CUST_PHONE":"(337)124-2446","CUST_EMAIL":"WCarrasco@example.com","LAST_UPDATED":"2018-04-21T12:49:02.000-04:00"}
{"FIRST_NAME":"Marcellus","MIDDLE_NAME":"nicky","LAST_NAME":"Guillen","SSN":123456392,"CREDIT_CARD_NO":"4210653395315363","APT_NO":"135","STREET_NAME":"Fairview Road","CUST_CITY":"Helena","CUST_STATE":"MT","CUST_COUNTRY":"United States","CUST_ZIP":"59601","CUST_PHONE":"(337)124-2257","CUST_EMAIL":"MGuillen@example.com","LAST_UPDATED":"2018-04-21T12:49:02.000-04:00"}
{"FIRST_NAME":"Monte","MIDDLE_NAME":"carla","LAST_NAME":"Duarte","SSN":123456398,"CREDIT_CARD_NO":"4210653389480901","APT_NO":"470","STREET_NAME":"Railroad Avenue","CUST_CITY":"SanLorenzo","CUST_STATE":"CA","CUST_COUNTRY":"United States","CUST_ZIP":"94580","CUST_PHONE":"(337)124-0723","CUST_EMAIL":"MDuarte@example.com","LAST_UPDATED":"2018-04-21T12:49:02.000-04:00"}
{"FIRST_NAME":"Darius","MIDDLE_NAME":"clara","LAST_NAME":"Jordan","SSN":123456399,"CREDIT_CARD_NO":"4210653325199161","APT_NO":"959","STREET_NAME":"Penn Street","CUST_CITY":"Jonesboro","CUST_STATE":"GA","CUST_COUNTRY":"United States","CUST_ZIP":"30236","CUST_PHONE":"(337)123-6624","CUST_EMAIL":"DJordan@example.com","LAST_UPDATED":"2018-04-21T12:49:02.000-04:00"}
{"FIRST_NAME":"Tom","MIDDLE_NAME":"kathrine","LAST_NAME":"Liu","SSN":123456407,"CREDIT_CARD_NO":"4210653317631607","APT_NO":"138","STREET_NAME":"Briarwood Court","CUST_CITY":"Youngstown","CUST_STATE":"OH","CUST_COUNTRY":"United States","CUST_ZIP":"44512","CUST_PHONE":"(337)124-2793","CUST_EMAIL":"TLiu@example.com","LAST_UPDATED":"2018-04-21T12:49:02.000-04:00"}
{"FIRST_NAME":"Desmond","MIDDLE_NAME":"joan","LAST_NAME":"Beard","SSN":123456411,"CREDIT_CARD_NO":"4210653366768155","APT_NO":"483","STREET_NAME":"Forest Street","CUST_CITY":"Valrico","CUST_STATE":"FL","CUST_COUNTRY":"United States","CUST_ZIP":"33594","CUST_PHONE":"(337)123-9081","CUST_EMAIL":"DBeard@example.com","LAST_UPDATED":"2018-04-21T12:49:02.000-04:00"}
{"FIRST_NAME":"Fannie","MIDDLE_NAME":"samuel","LAST_NAME":"Aragon","SSN":123456428,"CREDIT_CARD_NO":"4210653349578578","APT_NO":"263","STREET_NAME":"Lincoln Street","CUST_CITY":"Middleburg","CUST_STATE":"FL","CUST_COUNTRY":"United States","CUST_ZIP":"32068","CUST_PHONE":"(337)124-0315","CUST_EMAIL":"FAragon@example.com","LAST_UPDATED":"2018-04-21T12:49:02.000-04:00"}
{"FIRST_NAME":"Sandy","MIDDLE_NAME":"heather","LAST_NAME":"Dunham","SSN":123456430,"CREDIT_CARD_NO":"4210653337143943","APT_NO":"849","STREET_NAME":"Academy Street","CUST_CITY":"Lombard","CUST_STATE":"IL","CUST_COUNTRY":"United States","CUST_ZIP":"60148","CUST_PHONE":"(337)123-7479","CUST_EMAIL":"SDunham@example.com","LAST_UPDATED":"2018-04-21T12:49:02.000-04:00"}
{"FIRST_NAME":"Alex","MIDDLE_NAME":"jame","LAST_NAME":"Dougherty","SSN":123456436,"CREDIT_CARD_NO":"4210653314629341","APT_NO":"501","STREET_NAME":"Crescent Street","CUST_CITY":"Reidsville","CUST_STATE":"NC","CUST_COUNTRY":"United States","CUST_ZIP":"27320","CUST_PHONE":"(337)123-8759","CUST_EMAIL":"ADougherty@example.com","LAST_UPDATED":"2018-04-21T12:49:02.000-04:00"}
{"FIRST_NAME":"Cecelia","MIDDLE_NAME":"katrina","LAST_NAME":"Donaldson","SSN":123456448,"CREDIT_CARD_NO":"4210653374089598","APT_NO":"669","STREET_NAME":"Laurel Street","CUST_CITY":"Paducah","CUST_STATE":"KY","CUST_COUNTRY":"United States","CUST_ZIP":"42001","CUST_PHONE":"(337)123-7907","CUST_EMAIL":"CDonaldson@example.com","LAST_UPDATED":"2018-04-21T12:49:02.000-04:00"}
{"FIRST_NAME":"Arline","MIDDLE_NAME":"marcelo","LAST_NAME":"Hammond","SSN":123456455,"CREDIT_CARD_NO":"4210653316625296","APT_NO":"365","STREET_NAME":"Franklin Avenue","CUST_CITY":"Burnsville","CUST_STATE":"MN","CUST_COUNTRY":"United States","CUST_ZIP":"55337","CUST_PHONE":"(337)123-6710","CUST_EMAIL":"AHammond@example.com","LAST_UPDATED":"2018-04-21T12:49:02.000-04:00"}
{"FIRST_NAME":"Lauren","MIDDLE_NAME":"edith","LAST_NAME":"Gaines","SSN":123456466,"CREDIT_CARD_NO":"4210653312346064","APT_NO":"133","STREET_NAME":"Winding Way","CUST_CITY":"Dearborn","CUST_STATE":"MI","CUST_COUNTRY":"United States","CUST_ZIP":"48124","CUST_PHONE":"(337)123-7317","CUST_EMAIL":"LGaines@example.com","LAST_UPDATED":"2018-04-21T12:49:02.000-04:00"}
{"FIRST_NAME":"Linda","MIDDLE_NAME":"burton","LAST_NAME":"Mathews","SSN":123456491,"CREDIT_CARD_NO":"4210653323641857","APT_NO":"627","STREET_NAME":"Hillside Avenue","CUST_CITY":"Monroeville","CUST_STATE":"PA","CUST_COUNTRY":"United States","CUST_ZIP":"15146","CUST_PHONE":"(337)124-2677","CUST_EMAIL":"LMathews@example.com","LAST_UPDATED":"2018-04-21T12:49:02.000-04:00"}
{"FIRST_NAME":"Kerry","MIDDLE_NAME":"rey","LAST_NAME":"Regan","SSN":123456505,"CREDIT_CARD_NO":"4210653345195939","APT_NO":"756","STREET_NAME":"Meadow Lane","CUST_CITY":"Taunton","CUST_STATE":"MA","CUST_COUNTRY":"United States","CUST_ZIP":"02780","CUST_PHONE":"(337)123-7067","CUST_EMAIL":"KRegan@example.com","LAST_UPDATED":"2018-04-21T12:49:02.000-04:00"}
{"FIRST_NAME":"Leola","MIDDLE_NAME":"jarred","LAST_NAME":"Leslie","SSN":123456507,"CREDIT_CARD_NO":"4210653363650719","APT_NO":"793","STREET_NAME":"White Street","CUST_CITY":"Simpsonville","CUST_STATE":"SC","CUST_COUNTRY":"United States","CUST_ZIP":"29680","CUST_PHONE":"(337)123-9598","CUST_EMAIL":"LLeslie@example.com","LAST_UPDATED":"2018-04-21T12:49:02.000-04:00"}
{"FIRST_NAME":"Katrina","MIDDLE_NAME":"candace","LAST_NAME":"Katz","SSN":123456522,"CREDIT_CARD_NO":"4210653397666065","APT_NO":"235","STREET_NAME":"Windsor Court","CUST_CITY":"Carrollton","CUST_STATE":"GA","CUST_COUNTRY":"United States","CUST_ZIP":"30117","CUST_PHONE":"(337)124-0158","CUST_EMAIL":"KKatz@example.com","LAST_UPDATED":"2018-04-21T12:49:02.000-04:00"}
{"FIRST_NAME":"Angelita","MIDDLE_NAME":"vincent","LAST_NAME":"Gary","SSN":123456525,"CREDIT_CARD_NO":"4210653347105876","APT_NO":"981","STREET_NAME":"Mechanic Street","CUST_CITY":"Loganville","CUST_STATE":"GA","CUST_COUNTRY":"United States","CUST_ZIP":"30052","CUST_PHONE":"(337)124-1512","CUST_EMAIL":"AGary@example.com","LAST_UPDATED":"2018-04-21T12:49:02.000-04:00"}
{"FIRST_NAME":"Jasmine","MIDDLE_NAME":"doreen","LAST_NAME":"Law","SSN":123456538,"CREDIT_CARD_NO":"4210653315077043","APT_NO":"953","STREET_NAME":"Poplar Street","CUST_CITY":"Racine","CUST_STATE":"WI","CUST_COUNTRY":"United States","CUST_ZIP":"53402","CUST_PHONE":"(337)123-8023","CUST_EMAIL":"JLaw@example.com","LAST_UPDATED":"2018-04-21T12:49:02.000-04:00"}
{"FIRST_NAME":"Shirley","MIDDLE_NAME":"ezra","LAST_NAME":"Franklin","SSN":123456554,"CREDIT_CARD_NO":"4210653399237031","APT_NO":"569","STREET_NAME":"Maiden Lane","CUST_CITY":"Rowlett","CUST_STATE":"TX","CUST_COUNTRY":"United States","CUST_ZIP":"75088","CUST_PHONE":"(337)124-2534","CUST_EMAIL":"SFranklin@example.com","LAST_UPDATED":"2018-04-21T12:49:02.000-04:00"}
{"FIRST_NAME":"Filiberto","MIDDLE_NAME":"lindsay","LAST_NAME":"Carlson","SSN":123456556,"CREDIT_CARD_NO":"4210653342274947","APT_NO":"452","STREET_NAME":"Route 100","CUST_CITY":"KingOfPrussia","CUST_STATE":"PA","CUST_COUNTRY":"United States","CUST_ZIP":"19406","CUST_PHONE":"(337)123-8021","CUST_EMAIL":"FCarlson@example.com","LAST_UPDATED":"2018-04-21T12:49:02.000-04:00"}
{"FIRST_NAME":"Mayra","MIDDLE_NAME":"johnie","LAST_NAME":"Meyers","SSN":123456557,"CREDIT_CARD_NO":"4210653354112491","APT_NO":"218","STREET_NAME":"Sheffield Drive","CUST_CITY":"Tacoma","CUST_STATE":"WA","CUST_COUNTRY":"United States","CUST_ZIP":"98444","CUST_PHONE":"(337)123-6279","CUST_EMAIL":"MMeyers@example.com","LAST_UPDATED":"2018-04-21T12:49:02.000-04:00"}
{"FIRST_NAME":"Adam","MIDDLE_NAME":"maurice","LAST_NAME":"Newsome","SSN":123456574,"CREDIT_CARD_NO":"4210653371928008","APT_NO":"356","STREET_NAME":"3rd Street East","CUST_CITY":"Hempstead","CUST_STATE":"NY","CUST_COUNTRY":"United States","CUST_ZIP":"11550","CUST_PHONE":"(337)124-1288","CUST_EMAIL":"ANewsome@example.com","LAST_UPDATED":"2018-04-21T12:49:02.000-04:00"}
{"FIRST_NAME":"Vaughn","MIDDLE_NAME":"valentin","LAST_NAME":"Butcher","SSN":123456582,"CREDIT_CARD_NO":"4210653317357817","APT_NO":"267","STREET_NAME":"Maple Avenue","CUST_CITY":"DeerfieldBeach","CUST_STATE":"FL","CUST_COUNTRY":"United States","CUST_ZIP":"33442","CUST_PHONE":"(337)123-7499","CUST_EMAIL":"VButcher@example.com","LAST_UPDATED":"2018-04-21T12:49:02.000-04:00"}
{"FIRST_NAME":"Marvin","MIDDLE_NAME":"todd","LAST_NAME":"Gallegos","SSN":123456595,"CREDIT_CARD_NO":"4210653387455914","APT_NO":"759","STREET_NAME":"Oak Avenue","CUST_CITY":"SouthLyon","CUST_STATE":"MI","CUST_COUNTRY":"United States","CUST_ZIP":"48178","CUST_PHONE":"(337)124-3459","CUST_EMAIL":"MGallegos@example.com","LAST_UPDATED":"2018-04-21T12:49:02.000-04:00"}
{"FIRST_NAME":"Wendell","MIDDLE_NAME":"rudolph","LAST_NAME":"Beaver","SSN":123456602,"CREDIT_CARD_NO":"4210653336173257","APT_NO":"566","STREET_NAME":"Elm Avenue","CUST_CITY":"Frankfort","CUST_STATE":"KY","CUST_COUNTRY":"United States","CUST_ZIP":"40601","CUST_PHONE":"(337)123-5534","CUST_EMAIL":"WBeaver@example.com","LAST_UPDATED":"2018-04-21T12:49:02.000-04:00"}
{"FIRST_NAME":"Patricia","MIDDLE_NAME":"dessie","LAST_NAME":"Dalton","SSN":123456604,"CREDIT_CARD_NO":"4210653364851739","APT_NO":"510","STREET_NAME":"Broad Street","CUST_CITY":"ElPaso","CUST_STATE":"TX","CUST_COUNTRY":"United States","CUST_ZIP":"79930","CUST_PHONE":"(337)124-2298","CUST_EMAIL":"PDalton@example.com","LAST_UPDATED":"2018-04-21T12:49:02.000-04:00"}
{"FIRST_NAME":"Leo","MIDDLE_NAME":"rickie","LAST_NAME":"Hansen","SSN":123456629,"CREDIT_CARD_NO":"4210653368689760","APT_NO":"133","STREET_NAME":"Route 41","CUST_CITY":"Dublin","CUST_STATE":"GA","CUST_COUNTRY":"United States","CUST_ZIP":"31021","CUST_PHONE":"(337)123-8307","CUST_EMAIL":"LHansen@example.com","LAST_UPDATED":"2018-04-21T12:49:02.000-04:00"}
{"FIRST_NAME":"Jefferson","MIDDLE_NAME":"edwin","LAST_NAME":"Booth","SSN":123456635,"CREDIT_CARD_NO":"4210653369930547","APT_NO":"751","STREET_NAME":"Ridge Road","CUST_CITY":"Baldwin","CUST_STATE":"NY","CUST_COUNTRY":"United States","CUST_ZIP":"11510","CUST_PHONE":"(337)124-2897","CUST_EMAIL":"JBooth@example.com","LAST_UPDATED":"2018-04-21T12:49:02.000-04:00"}
{"FIRST_NAME":"Candace","MIDDLE_NAME":"rose","LAST_NAME":"Hinkle","SSN":123456638,"CREDIT_CARD_NO":"4210653348630571","APT_NO":"739","STREET_NAME":"Morris Street","CUST_CITY":"WinstonSalem","CUST_STATE":"NC","CUST_COUNTRY":"United States","CUST_ZIP":"27103","CUST_PHONE":"(337)123-5010","CUST_EMAIL":"CHinkle@example.com","LAST_UPDATED":"2018-04-21T12:49:02.000-04:00"}
{"FIRST_NAME":"Gayle","MIDDLE_NAME":"carmelo","LAST_NAME":"Mayer","SSN":123456640,"CREDIT_CARD_NO":"4210653363044851","APT_NO":"592","STREET_NAME":"Walnut Street","CUST_CITY":"Dublin","CUST_STATE":"GA","CUST_COUNTRY":"United States","CUST_ZIP":"31021","CUST_PHONE":"(337)123-5255","CUST_EMAIL":"GMayer@example.com","LAST_UPDATED":"2018-04-21T12:49:02.000-04:00"}
{"FIRST_NAME":"Tami","MIDDLE_NAME":"patrick","LAST_NAME":"Pereira","SSN":123456663,"CREDIT_CARD_NO":"4210653353442522","APT_NO":"634","STREET_NAME":"Front Street North","CUST_CITY":"SilverSpring","CUST_STATE":"MD","CUST_COUNTRY":"United States","CUST_ZIP":"20901","CUST_PHONE":"(337)124-3390","CUST_EMAIL":"TPereira@example.com","LAST_UPDATED":"2018-04-21T12:49:02.000-04:00"}
{"FIRST_NAME":"Bret","MIDDLE_NAME":"margarita","LAST_NAME":"Perkins","SSN":123456678,"CREDIT_CARD_NO":"4210653360292884","APT_NO":"894","STREET_NAME":"Evergreen Drive","CUST_CITY":"Tacoma","CUST_STATE":"WA","CUST_COUNTRY":"United States","CUST_ZIP":"98444","CUST_PHONE":"(337)123-6368","CUST_EMAIL":"BPerkins@example.com","LAST_UPDATED":"2018-04-21T12:49:02.000-04:00"}
{"FIRST_NAME":"Garry","MIDDLE_NAME":"kory","LAST_NAME":"Clemons","SSN":123456695,"CREDIT_CARD_NO":"4210653391639969","APT_NO":"930","STREET_NAME":"Madison Avenue","CUST_CITY":"GardenCity","CUST_STATE":"NY","CUST_COUNTRY":"United States","CUST_ZIP":"11530","CUST_PHONE":"(337)123-5185","CUST_EMAIL":"GClemons@example.com","LAST_UPDATED":"2018-04-21T12:49:02.000-04:00"}
{"FIRST_NAME":"Jennie","MIDDLE_NAME":"diane","LAST_NAME":"Russo","SSN":123456698,"CREDIT_CARD_NO":"4210653369905302","APT_NO":"109","STREET_NAME":"Linden Street","CUST_CITY":"EllicottCity","CUST_STATE":"MD","CUST_COUNTRY":"United States","CUST_ZIP":"21042","CUST_PHONE":"(337)124-0332","CUST_EMAIL":"JRusso@example.com","LAST_UPDATED":"2018-04-21T12:49:02.000-04:00"}
{"FIRST_NAME":"Selma","MIDDLE_NAME":"elroy","LAST_NAME":"Le","SSN":123456703,"CREDIT_CARD_NO":"4210653395351413","APT_NO":"801","STREET_NAME":"4th Street West","CUST_CITY":"FloralPark","CUST_STATE":"NY","CUST_COUNTRY":"United States","CUST_ZIP":"11001","CUST_PHONE":"(337)123-6860","CUST_EMAIL":"SLe@example.com","LAST_UPDATED":"2018-04-21T12:49:02.000-04:00"}
{"FIRST_NAME":"Alfonso","MIDDLE_NAME":"lee","LAST_NAME":"Barrera","SSN":123456704,"CREDIT_CARD_NO":"4210653333928752","APT_NO":"64","STREET_NAME":"High Street","CUST_CITY":"Acworth","CUST_STATE":"GA","CUST_COUNTRY":"United States","CUST_ZIP":"30101","CUST_PHONE":"(337)123-8751","CUST_EMAIL":"ABarrera@example.com","LAST_UPDATED":"2018-04-21T12:49:02.000-04:00"}
{"FIRST_NAME":"Enid","MIDDLE_NAME":"lidia","LAST_NAME":"Richardson","SSN":123456738,"CREDIT_CARD_NO":"4210653344829469","APT_NO":"113","STREET_NAME":"Laurel Street","CUST_CITY":"SouthLyon","CUST_STATE":"MI","CUST_COUNTRY":"United States","CUST_ZIP":"48178","CUST_PHONE":"(337)124-3297","CUST_EMAIL":"ERichardson@example.com","LAST_UPDATED":"2018-04-21T12:49:02.000-04:00"}
{"FIRST_NAME":"Angie","MIDDLE_NAME":"sonia","LAST_NAME":"Lockhart","SSN":123456747,"CREDIT_CARD_NO":"4210653319388256","APT_NO":"719","STREET_NAME":"Brandywine Drive","CUST_CITY":"Richmond","CUST_STATE":"VA","CUST_COUNTRY":"United States","CUST_ZIP":"23223","CUST_PHONE":"(337)123-6726","CUST_EMAIL":"ALockhart@example.com","LAST_UPDATED":"2018-04-21T12:49:02.000-04:00"}
{"FIRST_NAME":"Otha","MIDDLE_NAME":"chandra","LAST_NAME":"Atkinson","SSN":123456760,"CREDIT_CARD_NO":"4210653324260789","APT_NO":"262","STREET_NAME":"Oxford Court","CUST_CITY":"Chambersburg","CUST_STATE":"PA","CUST_COUNTRY":"United States","CUST_ZIP":"17201","CUST_PHONE":"(337)124-1254","CUST_EMAIL":"OAtkinson@example.com","LAST_UPDATED":"2018-04-21T12:49:02.000-04:00"}
{"FIRST_NAME":"Rene","MIDDLE_NAME":"damien","LAST_NAME":"Villalobos","SSN":123456765,"CREDIT_CARD_NO":"4210653337729440","APT_NO":"1","STREET_NAME":"Circle Drive","CUST_CITY":"Mechanicsburg","CUST_STATE":"PA","CUST_COUNTRY":"United States","CUST_ZIP":"17050","CUST_PHONE":"(337)123-9515","CUST_EMAIL":"RVillalobos@example.com","LAST_UPDATED":"2018-04-21T12:49:02.000-04:00"}
{"FIRST_NAME":"Isidro","MIDDLE_NAME":"toby","LAST_NAME":"Mcguire","SSN":123456775,"CREDIT_CARD_NO":"4210653372703172","APT_NO":"128","STREET_NAME":"Linda Lane","CUST_CITY":"DeerfieldBeach","CUST_STATE":"FL","CUST_COUNTRY":"United States","CUST_ZIP":"33442","CUST_PHONE":"(337)124-1743","CUST_EMAIL":"IMcguire@example.com","LAST_UPDATED":"2018-04-21T12:49:02.000-04:00"}
{"FIRST_NAME":"Vanessa","MIDDLE_NAME":"clarence","LAST_NAME":"Wallace","SSN":123456786,"CREDIT_CARD_NO":"4210653359754312","APT_NO":"151","STREET_NAME":"5th Street North","CUST_CITY":"Hempstead","CUST_STATE":"NY","CUST_COUNTRY":"United States","CUST_ZIP":"11550","CUST_PHONE":"(337)124-2285","CUST_EMAIL":"VWallace@example.com","LAST_UPDATED":"2018-04-21T12:49:02.000-04:00"}
{"FIRST_NAME":"Doyle","MIDDLE_NAME":"erin","LAST_NAME":"Estrada","SSN":123456790,"CREDIT_CARD_NO":"4210653317804657","APT_NO":"754","STREET_NAME":"Brook Lane","CUST_CITY":"Duarte","CUST_STATE":"CA","CUST_COUNTRY":"United States","CUST_ZIP":"91010","CUST_PHONE":"(337)123-8450","CUST_EMAIL":"DEstrada@example.com","LAST_UPDATED":"2018-04-21T12:49:02.000-04:00"}
{"FIRST_NAME":"Dolly","MIDDLE_NAME":"esperanza","LAST_NAME":"Griffith","SSN":123456802,"CREDIT_CARD_NO":"4210653326378343","APT_NO":"643","STREET_NAME":"Forest Street","CUST_CITY":"Glendora","CUST_STATE":"CA","CUST_COUNTRY":"United States","CUST_ZIP":"91740","CUST_PHONE":"(337)124-0230","CUST_EMAIL":"DGriffith@example.com","LAST_UPDATED":"2018-04-21T12:49:02.000-04:00"}
{"FIRST_NAME":"Cole","MIDDLE_NAME":"rosanna","LAST_NAME":"Thorpe","SSN":123456808,"CREDIT_CARD_NO":"4210653319861654","APT_NO":"370","STREET_NAME":"Church Street","CUST_CITY":"Gettysburg","CUST_STATE":"PA","CUST_COUNTRY":"United States","CUST_ZIP":"17325","CUST_PHONE":"(337)124-2490","CUST_EMAIL":"CThorpe@example.com","LAST_UPDATED":"2018-04-21T12:49:02.000-04:00"}
{"FIRST_NAME":"Ali","MIDDLE_NAME":"traci","LAST_NAME":"Bullard","SSN":123456814,"CREDIT_CARD_NO":"4210653329844015","APT_NO":"595","STREET_NAME":"Willow Avenue","CUST_CITY":"Apopka","CUST_STATE":"FL","CUST_COUNTRY":"United States","CUST_ZIP":"32703","CUST_PHONE":"(337)123-7920","CUST_EMAIL":"ABullard@example.com","LAST_UPDATED":"2018-04-21T12:49:02.000-04:00"}
{"FIRST_NAME":"Lauren","MIDDLE_NAME":"denice","LAST_NAME":"Howard","SSN":123456834,"CREDIT_CARD_NO":"4210653343620059","APT_NO":"259","STREET_NAME":"Orchard Lane","CUST_CITY":"AllisonPark","CUST_STATE":"PA","CUST_COUNTRY":"United States","CUST_ZIP":"15101","CUST_PHONE":"(337)123-9536","CUST_EMAIL":"LHoward@example.com","LAST_UPDATED":"2018-04-21T12:49:02.000-04:00"}
{"FIRST_NAME":"Dario","MIDDLE_NAME":"robin","LAST_NAME":"Crowley","SSN":123456847,"CREDIT_CARD_NO":"4210653388256179","APT_NO":"160","STREET_NAME":"Sycamore Drive","CUST_CITY":"Youngstown","CUST_STATE":"OH","CUST_COUNTRY":"United States","CUST_ZIP":"44512","CUST_PHONE":"(337)124-0110","CUST_EMAIL":"DCrowley@example.com","LAST_UPDATED":"2018-04-21T12:49:02.000-04:00"}
{"FIRST_NAME":"Adele","MIDDLE_NAME":"constance","LAST_NAME":"Arias","SSN":123456849,"CREDIT_CARD_NO":"4210653370850340","APT_NO":"13","STREET_NAME":"Edgewood Road","CUST_CITY":"Oxnard","CUST_STATE":"CA","CUST_COUNTRY":"United States","CUST_ZIP":"93035","CUST_PHONE":"(337)123-7253","CUST_EMAIL":"AArias@example.com","LAST_UPDATED":"2018-04-21T12:49:02.000-04:00"}
{"FIRST_NAME":"Bud","MIDDLE_NAME":"toney","LAST_NAME":"Boyce","SSN":123456862,"CREDIT_CARD_NO":"4210653336673875","APT_NO":"798","STREET_NAME":"Evergreen Drive","CUST_CITY":"Boston","CUST_STATE":"MA","CUST_COUNTRY":"United States","CUST_ZIP":"02127","CUST_PHONE":"(337)123-7245","CUST_EMAIL":"BBoyce@example.com","LAST_UPDATED":"2018-04-21T12:49:02.000-04:00"}
{"FIRST_NAME":"Kitty","MIDDLE_NAME":"jeffrey","LAST_NAME":"Hutchinson","SSN":123456866,"CREDIT_CARD_NO":"4210653330692448","APT_NO":"814","STREET_NAME":"River Street","CUST_CITY":"Mundelein","CUST_STATE":"IL","CUST_COUNTRY":"United States","CUST_ZIP":"60060","CUST_PHONE":"(337)123-9258","CUST_EMAIL":"KHutchinson@example.com","LAST_UPDATED":"2018-04-21T12:49:02.000-04:00"}
{"FIRST_NAME":"Duncan","MIDDLE_NAME":"carole","LAST_NAME":"Woodruff","SSN":123456873,"CREDIT_CARD_NO":"4210653368371216","APT_NO":"698","STREET_NAME":"Division Street","CUST_CITY":"Wilmette","CUST_STATE":"IL","CUST_COUNTRY":"United States","CUST_ZIP":"60091","CUST_PHONE":"(337)124-1399","CUST_EMAIL":"DWoodruff@example.com","LAST_UPDATED":"2018-04-21T12:49:02.000-04:00"}
{"FIRST_NAME":"Nathanael","MIDDLE_NAME":"ron","LAST_NAME":"Raines","SSN":123456903,"CREDIT_CARD_NO":"4210653390995615","APT_NO":"943","STREET_NAME":"Delaware Avenue","CUST_CITY":"Quincy","CUST_STATE":"MA","CUST_COUNTRY":"United States","CUST_ZIP":"02169","CUST_PHONE":"(337)124-2218","CUST_EMAIL":"NRaines@example.com","LAST_UPDATED":"2018-04-21T12:49:02.000-04:00"}
{"FIRST_NAME":"Milan","MIDDLE_NAME":"branden","LAST_NAME":"Dempsey","SSN":123456905,"CREDIT_CARD_NO":"4210653336174751","APT_NO":"144","STREET_NAME":"Hillcrest Avenue","CUST_CITY":"Baldwin","CUST_STATE":"NY","CUST_COUNTRY":"United States","CUST_ZIP":"11510","CUST_PHONE":"(337)123-8698","CUST_EMAIL":"MDempsey@example.com","LAST_UPDATED":"2018-04-21T12:49:02.000-04:00"}
{"FIRST_NAME":"Miquel","MIDDLE_NAME":"maximo","LAST_NAME":"Schneider","SSN":123456915,"CREDIT_CARD_NO":"4210653311898082","APT_NO":"810","STREET_NAME":"Maple Street","CUST_CITY":"Richmond","CUST_STATE":"VA","CUST_COUNTRY":"United States","CUST_ZIP":"23223","CUST_PHONE":"(337)123-8390","CUST_EMAIL":"MSchneider@example.com","LAST_UPDATED":"2018-04-21T12:49:02.000-04:00"}
{"FIRST_NAME":"Fausto","MIDDLE_NAME":"gwendolyn","LAST_NAME":"Morris","SSN":123456919,"CREDIT_CARD_NO":"4210653383785923","APT_NO":"529","STREET_NAME":"High Street","CUST_CITY":"Chillicothe","CUST_STATE":"OH","CUST_COUNTRY":"United States","CUST_ZIP":"45601","CUST_PHONE":"(337)124-1702","CUST_EMAIL":"FMorris@example.com","LAST_UPDATED":"2018-04-21T12:49:02.000-04:00"}
{"FIRST_NAME":"Grady","MIDDLE_NAME":"terry","LAST_NAME":"Pope","SSN":123456938,"CREDIT_CARD_NO":"4210653398342007","APT_NO":"863","STREET_NAME":"Main Street West","CUST_CITY":"PalmCity","CUST_STATE":"FL","CUST_COUNTRY":"United States","CUST_ZIP":"34990","CUST_PHONE":"(337)124-2334","CUST_EMAIL":"GPope@example.com","LAST_UPDATED":"2018-04-21T12:49:02.000-04:00"}
{"FIRST_NAME":"Jacklyn","MIDDLE_NAME":"jocelyn","LAST_NAME":"Ewing","SSN":123456940,"CREDIT_CARD_NO":"4210653317697275","APT_NO":"429","STREET_NAME":"Ivy Court","CUST_CITY":"Cary","CUST_STATE":"NC","CUST_COUNTRY":"United States","CUST_ZIP":"27511","CUST_PHONE":"(337)123-9137","CUST_EMAIL":"JEwing@example.com","LAST_UPDATED":"2018-04-21T12:49:02.000-04:00"}
{"FIRST_NAME":"Edwin","MIDDLE_NAME":"alice","LAST_NAME":"Wells","SSN":123456941,"CREDIT_CARD_NO":"4210653352401004","APT_NO":"890","STREET_NAME":"5th Avenue","CUST_CITY":"Mundelein","CUST_STATE":"IL","CUST_COUNTRY":"United States","CUST_ZIP":"60060","CUST_PHONE":"(337)123-6886","CUST_EMAIL":"EWells@example.com","LAST_UPDATED":"2018-04-21T12:49:02.000-04:00"}
{"FIRST_NAME":"Elvis","MIDDLE_NAME":"mariano","LAST_NAME":"Robertson","SSN":123456963,"CREDIT_CARD_NO":"4210653356896070","APT_NO":"583","STREET_NAME":"Main Street","CUST_CITY":"Nanuet","CUST_STATE":"NY","CUST_COUNTRY":"United States","CUST_ZIP":"10954","CUST_PHONE":"(337)124-0915","CUST_EMAIL":"ERobertson@example.com","LAST_UPDATED":"2018-04-21T12:49:02.000-04:00"}
{"FIRST_NAME":"Katie","MIDDLE_NAME":"marci","LAST_NAME":"Snyder","SSN":123456968,"CREDIT_CARD_NO":"4210653331981053","APT_NO":"920","STREET_NAME":"Hamilton Road","CUST_CITY":"Nanuet","CUST_STATE":"NY","CUST_COUNTRY":"United States","CUST_ZIP":"10954","CUST_PHONE":"(337)123-6874","CUST_EMAIL":"KSnyder@example.com","LAST_UPDATED":"2018-04-21T12:49:02.000-04:00"}
{"FIRST_NAME":"Tyron","MIDDLE_NAME":"tyron","LAST_NAME":"Wade","SSN":123456995,"CREDIT_CARD_NO":"4210653327620677","APT_NO":"393","STREET_NAME":"Depot Street","CUST_CITY":"Simpsonville","CUST_STATE":"SC","CUST_COUNTRY":"United States","CUST_ZIP":"29680","CUST_PHONE":"(337)123-6290","CUST_EMAIL":"TWade@example.com","LAST_UPDATED":"2018-04-21T12:49:02.000-04:00"}
{"FIRST_NAME":"Lauren","MIDDLE_NAME":"ina","LAST_NAME":"Saenz","SSN":123457003,"CREDIT_CARD_NO":"4210653365877995","APT_NO":"608","STREET_NAME":"Main Street South","CUST_CITY":"Wethersfield","CUST_STATE":"CT","CUST_COUNTRY":"United States","CUST_ZIP":"06109","CUST_PHONE":"(337)124-3370","CUST_EMAIL":"LSaenz@example.com","LAST_UPDATED":"2018-04-21T12:49:02.000-04:00"}
{"FIRST_NAME":"Jerald","MIDDLE_NAME":"vincent","LAST_NAME":"Carson","SSN":123457005,"CREDIT_CARD_NO":"4210653374779886","APT_NO":"867","STREET_NAME":"Oak Street","CUST_CITY":"Greenville","CUST_STATE":"NC","CUST_COUNTRY":"United States","CUST_ZIP":"27834","CUST_PHONE":"(337)124-1523","CUST_EMAIL":"JCarson@example.com","LAST_UPDATED":"2018-04-21T12:49:02.000-04:00"}
