{"FIRST_NAME":"Howard","MIDDLE_NAME":"phillip","LAST_NAME":"Lovell","SSN":123458440,"CREDIT_CARD_NO":"4210653357814445","APT_NO":"748","STREET_NAME":"8th Street South","CUST_CITY":"Lombard","CUST_STATE":"IL","CUST_COUNTRY":"United States","CUST_ZIP":"60148","CUST_PHONE":"(337)124-2504","CUST_EMAIL":"HLovell@example.com","LAST_UPDATED":"2018-04-21T12:49:02.000-04:00"}
{"FIRST_NAME":"Luella","MIDDLE_NAME":"lena","LAST_NAME":"Grant","SSN":123458471,"CREDIT_CARD_NO":"4210653368499454","APT_NO":"859","STREET_NAME":"Windsor Court","CUST_CITY":"Hillsborough","CUST_STATE":"NJ","CUST_COUNTRY":"United States","CUST_ZIP":"08844","CUST_PHONE":"(337)123-9668","CUST_EMAIL":"LGrant@example.com","LAST_UPDATED":"2018-04-21T12:49:02.000-04:00"}
{"FIRST_NAME":"April","MIDDLE_NAME":"damien","LAST_NAME":"Aguilar","SSN":123458478,"CREDIT_CARD_NO":"4210653388841064","APT_NO":"163","STREET_NAME":"York Street","CUST_CITY":"Stow","CUST_STATE":"OH","CUST_COUNTRY":"United States","CUST_ZIP":"44224","CUST_PHONE":"(337)123-8016","CUST_EMAIL":"AAguilar@example.com","LAST_UPDATED":"2018-04-21T12:49:02.000-04:00"}
{"FIRST_NAME":"Werner","MIDDLE_NAME":"steve","LAST_NAME":"Calderon","SSN":123458484,"CREDIT_CARD_NO":"4210653365940024","APT_NO":"461","STREET_NAME":"Lake Street","CUST_CITY":"HoffmanEstates","CUST_STATE":"IL","CUST_COUNTRY":"United States","CUST_ZIP":"60169","CUST_PHONE":"(337)124-2286","CUST_EMAIL":"WCalderon@example.com","LAST_UPDATED":"2018-04-21T12:49:02.000-04:00"}
{"FIRST_NAME":"Bruno","MIDDLE_NAME":"ervin","LAST_NAME":"Melendez","SSN":123458488,"CREDIT_CARD_NO":"4210653371006391","APT_NO":"619","STREET_NAME":"Cross Street","CUST_CITY":"Oxnard","CUST_STATE":"CA","CUST_COUNTRY":"United States","CUST_ZIP":"93035","CUST_PHONE":"(337)124-3387","CUST_EMAIL":"BMelendez@example.com","LAST_UPDATED":"2018-04-21T12:49:02.000-04:00"}
{"FIRST_NAME":"Roscoe","MIDDLE_NAME":"justin","LAST_NAME":"Conway","SSN":123458491,"CREDIT_CARD_NO":"4210653378240035","APT_NO":"913","STREET_NAME":"Orchard Street","CUST_CITY":"SiouxCity","CUST_STATE":"IA","CUST_COUNTRY":"United States","CUST_ZIP":"51106","CUST_PHONE":"(337)123-5723","CUST_EMAIL":"RConway@example.com","LAST_UPDATED":"2018-04-21T12:49:02.000-04:00"}
{"FIRST_NAME":"Willie","MIDDLE_NAME":"marcie","LAST_NAME":"Myers","SSN":123458499,"CREDIT_CARD_NO":"4210653344857749","APT_NO":"381","STREET_NAME":"Hillside Drive","CUST_CITY":"FloralPark","CUST_STATE":"NY","CUST_COUNTRY":"United States","CUST_ZIP":"11001","CUST_PHONE":"(337)123-7366","CUST_EMAIL":"WMyers@example.com","LAST_UPDATED":"2018-04-21T12:49:02.000-04:00"}
{"FIRST_NAME":"Monte","MIDDLE_NAME":"beverly","LAST_NAME":"Swain","SSN":123458502,"CREDIT_CARD_NO":"4210653392049511","APT_NO":"802","STREET_NAME":"South Street","CUST_CITY":"YubaCity","CUST_STATE":"CA","CUST_COUNTRY":"United States","CUST_ZIP":"95993","CUST_PHONE":"(337)123-9154","CUST_EMAIL":"MSwain@example.com","LAST_UPDATED":"2018-04-21T12:49:02.000-04:00"}
{"FIRST_NAME":"Jeannette","MIDDLE_NAME":"phil","LAST_NAME":"Ramsey","SSN":123458509,"CREDIT_CARD_NO":"4210653312797359","APT_NO":"214","STREET_NAME":"Edgewood Drive","CUST_CITY":"Frederick","CUST_STATE":"MD","CUST_COUNTRY":"United States","CUST_ZIP":"21701","CUST_PHONE":"(337)123-9774","CUST_EMAIL":"JRamsey@example.com","LAST_UPDATED":"2018-04-21T12:49:02.000-04:00"}
{"FIRST_NAME":"Deana","MIDDLE_NAME":"shelby","LAST_NAME":"Rogers","SSN":123458519,"CREDIT_CARD_NO":"4210653349417485","APT_NO":"394","STREET_NAME":"Lawrence Street","CUST_CITY":"Brentwood","CUST_STATE":"NY","CUST_COUNTRY":"United States","CUST_ZIP":"11717","CUST_PHONE":"(337)123-8442","CUST_EMAIL":"DRogers@example.com","LAST_UPDATED":"2018-04-21T12:49:02.000-04:00"}
{"FIRST_NAME":"Valarie","MIDDLE_NAME":"colleen","LAST_NAME":"Alston","SSN":123458522,"CREDIT_CARD_NO":"4210653329146961","APT_NO":"957","STREET_NAME":"Eagle Road","CUST_CITY":"Owosso","CUST_STATE":"MI","CUST_COUNTRY":"United States","CUST_ZIP":"48867","CUST_PHONE":"(337)123-9789","CUST_EMAIL":"VAlston@example.com","LAST_UPDATED":"2018-04-21T12:49:02.000-04:00"}
{"FIRST_NAME":"Adolph","MIDDLE_NAME":"jasper","LAST_NAME":"Valle","SSN":123458544,"CREDIT_CARD_NO":"4210653329148490","APT_NO":"562","STREET_NAME":"Cambridge Drive","CUST_CITY":"OxonHill","CUST_STATE":"MD","CUST_COUNTRY":"United States","CUST_ZIP":"20745","CUST_PHONE":"(337)123-6014","CUST_EMAIL":"AValle@example.com","LAST_UPDATED":"2018-04-21T12:49:02.000-04:00"}
{"FIRST_NAME":"Joanna","MIDDLE_NAME":"lola","LAST_NAME":"Vickers","SSN":123458546,"CREDIT_CARD_NO":"4210653371070866","APT_NO":"372","STREET_NAME":"West Avenue","CUST_CITY":"Owosso","CUST_STATE":"MI","CUST_COUNTRY":"United States","CUST_ZIP":"48867","CUST_PHONE":"(337)124-1244","CUST_EMAIL":"JVickers@example.com","LAST_UPDATED":"2018-04-21T12:49:02.000-04:00"}
{"FIRST_NAME":"Cristina","MIDDLE_NAME":"manual","LAST_NAME":"Spencer","SSN":123458563,"CREDIT_CARD_NO":"4210653348574254","APT_NO":"872","STREET_NAME":"Dogwood Drive","CUST_CITY":"Huntley","CUST_STATE":"IL","CUST_COUNTRY":"United States","CUST_ZIP":"60142","CUST_PHONE":"(337)124-0817","CUST_EMAIL":"CSpencer@example.com","LAST_UPDATED":"2018-04-21T12:49:02.000-04:00"}
{"FIRST_NAME":"Norberto","MIDDLE_NAME":"santiago","LAST_NAME":"Irwin","SSN":123458574,"CREDIT_CARD_NO":"4210653354780671","APT_NO":"117","STREET_NAME":"6th Street","CUST_CITY":"Starkville","CUST_STATE":"MS","CUST_COUNTRY":"United States","CUST_ZIP":"39759","CUST_PHONE":"(337)124-0927","CUST_EMAIL":"NIrwin@example.com","LAST_UPDATED":"2018-04-21T12:49:02.000-04:00"}
{"FIRST_NAME":"Seth","MIDDLE_NAME":"danny","LAST_NAME":"Becker","SSN":123458591,"CREDIT_CARD_NO":"4210653357615375","APT_NO":"802","STREET_NAME":"Sherman Street","CUST_CITY":"Defiance","CUST_STATE":"OH","CUST_COUNTRY":"United States","CUST_ZIP":"43512","CUST_PHONE":"(337)123-6186","CUST_EMAIL":"SBecker@example.com","LAST_UPDATED":"2018-04-21T12:49:02.000-04:00"}
{"FIRST_NAME":"Antony","MIDDLE_NAME":"sherman","LAST_NAME":"Ryan","SSN":123458602,"CREDIT_CARD_NO":"4210653325505173","APT_NO":"715","STREET_NAME":"Academy Street","CUST_CITY":"Carrollton","CUST_STATE":"GA","CUST_COUNTRY":"United States","CUST_ZIP":"30117","CUST_PHONE":"(337)123-5830","CUST_EMAIL":"ARyan@example.com","LAST_UPDATED":"2018-04-21T12:49:02.000-04:00"}
{"FIRST_NAME":"Gail","MIDDLE_NAME":"katherine","LAST_NAME":"Sexton","SSN":123458614,"CREDIT_CARD_NO":"4210653398700594","APT_NO":"54","STREET_NAME":"12th Street","CUST_CITY":"Oconomowoc","CUST_STATE":"WI","CUST_COUNTRY":"United States","CUST_ZIP":"53066","CUST_PHONE":"(337)123-9697","CUST_EMAIL":"GSexton@example.com","LAST_UPDATED":"2018-04-21T12:49:02.000-04:00"}
{"FIRST_NAME":"Paige","MIDDLE_NAME":"james","LAST_NAME":"Dubois","SSN":123458616,"CREDIT_CARD_NO":"4210653330212793","APT_NO":"980","STREET_NAME":"Laurel Lane","CUST_CITY":"FloralPark","CUST_STATE":"NY","CUST_COUNTRY":"United States","CUST_ZIP":"11001","CUST_PHONE":"(337)124-0750","CUST_EMAIL":"PDubois@example.com","LAST_UPDATED":"2018-04-21T12:49:02.000-04:00"}
{"FIRST_NAME":"Johnathon","MIDDLE_NAME":"jennifer","LAST_NAME":"Valenzuela","SSN":123458633,"CREDIT_CARD_NO":"4210653313622611","APT_NO":"610","STREET_NAME":"Briarwood Court","CUST_CITY":"Mechanicsburg","CUST_STATE":"PA","CUST_COUNTRY":"United States","CUST_ZIP":"17050","CUST_PHONE":"(337)123-9079","CUST_EMAIL":"JValenzuela@example.com","LAST_UPDATED":"2018-04-21T12:49:02.000-04:00"}
{"FIRST_NAME":"Gary","MIDDLE_NAME":"spencer","LAST_NAME":"Dodge","SSN":123458644,"CREDIT_CARD_NO":"4210653391983223","APT_NO":"268","STREET_NAME":"West Avenue","CUST_CITY":"Irvington","CUST_STATE":"NJ","CUST_COUNTRY":"United States","CUST_ZIP":"07111","CUST_PHONE":"(337)124-0094","CUST_EMAIL":"GDodge@example.com","LAST_UPDATED":"2018-04-21T12:49:02.000-04:00"}
{"FIRST_NAME":"Addie","MIDDLE_NAME":"scott","LAST_NAME":"Cisneros","SSN":123458645,"CREDIT_CARD_NO":"4210653313338885","APT_NO":"158","STREET_NAME":"Fieldstone Drive","CUST_CITY":"Osseo","CUST_STATE":"MN","CUST_COUNTRY":"United States","CUST_ZIP":"55311","CUST_PHONE":"(337)123-7706","CUST_EMAIL":"ACisneros@example.com","LAST_UPDATED":"2018-04-21T12:49:02.000-04:00"}
{"FIRST_NAME":"Irvin","MIDDLE_NAME":"fern","LAST_NAME":"Rasmussen","SSN":123458651,"CREDIT_CARD_NO":"4210653326380751","APT_NO":"710","STREET_NAME":"Market Street","CUST_CITY":"Houston","CUST_STATE":"TX","CUST_COUNTRY":"United States","CUST_ZIP":"77016","CUST_PHONE":"(337)123-7389","CUST_EMAIL":"IRasmussen@example.com","LAST_UPDATED":"2018-04-21T12:49:02.000-04:00"}
{"FIRST_NAME":"Estelle","MIDDLE_NAME":"geoffrey","LAST_NAME":"Freeman","SSN":123458659,"CREDIT_CARD_NO":"4210653386980714","APT_NO":"625","STREET_NAME":"Route 1","CUST_CITY":"Levittown","CUST_STATE":"NY","CUST_COUNTRY":"United States","CUST_ZIP":"11756","CUST_PHONE":"(337)123-7833","CUST_EMAIL":"EFreeman@example.com","LAST_UPDATED":"2018-04-21T12:49:02.000-04:00"}
{"FIRST_NAME":"Thurman","MIDDLE_NAME":"granville","LAST_NAME":"Vera","SSN":123458668,"CREDIT_CARD_NO":"4210653317182916","APT_NO":"831","STREET_NAME":"Glenwood Avenue","CUST_CITY":"Mooresville","CUST_STATE":"NC","CUST_COUNTRY":"United States","CUST_ZIP":"28115","CUST_PHONE":"(337)123-7294","CUST_EMAIL":"TVera@example.com","LAST_UPDATED":"2018-04-21T12:49:02.000-04:00"}
{"FIRST_NAME":"Cesar","MIDDLE_NAME":"walton","LAST_NAME":"Steward","SSN":123458679,"CREDIT_CARD_NO":"4210653364216304","APT_NO":"57","STREET_NAME":"Smith Street","CUST_CITY":"Carlisle","CUST_STATE":"PA","CUST_COUNTRY":"United States","CUST_ZIP":"17013","CUST_PHONE":"(337)124-2013","CUST_EMAIL":"CSteward@example.com","LAST_UPDATED":"2018-04-21T12:49:02.000-04:00"}
{"FIRST_NAME":"Meghan","MIDDLE_NAME":"lea","LAST_NAME":"Starr","SSN":123458684,"CREDIT_CARD_NO":"4210653377548973","APT_NO":"110","STREET_NAME":"Myrtle Avenue","CUST_CITY":"Rockaway","CUST_STATE":"NJ","CUST_COUNTRY":"United States","CUST_ZIP":"07866","CUST_PHONE":"(337)124-2617","CUST_EMAIL":"MStarr@example.com","LAST_UPDATED":"2018-04-21T12:49:02.000-04:00"}
{"FIRST_NAME":"Kirk","MIDDLE_NAME":"sabrina","LAST_NAME":"Monroe","SSN":123458697,"CREDIT_CARD_NO":"4210653362772159","APT_NO":"819","STREET_NAME":"North Street","CUST_CITY":"SiouxCity","CUST_STATE":"IA","CUST_COUNTRY":"United States","CUST_ZIP":"51106","CUST_PHONE":"(337)124-3290","CUST_EMAIL":"KMonroe@example.com","LAST_UPDATED":"2018-04-21T12:49:02.000-04:00"}
{"FIRST_NAME":"Aubrey","MIDDLE_NAME":"billy","LAST_NAME":"Boucher","SSN":123458702,"CREDIT_CARD_NO":"4210653323251469","APT_NO":"28","STREET_NAME":"Franklin Street","CUST_CITY":"Harrisonburg","CUST_STATE":"VA","CUST_COUNTRY":"United States","CUST_ZIP":"22801","CUST_PHONE":"(337)123-4611","CUST_EMAIL":"ABoucher@example.com","LAST_UPDATED":"2018-04-21T12:49:02.000-04:00"}
{"FIRST_NAME":"Russ","MIDDLE_NAME":"terrance","LAST_NAME":"Horton","SSN":123458703,"CREDIT_CARD_NO":"4210653347791178","APT_NO":"94","STREET_NAME":"Carriage Drive","CUST_CITY":"Canonsburg","CUST_STATE":"PA","CUST_COUNTRY":"United States","CUST_ZIP":"15317","CUST_PHONE":"(337)123-8106","CUST_EMAIL":"RHorton@example.com","LAST_UPDATED":"2018-04-21T12:49:02.000-04:00"}
{"FIRST_NAME":"Bernie","MIDDLE_NAME":"chase","LAST_NAME":"Meza","SSN":123458707,"CREDIT_CARD_NO":"4210653355993535","APT_NO":"535","STREET_NAME":"Willow Lane","CUST_CITY":"PalmCity","CUST_STATE":"FL","CUST_COUNTRY":"United States","CUST_ZIP":"34990","CUST_PHONE":"(337)123-9954","CUST_EMAIL":"BMeza@example.com","LAST_UPDATED":"2018-04-21T12:49:02.000-04:00"}
{"FIRST_NAME":"Tonya","MIDDLE_NAME":"porfirio","LAST_NAME":"Liu","SSN":123458724,"CREDIT_CARD_NO":"4210653316694056","APT_NO":"193","STREET_NAME":"Harrison Avenue","CUST_CITY":"Boston","CUST_STATE":"MA","CUST_COUNTRY":"United States","CUST_ZIP":"02127","CUST_PHONE":"(337)124-1788","CUST_EMAIL":"TLiu@example.com","LAST_UPDATED":"2018-04-21T12:49:02.000-04:00"}
{"FIRST_NAME":"Agustin","MIDDLE_NAME":"gina","LAST_NAME":"Craig","SSN":123458732,"CREDIT_CARD_NO":"4210653365627146","APT_NO":"494","STREET_NAME":"Arch Street","CUST_CITY":"Conyers","CUST_STATE":"GA","CUST_COUNTRY":"United States","CUST_ZIP":"30012","CUST_PHONE":"(337)123-8511","CUST_EMAIL":"ACraig@example.com","LAST_UPDATED":"2018-04-21T12:49:02.000-04:00"}
{"FIRST_NAME":"Reva","MIDDLE_NAME":"abdul","LAST_NAME":"Yates","SSN":123458737,"CREDIT_CARD_NO":"4210653397089999","APT_NO":"337","STREET_NAME":"5th Street North","CUST_CITY":"Redford","CUST_STATE":"MI","CUST_COUNTRY":"United States","CUST_ZIP":"48239","CUST_PHONE":"(337)124-2263","CUST_EMAIL":"RYates@example.com","LAST_UPDATED":"2018-04-21T12:49:02.000-04:00"}
{"FIRST_NAME":"Ed","MIDDLE_NAME":"gabriela","LAST_NAME":"Odom","SSN":123458744,"CREDIT_CARD_NO":"4210653394322229","APT_NO":"789","STREET_NAME":"Buttonwood Drive","CUST_CITY":"Hempstead","CUST_STATE":"NY","CUST_COUNTRY":"United States","CUST_ZIP":"11550","CUST_PHONE":"(337)123-8589","CUST_EMAIL":"EOdom@example.com","LAST_UPDATED":"2018-04-21T12:49:02.000-04:00"}
{"FIRST_NAME":"Rosemary","MIDDLE_NAME":"todd","LAST_NAME":"Dodge","SSN":123458751,"CREDIT_CARD_NO":"4210653356943476","APT_NO":"880","STREET_NAME":"Roosevelt Avenue","CUST_CITY":"Chaska","CUST_STATE":"MN","CUST_COUNTRY":"United States","CUST_ZIP":"55318","CUST_PHONE":"(337)123-6329","CUST_EMAIL":"RDodge@example.com","LAST_UPDATED":"2018-04-21T12:49:02.000-04:00"}
{"FIRST_NAME":"Zachery","MIDDLE_NAME":"fidel","LAST_NAME":"Flores","SSN":123458766,"CREDIT_CARD_NO":"4210653360649149","APT_NO":"672","STREET_NAME":"Grant Street","CUST_CITY":"Baltimore","CUST_STATE":"MD","CUST_COUNTRY":"United States","CUST_ZIP":"21206","CUST_PHONE":"(337)124-1662","CUST_EMAIL":"ZFlores@example.com","LAST_UPDATED":"2018-04-21T12:49:02.000-04:00"}
{"FIRST_NAME":"Sophia","MIDDLE_NAME":"rudy","LAST_NAME":"Sherwood","SSN":123458770,"CREDIT_CARD_NO":"4210653387134591","APT_NO":"101","STREET_NAME":"East Street","CUST_CITY":"Vienna","CUST_STATE":"VA","CUST_COUNTRY":"United States","CUST_ZIP":"22180","CUST_PHONE":"(337)124-1141","CUST_EMAIL":"SSherwood@example.com","LAST_UPDATED":"2018-04-21T12:49:02.000-04:00"}
{"FIRST_NAME":"Christa","MIDDLE_NAME":"gwen","LAST_NAME":"Gamble","SSN":123458789,"CREDIT_CARD_NO":"4210653370921357","APT_NO":"574","STREET_NAME":"Rose Street","CUST_CITY":"LakeJackson","CUST_STATE":"TX","CUST_COUNTRY":"United States","CUST_ZIP":"77566","CUST_PHONE":"(337)123-8690","CUST_EMAIL":"CGamble@example.com","LAST_UPDATED":"2018-04-21T12:49:02.000-04:00"}
{"FIRST_NAME":"Carlo","MIDDLE_NAME":"foster","LAST_NAME":"Goss","SSN":123458807,"CREDIT_CARD_NO":"4210653380817895","APT_NO":"794","STREET_NAME":"Heritage Drive","CUST_CITY":"Brookfield","CUST_STATE":"WI","CUST_COUNTRY":"United States","CUST_ZIP":"53045","CUST_PHONE":"(337)124-3309","CUST_EMAIL":"CGoss@example.com","LAST_UPDATED":"2018-04-21T12:49:02.000-04:00"}
{"FIRST_NAME":"Mindy","MIDDLE_NAME":"lucy","LAST_NAME":"Skinner","SSN":123458809,"CREDIT_CARD_NO":"4210653316957315","APT_NO":"529","STREET_NAME":"Laurel Drive","CUST_CITY":"Clermont","CUST_STATE":"FL","CUST_COUNTRY":"United States","CUST_ZIP":"34711","CUST_PHONE":"(337)123-8484","CUST_EMAIL":"MSkinner@example.com","LAST_UPDATED":"2018-04-21T12:49:02.000-04:00"}
{"FIRST_NAME":"Nichole","MIDDLE_NAME":"letitia","LAST_NAME":"Boggs","SSN":123458810,"CREDIT_CARD_NO":"4210653328206207","APT_NO":"336","STREET_NAME":"Brook Lane","CUST_CITY":"Frederick","CUST_STATE":"MD","CUST_COUNTRY":"United States","CUST_ZIP":"21701","CUST_PHONE":"(337)124-2488","CUST_EMAIL":"NBoggs@example.com","LAST_UPDATED":"2018-04-21T12:49:02.000-04:00"}
{"FIRST_NAME":"Andres","MIDDLE_NAME":"alexis","LAST_NAME":"Shah","SSN":123458817,"CREDIT_CARD_NO":"4210653337047762","APT_NO":"802","STREET_NAME":"Country Club Drive","CUST_CITY":"Baltimore","CUST_STATE":"MD","CUST_COUNTRY":"United States","CUST_ZIP":"21206","CUST_PHONE":"(337)124-2412","CUST_EMAIL":"AShah@example.com","LAST_UPDATED":"2018-04-21T12:49:02.000-04:00"}
{"FIRST_NAME":"Wilbur","MIDDLE_NAME":"jeffrey","LAST_NAME":"Weaver","SSN":123458818,"CREDIT_CARD_NO":"4210653335987056","APT_NO":"753","STREET_NAME":"4th Avenue","CUST_CITY":"SilverSpring","CUST_STATE":"MD","CUST_COUNTRY":"United States","CUST_ZIP":"20901","CUST_PHONE":"(337)124-0029","CUST_EMAIL":"WWeaver@example.com","LAST_UPDATED":"2018-04-21T12:49:02.000-04:00"}
{"FIRST_NAME":"Duncan","MIDDLE_NAME":"fern","LAST_NAME":"Harding","SSN":123458830,"CREDIT_CARD_NO":"4210653360484113","APT_NO":"90","STREET_NAME":"Route 41","CUST_CITY":"Sykesville","CUST_STATE":"MD","CUST_COUNTRY":"United States","CUST_ZIP":"21784","CUST_PHONE":"(337)123-5510","CUST_EMAIL":"DHarding@example.com","LAST_UPDATED":"2018-04-21T12:49:02.000-04:00"}
{"FIRST_NAME":"Cody","MIDDLE_NAME":"meagan","LAST_NAME":"Carter","SSN":123458839,"CREDIT_CARD_NO":"4210653376558751","APT_NO":"26","STREET_NAME":"Riverside Drive","CUST_CITY":"Hempstead","CUST_STATE":"NY","CUST_COUNTRY":"United States","CUST_ZIP":"11550","CUST_PHONE":"(337)123-5360","CUST_EMAIL":"CCarter@example.com","LAST_UPDATED":"2018-04-21T12:49:02.000-04:00"}
{"FIRST_NAME":"Abel","MIDDLE_NAME":"francis","LAST_NAME":"Neff","SSN":123458847,"CREDIT_CARD_NO":"4210653353283588","APT_NO":"654","STREET_NAME":"Orchard Lane","CUST_CITY":"Baltimore","CUST_STATE":"MD","CUST_COUNTRY":"United States","CUST_ZIP":"21206","CUST_PHONE":"(337)123-9426","CUST_EMAIL":"ANeff@example.com","LAST_UPDATED":"2018-04-21T12:49:02.000-04:00"}
{"FIRST_NAME":"Wanda","MIDDLE_NAME":"allen","LAST_NAME":"Pitts","SSN":123458848,"CREDIT_CARD_NO":"4210653334888971","APT_NO":"825","STREET_NAME":"Glenwood Avenue","CUST_CITY":"Wellington","CUST_STATE":"FL","CUST_COUNTRY":"United States","CUST_ZIP":"33414","CUST_PHONE":"(337)123-6772","CUST_EMAIL":"WPitts@example.com","LAST_UPDATED":"2018-04-21T12:49:02.000-04:00"}
{"FIRST_NAME":"Brandon","MIDDLE_NAME":"theo","LAST_NAME":"Flowers","SSN":123458883,"CREDIT_CARD_NO":"4210653352218492","APT_NO":"602","STREET_NAME":"4th Street South","CUST_CITY":"Oxford","CUST_STATE":"MS","CUST_COUNTRY":"United States","CUST_ZIP":"38655","CUST_PHONE":"(337)124-0229","CUST_EMAIL":"BFlowers@example.com","LAST_UPDATED":"2018-04-21T12:49:02.000-04:00"}
{"FIRST_NAME":"Rebecca","MIDDLE_NAME":"terence","LAST_NAME":"Cheng","SSN":123458890,"CREDIT_CARD_NO":"4210653324469428","APT_NO":"71","STREET_NAME":"Union Street","CUST_CITY":"Monroeville","CUST_STATE":"PA","CUST_COUNTRY":"United States","CUST_ZIP":"15146","CUST_PHONE":"(337)124-1692","CUST_EMAIL":"RCheng@example.com","LAST_UPDATED":"2018-04-21T12:49:02.000-04:00"}
{"FIRST_NAME":"Jamaal","MIDDLE_NAME":"latisha","LAST_NAME":"Davila","SSN":123458892,"CREDIT_CARD_NO":"4210653321615305","APT_NO":"772","STREET_NAME":"Hilltop Road","CUST_CITY":"Granger","CUST_STATE":"IN","CUST_COUNTRY":"United States","CUST_ZIP":"46530","CUST_PHONE":"(337)124-1761","CUST_EMAIL":"JDavila@example.com","LAST_UPDATED":"2018-04-21T12:49:02.000-04:00"}
{"FIRST_NAME":"Sheldon","MIDDLE_NAME":"sara","LAST_NAME":"Wooten","SSN":123458902,"CREDIT_CARD_NO":"4210653398575137","APT_NO":"919","STREET_NAME":"1st Avenue","CUST_CITY":"Canonsburg","CUST_STATE":"PA","CUST_COUNTRY":"United States","CUST_ZIP":"15317","CUST_PHONE":"(337)124-0274","CUST_EMAIL":"SWooten@example.com","LAST_UPDATED":"2018-04-21T12:49:02.000-04:00"}
{"FIRST_NAME":"Sandra","MIDDLE_NAME":"fredric","LAST_NAME":"Stanford","SSN":123458905,"CREDIT_CARD_NO":"4210653365537472","APT_NO":"499","STREET_NAME":"Pheasant Run","CUST_CITY":"ElPaso","CUST_STATE":"TX","CUST_COUNTRY":"United States","CUST_ZIP":"79930","CUST_PHONE":"(337)124-3097","CUST_EMAIL":"SStanford@example.com","LAST_UPDATED":"2018-04-21T12:49:02.000-04:00"}
{"FIRST_NAME":"Jody","MIDDLE_NAME":"kim","LAST_NAME":"Swain","SSN":123458915,"CREDIT_CARD_NO":"4210653369088511","APT_NO":"807","STREET_NAME":"Arch Street","CUST_CITY":"Bartlett","CUST_STATE":"IL","CUST_COUNTRY":"United States","CUST_ZIP":"60103","CUST_PHONE":"(337)123-5325","CUST_EMAIL":"JSwain@example.com","LAST_UPDATED":"2018-04-21T12:49:02.000-04:00"}
{"FIRST_NAME":"Toby","MIDDLE_NAME":"lowell","LAST_NAME":"Bloom","SSN":123458925,"CREDIT_CARD_NO":"4210653336729188","APT_NO":"804","STREET_NAME":"Ivy Lane","CUST_CITY":"Dearborn","CUST_STATE":"MI","CUST_COUNTRY":"United States","CUST_ZIP":"48124","CUST_PHONE":"(337)124-1175","CUST_EMAIL":"TBloom@example.com","LAST_UPDATED":"2018-04-21T12:49:02.000-04:00"}
{"FIRST_NAME":"Jospeh","MIDDLE_NAME":"barton","LAST_NAME":"Godfrey","SSN":123458932,"CREDIT_CARD_NO":"4210653321554682","APT_NO":"216","STREET_NAME":"Route 32","CUST_CITY":"Paterson","CUST_STATE":"NJ","CUST_COUNTRY":"United States","CUST_ZIP":"07501","CUST_PHONE":"(337)123-4920","CUST_EMAIL":"JGodfrey@example.com","LAST_UPDATED":"2018-04-21T12:49:02.000-04:00"}
{"FIRST_NAME":"Morris","MIDDLE_NAME":"lee","LAST_NAME":"Murphy","SSN":123458943,"CREDIT_CARD_NO":"4210653343170796","APT_NO":"593","STREET_NAME":"10th Street","CUST_CITY":"Kernersville","CUST_STATE":"NC","CUST_COUNTRY":"United States","CUST_ZIP":"27284","CUST_PHONE":"(337)123-6456","CUST_EMAIL":"MMurphy@example.com","LAST_UPDATED":"2018-04-21T12:49:02.000-04:00"}
{"FIRST_NAME":"Jeannette","MIDDLE_NAME":"alan","LAST_NAME":"Golden","SSN":123458966,"CREDIT_CARD_NO":"4210653316379921","APT_NO":"496","STREET_NAME":"Hillcrest Avenue","CUST_CITY":"Taunton","CUST_STATE":"MA","CUST_COUNTRY":"United States","CUST_ZIP":"02780","CUST_PHONE":"(337)124-0126","CUST_EMAIL":"JGolden@example.com","LAST_UPDATED":"2018-04-21T12:49:02.000-04:00"}
{"FIRST_NAME":"Virgil","MIDDLE_NAME":"ian","LAST_NAME":"Mueller","SSN":123458993,"CREDIT_CARD_NO":"4210653393854571","APT_NO":"508","STREET_NAME":"Franklin Court","CUST_CITY":"Redford","CUST_STATE":"MI","CUST_COUNTRY":"United States","CUST_ZIP":"48239","CUST_PHONE":"(337)123-8615","CUST_EMAIL":"VMueller@example.com","LAST_UPDATED":"2018-04-21T12:49:02.000-04:00"}
{"FIRST_NAME":"Mary","MIDDLE_NAME":"haywood","LAST_NAME":"Estrada","SSN":123458999,"CREDIT_CARD_NO":"4210653343509148","APT_NO":"219","STREET_NAME":"Dogwood Lane","CUST_CITY":"Taunton","CUST_STATE":"MA","CUST_COUNTRY":"United States","CUST_ZIP":"02780","CUST_PHONE":"(337)123-9225","CUST_EMAIL":"MEstrada@example.com","LAST_UPDATED":"2018-04-21T12:49:02.000-04:00"}
{"FIRST_NAME":"Major","MIDDLE_NAME":"damien","LAST_NAME":"Bragg","SSN":123459019,"CREDIT_CARD_NO":"4210653346772509","APT_NO":"904","STREET_NAME":"Fulton Street","CUST_CITY":"Levittown","CUST_STATE":"NY","CUST_COUNTRY":"United States","CUST_ZIP":"11756","CUST_PHONE":"(337)123-9113","CUST_EMAIL":"MBragg@example.com","LAST_UPDATED":"2018-04-21T12:49:02.000-04:00"}
{"FIRST_NAME":"Alexis","MIDDLE_NAME":"carlton","LAST_NAME":"Poole","SSN":123459021,"CREDIT_CARD_NO":"4210653357297718","APT_NO":"38","STREET_NAME":"Adams Street","CUST_CITY":"Brentwood","CUST_STATE":"NY","CUST_COUNTRY":"United States","CUST_ZIP":"11717","CUST_PHONE":"(337)123-4934","CUST_EMAIL":"APoole@example.com","LAST_UPDATED":"2018-04-21T12:49:02.000-04:00"}
{"FIRST_NAME":"Camilla","MIDDLE_NAME":"bobbie","LAST_NAME":"Small","SSN":123459024,"CREDIT_CARD_NO":"4210653392932549","APT_NO":"846","STREET_NAME":"2nd Street East","CUST_CITY":"MurrellsInlet","CUST_STATE":"SC","CUST_COUNTRY":"United States","CUST_ZIP":"29576","CUST_PHONE":"(337)123-9168","CUST_EMAIL":"CSmall@example.com","LAST_UPDATED":"2018-04-21T12:49:02.000-04:00"}
{"FIRST_NAME":"Nannie","MIDDLE_NAME":"geoffrey","LAST_NAME":"Krause","SSN":123459025,"CREDIT_CARD_NO":"4210653330396787","APT_NO":"634","STREET_NAME":"Dogwood Drive","CUST_CITY":"Vienna","CUST_STATE":"VA","CUST_COUNTRY":"United States","CUST_ZIP":"22180","CUST_PHONE":"(337)123-8266","CUST_EMAIL":"NKrause@example.com","LAST_UPDATED":"2018-04-21T12:49:02.000-04:00"}
{"FIRST_NAME":"Mariana","MIDDLE_NAME":"brain","LAST_NAME":"Lowry","SSN":123459034,"CREDIT_CARD_NO":"4210653383751137","APT_NO":"642","STREET_NAME":"State Street East","CUST_CITY":"SanLorenzo","CUST_STATE":"CA","CUST_COUNTRY":"United States","CUST_ZIP":"94580","CUST_PHONE":"(337)123-5508","CUST_EMAIL":"MLowry@example.com","LAST_UPDATED":"2018-04-21T12:49:02.000-04:00"}
{"FIRST_NAME":"Fred","MIDDLE_NAME":"clement","LAST_NAME":"Spence","SSN":123459045,"CREDIT_CARD_NO":"4210653375946944","APT_NO":"654","STREET_NAME":"Spruce Street","CUST_CITY":"Vienna","CUST_STATE":"VA","CUST_COUNTRY":"United States","CUST_ZIP":"22180","CUST_PHONE":"(337)124-0085","CUST_EMAIL":"FSpence@example.com","LAST_UPDATED":"2018-04-21T12:49:02.000-04:00"}
{"FIRST_NAME":"Zachariah","MIDDLE_NAME":"staci","LAST_NAME":"Hodge","SSN":123459057,"CREDIT_CARD_NO":"4210653375392895","APT_NO":"713","STREET_NAME":"Valley View Road","CUST_CITY":"Clermont","CUST_STATE":"FL","CUST_COUNTRY":"United States","CUST_ZIP":"34711","CUST_PHONE":"(337)123-6395","CUST_EMAIL":"ZHodge@example.com","LAST_UPDATED":"2018-04-21T12:49:02.000-04:00"}
{"FIRST_NAME":"Shelly","MIDDLE_NAME":"allison","LAST_NAME":"Jordan","SSN":123459060,"CREDIT_CARD_NO":"4210653373571809","APT_NO":"354","STREET_NAME":"Pin Oak Drive","CUST_CITY":"DeerfieldBeach","CUST_STATE":"FL","CUST_COUNTRY":"United States","CUST_ZIP":"33442","CUST_PHONE":"(337)123-7203","CUST_EMAIL":"SJordan@example.com","LAST_UPDATED":"2018-04-21T12:49:02.000-04:00"}
{"FIRST_NAME":"Earlene","MIDDLE_NAME":"ramiro","LAST_NAME":"Osborne","SSN":123459068,"CREDIT_CARD_NO":"4210653356168300","APT_NO":"425","STREET_NAME":"Fairview Avenue","CUST_CITY":"Chaska","CUST_STATE":"MN","CUST_COUNTRY":"United States","CUST_ZIP":"55318","CUST_PHONE":"(337)123-5825","CUST_EMAIL":"EOsborne@example.com","LAST_UPDATED":"2018-04-21T12:49:02.000-04:00"}
{"FIRST_NAME":"Debbie","MIDDLE_NAME":"katrina","LAST_NAME":"Hooper","SSN":123459074,"CREDIT_CARD_NO":"4210653363502076","APT_NO":"181","STREET_NAME":"Route 10","CUST_CITY":"BuffaloGrove","CUST_STATE":"IL","CUST_COUNTRY":"United States","CUST_ZIP":"60089","CUST_PHONE":"(337)123-9389","CUST_EMAIL":"DHooper@example.com","LAST_UPDATED":"2018-04-21T12:49:02.000-04:00"}
{"FIRST_NAME":"Chas","MIDDLE_NAME":"jay","LAST_NAME":"Blanco","SSN":123459076,"CREDIT_CARD_NO":"4210653388606505","APT_NO":"514","STREET_NAME":"Harrison Street","CUST_CITY":"Osseo","CUST_STATE":"MN","CUST_COUNTRY":"United States","CUST_ZIP":"55311","CUST_PHONE":"(337)123-5549","CUST_EMAIL":"CBlanco@example.com","LAST_UPDATED":"2018-04-21T12:49:02.000-04:00"}
{"FIRST_NAME":"Ryan","MIDDLE_NAME":"annie","LAST_NAME":"Gustafson","SSN":123459087,"CREDIT_CARD_NO":"4210653388410323","APT_NO":"538","STREET_NAME":"Chapel Street","CUST_CITY":"Clermont","CUST_STATE":"FL","CUST_COUNTRY":"United States","CUST_ZIP":"34711","CUST_PHONE":"(337)124-2379","CUST_EMAIL":"RGustafson@example.com","LAST_UPDATED":"2018-04-21T12:49:02.000-04:00"}
{"FIRST_NAME":"Renaldo","MIDDLE_NAME":"bobby","LAST_NAME":"Cardona","SSN":123459108,"CREDIT_CARD_NO":"4210653325596949","APT_NO":"591","STREET_NAME":"Brown Street","CUST_CITY":"SilverSpring","CUST_STATE":"MD","CUST_COUNTRY":"United States","CUST_ZIP":"20901","CUST_PHONE":"(337)124-1968","CUST_EMAIL":"RCardona@example.com","LAST_UPDATED":"2018-04-21T12:49:02.000-04:00"}
{"FIRST_NAME":"Selina","MIDDLE_NAME":"elinor","LAST_NAME":"Cho","SSN":123459137,"CREDIT_CARD_NO":"4210653362041693","APT_NO":"578","STREET_NAME":"Elm Street","CUST_CITY":"Poughkeepsie","CUST_STATE":"NY","CUST_COUNTRY":"United States","CUST_ZIP":"12601","CUST_PHONE":"(337)124-1779","CUST_EMAIL":"SCho@example.com","LAST_UPDATED":"2018-04-21T12:49:02.000-04:00"}
{"FIRST_NAME":"Matilda","MIDDLE_NAME":"barney","LAST_NAME":"Orozco","SSN":123459139,"CREDIT_CARD_NO":"4210653386324626","APT_NO":"131","STREET_NAME":"3rd Street North","CUST_CITY":"Dublin","CUST_STATE":"GA","CUST_COUNTRY":"United States","CUST_ZIP":"31021","CUST_PHONE":"(337)123-8015","CUST_EMAIL":"MOrozco@example.com","LAST_UPDATED":"2018-04-21T12:49:02.000-04:00"}
{"FIRST_NAME":"Tony","MIDDLE_NAME":"millie","LAST_NAME":"Raymond","SSN":123459155,"CREDIT_CARD_NO":"4210653315863825","APT_NO":"177","STREET_NAME":"Pearl Street","CUST_CITY":"Rockaway","CUST_STATE":"NJ","CUST_COUNTRY":"United States","CUST_ZIP":"07866","CUST_PHONE":"(337)123-7046","CUST_EMAIL":"TRaymond@example.com","LAST_UPDATED":"2018-04-21T12:49:02.000-04:00"}
{"FIRST_NAME":"Cecelia","MIDDLE_NAME":"vaughn","LAST_NAME":"Ratliff","SSN":123459158,"CREDIT_CARD_NO":"4210653348536198","APT_NO":"950","STREET_NAME":"Hickory Lane","CUST_CITY":"ElPaso","CUST_STATE":"TX","CUST_COUNTRY":"United States","CUST_ZIP":"79930","CUST_PHONE":"(337)123-6814","CUST_EMAIL":"CRatliff@example.com","LAST_UPDATED":"2018-04-21T12:49:02.000-04:00"}
{"FIRST_NAME":"Sylvia","MIDDLE_NAME":"ty","LAST_NAME":"Chavez","SSN":123459170,"CREDIT_CARD_NO":"4210653373787581","APT_NO":"33","STREET_NAME":"Water Street","CUST_CITY":"Glendora","CUST_STATE":"CA","CUST_COUNTRY":"United States","CUST_ZIP":"91740","CUST_PHONE":"(337)123-4950","CUST_EMAIL":"SChavez@example.com","LAST_UPDATED":"2018-04-21T12:49:02.000-04:00"}
{"FIRST_NAME":"Keven","MIDDLE_NAME":"wesley","LAST_NAME":"Salinas","SSN":123459173,"CREDIT_CARD_NO":"4210653338597659","APT_NO":"910","STREET_NAME":"Park Drive","CUST_CITY":"Vienna","CUST_STATE":"VA","CUST_COUNTRY":"United States","CUST_ZIP":"22180","CUST_PHONE":"(337)123-5936","CUST_EMAIL":"KSalinas@example.com","LAST_UPDATED":"2018-04-21T12:49:02.000-04:00"}
