{"FIRST_NAME":"Doug","MIDDLE_NAME":"oswaldo","LAST_NAME":"Kemp","SSN":123457773,"CREDIT_CARD_NO":"4210653340692634","APT_NO":"38","STREET_NAME":"Church Street North","CUST_CITY":"Monroeville","CUST_STATE":"PA","CUST_COUNTRY":"United States","CUST_ZIP":"15146","CUST_PHONE":"(337)123-9673","CUST_EMAIL":"DKemp@example.com","LAST_UPDATED":"2018-04-21T12:49:02.000-04:00"}
{"FIRST_NAME":"Isabella","MIDDLE_NAME":"rebecca","LAST_NAME":"Sweeney","SSN":123457776,"CREDIT_CARD_NO":"4210653386327942","APT_NO":"143","STREET_NAME":"1st Street","CUST_CITY":"Hillsborough","CUST_STATE":"NJ","CUST_COUNTRY":"United States","CUST_ZIP":"08844","CUST_PHONE":"(337)123-9922","CUST_EMAIL":"ISweeney@example.com","LAST_UPDATED":"2018-04-21T12:49:02.000-04:00"}
{"FIRST_NAME":"Palmer","MIDDLE_NAME":"lee","LAST_NAME":"Kelley","SSN":123457778,"CREDIT_CARD_NO":"4210653316451779","APT_NO":"662","STREET_NAME":"2nd Avenue","CUST_CITY":"Hillsborough","CUST_STATE":"NJ","CUST_COUNTRY":"United States","CUST_ZIP":"08844","CUST_PHONE":"(337)124-2953","CUST_EMAIL":"PKelley@example.com","LAST_UPDATED":"2018-04-21T12:49:02.000-04:00"}
{"FIRST_NAME":"Adriana","MIDDLE_NAME":"leopoldo","LAST_NAME":"Clayton","SSN":123457795,"CREDIT_CARD_NO":"4210653353497151","APT_NO":"928","STREET_NAME":"James Street","CUST_CITY":"Middleburg","CUST_STATE":"FL","CUST_COUNTRY":"United States","CUST_ZIP":"32068","CUST_PHONE":"(337)123-7535","CUST_EMAIL":"AClayton@example.com","LAST_UPDATED":"2018-04-21T12:49:02.000-04:00"}
{"FIRST_NAME":"Deena","MIDDLE_NAME":"camille","LAST_NAME":"Benitez","SSN":123457806,"CREDIT_CARD_NO":"4210653356103245","APT_NO":"593","STREET_NAME":"Cottage Street","CUST_CITY":"Gettysburg","CUST_STATE":"PA","CUST_COUNTRY":"United States","CUST_ZIP":"17325","CUST_PHONE":"(337)123-8859","CUST_EMAIL":"DBenitez@example.com","LAST_UPDATED":"2018-04-21T12:49:02.000-04:00"}
{"FIRST_NAME":"Numbers","MIDDLE_NAME":"flossie","LAST_NAME":"Connelly","SSN":123457816,"CREDIT_CARD_NO":"4210653398034528","APT_NO":"271","STREET_NAME":"Woodland Avenue","CUST_CITY":"Stow","CUST_STATE":"OH","CUST_COUNTRY":"United States","CUST_ZIP":"44224","CUST_PHONE":"(337)124-3093","CUST_EMAIL":"NConnelly@example.com","LAST_UPDATED":"2018-04-21T12:49:02.000-04:00"}
{"FIRST_NAME":"Eliza","MIDDLE_NAME":"krista","LAST_NAME":"Truong","SSN":123457826,"CREDIT_CARD_NO":"4210653341699767","APT_NO":"139","STREET_NAME":"Shady Lane","CUST_CITY":"Taunton","CUST_STATE":"MA","CUST_COUNTRY":"United States","CUST_ZIP":"02780","CUST_PHONE":"(337)124-2864","CUST_EMAIL":"ETruong@example.com","LAST_UPDATED":"2018-04-21T12:49:02.000-04:00"}
{"FIRST_NAME":"Jenifer","MIDDLE_NAME":"courtney","LAST_NAME":"Hubbard","SSN":123457828,"CREDIT_CARD_NO":"4210653383799800","APT_NO":"424","STREET_NAME":"Rose Street","CUST_CITY":"Starkville","CUST_STATE":"MS","CUST_COUNTRY":"United States","CUST_ZIP":"39759","CUST_PHONE":"(337)123-7172","CUST_EMAIL":"JHubbard@example.com","LAST_UPDATED":"2018-04-21T12:49:02.000-04:00"}
{"FIRST_NAME":"Brain","MIDDLE_NAME":"cesar","LAST_NAME":"Chase","SSN":123457830,"CREDIT_CARD_NO":"4210653342005802","APT_NO":"506","STREET_NAME":"4th Street West","CUST_CITY":"Hillsborough","CUST_STATE":"NJ","CUST_COUNTRY":"United States","CUST_ZIP":"08844","CUST_PHONE":"(337)124-1918","CUST_EMAIL":"BChase@example.com","LAST_UPDATED":"2018-04-21T12:49:02.000-04:00"}
{"FIRST_NAME":"Alfredo","MIDDLE_NAME":"freida","LAST_NAME":"Crews","SSN":123457834,"CREDIT_CARD_NO":"4210653397943542","APT_NO":"867","STREET_NAME":"6th Street North","CUST_CITY":"Paterson","CUST_STATE":"NJ","CUST_COUNTRY":"United States","CUST_ZIP":"07501","CUST_PHONE":"(337)124-0917","CUST_EMAIL":"ACrews@example.com","LAST_UPDATED":"2018-04-21T12:49:02.000-04:00"}
{"FIRST_NAME":"Amalia","MIDDLE_NAME":"harriett","LAST_NAME":"Reyna","SSN":123457844,"CREDIT_CARD_NO":"4210653380991667","APT_NO":"471","STREET_NAME":"Park Avenue","CUST_CITY":"Bettendorf","CUST_STATE":"IA","CUST_COUNTRY":"United States","CUST_ZIP":"52722","CUST_PHONE":"(337)124-0732","CUST_EMAIL":"AReyna@example.com","LAST_UPDATED":"2018-04-21T12:49:02.000-04:00"}
{"FIRST_NAME":"Jim","MIDDLE_NAME":"kelley","LAST_NAME":"House","SSN":123457849,"CREDIT_CARD_NO":"4210653334310525","APT_NO":"972","STREET_NAME":"Main Street South","CUST_CITY":"Brookfield","CUST_STATE":"WI","CUST_COUNTRY":"United States","CUST_ZIP":"53045","CUST_PHONE":"(337)123-8134","CUST_EMAIL":"JHouse@example.com","LAST_UPDATED":"2018-04-21T12:49:02.000-04:00"}
{"FIRST_NAME":"Jospeh","MIDDLE_NAME":"eric","LAST_NAME":"Galindo","SSN":123457856,"CREDIT_CARD_NO":"4210653365186296","APT_NO":"625","STREET_NAME":"Cambridge Court","CUST_CITY":"YubaCity","CUST_STATE":"CA","CUST_COUNTRY":"United States","CUST_ZIP":"95993","CUST_PHONE":"(337)123-7806","CUST_EMAIL":"JGalindo@example.com","LAST_UPDATED":"2018-04-21T12:49:02.000-04:00"}
{"FIRST_NAME":"Dionne","MIDDLE_NAME":"refugio","LAST_NAME":"Boyer","SSN":123457867,"CREDIT_CARD_NO":"4210653315439830","APT_NO":"627","STREET_NAME":"Orchard Street","CUST_CITY":"Richmond","CUST_STATE":"VA","CUST_COUNTRY":"United States","CUST_ZIP":"23223","CUST_PHONE":"(337)123-7087","CUST_EMAIL":"DBoyer@example.com","LAST_UPDATED":"2018-04-21T12:49:02.000-04:00"}
{"FIRST_NAME":"Emery","MIDDLE_NAME":"cheri","LAST_NAME":"Posey","SSN":123457874,"CREDIT_CARD_NO":"4210653377231460","APT_NO":"981","STREET_NAME":"Durham Road","CUST_CITY":"Harrisonburg","CUST_STATE":"VA","CUST_COUNTRY":"United States","CUST_ZIP":"22801","CUST_PHONE":"(337)124-0126","CUST_EMAIL":"EPosey@example.com","LAST_UPDATED":"2018-04-21T12:49:02.000-04:00"}
{"FIRST_NAME":"Lizzie","MIDDLE_NAME":"frieda","LAST_NAME":"Garrett","SSN":123457877,"CREDIT_CARD_NO":"4210653376870818","APT_NO":"236","STREET_NAME":"Penn Street","CUST_CITY":"Zion","CUST_STATE":"IL","CUST_COUNTRY":"United States","CUST_ZIP":"60099","CUST_PHONE":"(337)124-2519","CUST_EMAIL":"LGarrett@example.com","LAST_UPDATED":"2018-04-21T12:49:02.000-04:00"}
{"FIRST_NAME":"Shaun","MIDDLE_NAME":"dewey","LAST_NAME":"Lindsey","SSN":123457894,"CREDIT_CARD_NO":"4210653363951910","APT_NO":"699","STREET_NAME":"Linda Lane","CUST_CITY":"Torrance","CUST_STATE":"CA","CUST_COUNTRY":"United States","CUST_ZIP":"90505","CUST_PHONE":"(337)123-5858","CUST_EMAIL":"SLindsey@example.com","LAST_UPDATED":"2018-04-21T12:49:02.000-04:00"}
{"FIRST_NAME":"Staci","MIDDLE_NAME":"carroll","LAST_NAME":"Lilly","SSN":123457895,"CREDIT_CARD_NO":"4210653385692082","APT_NO":"477","STREET_NAME":"Atlantic Avenue","CUST_CITY":"Lombard","CUST_STATE":"IL","CUST_COUNTRY":"United States","CUST_ZIP":"60148","CUST_PHONE":"(337)123-8109","CUST_EMAIL":"SLilly@example.com","LAST_UPDATED":"2018-04-21T12:49:02.000-04:00"}
{"FIRST_NAME":"Scottie","MIDDLE_NAME":"marian","LAST_NAME":"Chan","SSN":123457902,"CREDIT_CARD_NO":"4210653394581050","APT_NO":"871","STREET_NAME":"Orange Street","CUST_CITY":"Mechanicsburg","CUST_STATE":"PA","CUST_COUNTRY":"United States","CUST_ZIP":"17050","CUST_PHONE":"(337)123-9063","CUST_EMAIL":"SChan@example.com","LAST_UPDATED":"2018-04-21T12:49:02.000-04:00"}
{"FIRST_NAME":"Raymundo","MIDDLE_NAME":"leslie","LAST_NAME":"Workman","SSN":123457907,"CREDIT_CARD_NO":"4210653319826232","APT_NO":"290","STREET_NAME":"Evergreen Drive","CUST_CITY":"AllisonPark","CUST_STATE":"PA","CUST_COUNTRY":"United States","CUST_ZIP":"15101","CUST_PHONE":"(337)124-2450","CUST_EMAIL":"RWorkman@example.com","LAST_UPDATED":"2018-04-21T12:49:02.000-04:00"}
{"FIRST_NAME":"Pearl","MIDDLE_NAME":"marion","LAST_NAME":"Gaines","SSN":123457910,"CREDIT_CARD_NO":"4210653314932835","APT_NO":"249","STREET_NAME":"Aspen Court","CUST_CITY":"SiouxCity","CUST_STATE":"IA","CUST_COUNTRY":"United States","CUST_ZIP":"51106","CUST_PHONE":"(337)123-8426","CUST_EMAIL":"PGaines@example.com","LAST_UPDATED":"2018-04-21T12:49:02.000-04:00"}
{"FIRST_NAME":"Kimberlee","MIDDLE_NAME":"dora","LAST_NAME":"Barlow","SSN":123457913,"CREDIT_CARD_NO":"4210653357397822","APT_NO":"54","STREET_NAME":"Meadow Lane","CUST_CITY":"Hartsville","CUST_STATE":"SC","CUST_COUNTRY":"United States","CUST_ZIP":"29550","CUST_PHONE":"(337)123-8684","CUST_EMAIL":"KBarlow@example.com","LAST_UPDATED":"2018-04-21T12:49:02.000-04:00"}
{"FIRST_NAME":"Lenora","MIDDLE_NAME":"freida","LAST_NAME":"Guy","SSN":123457918,"CREDIT_CARD_NO":"4210653360369726","APT_NO":"409","STREET_NAME":"1st Street","CUST_CITY":"Paducah","CUST_STATE":"KY","CUST_COUNTRY":"United States","CUST_ZIP":"42001","CUST_PHONE":"(337)123-9770","CUST_EMAIL":"LGuy@example.com","LAST_UPDATED":"2018-04-21T12:49:02.000-04:00"}
{"FIRST_NAME":"Martin","MIDDLE_NAME":"denis","LAST_NAME":"Quintana","SSN":123457931,"CREDIT_CARD_NO":"4210653381143901","APT_NO":"272","STREET_NAME":"Mulberry Street","CUST_CITY":"Teaneck","CUST_STATE":"NJ","CUST_COUNTRY":"United States","CUST_ZIP":"07666","CUST_PHONE":"(337)123-9427","CUST_EMAIL":"MQuintana@example.com","LAST_UPDATED":"2018-04-21T12:49:02.000-04:00"}
{"FIRST_NAME":"Daphne","MIDDLE_NAME":"jeanette","LAST_NAME":"Cox","SSN":123457937,"CREDIT_CARD_NO":"4210653367509973","APT_NO":"584","STREET_NAME":"Magnolia Drive","CUST_CITY":"SilverSpring","CUST_STATE":"MD","CUST_COUNTRY":"United States","CUST_ZIP":"20901","CUST_PHONE":"(337)123-8017","CUST_EMAIL":"DCox@example.com","LAST_UPDATED":"2018-04-21T12:49:02.000-04:00"}
{"FIRST_NAME":"Geoffrey","MIDDLE_NAME":"boris","LAST_NAME":"Pena","SSN":123457941,"CREDIT_CARD_NO":"4210653359049884","APT_NO":"131","STREET_NAME":"Country Club Road","CUST_CITY":"Sykesville","CUST_STATE":"MD","CUST_COUNTRY":"United States","CUST_ZIP":"21784","CUST_PHONE":"(337)124-0044","CUST_EMAIL":"GPena@example.com","LAST_UPDATED":"2018-04-21T12:49:02.000-04:00"}
{"FIRST_NAME":"Isreal","MIDDLE_NAME":"lorna","LAST_NAME":"Crouch","SSN":123457943,"CREDIT_CARD_NO":"4210653376562882","APT_NO":"332","STREET_NAME":"Deerfield Drive","CUST_CITY":"Wethersfield","CUST_STATE":"CT","CUST_COUNTRY":"United States","CUST_ZIP":"06109","CUST_PHONE":"(337)124-0172","CUST_EMAIL":"ICrouch@example.com","LAST_UPDATED":"2018-04-21T12:49:02.000-04:00"}
{"FIRST_NAME":"Michal","MIDDLE_NAME":"rosalinda","LAST_NAME":"Hong","SSN":123457947,"CREDIT_CARD_NO":"4210653379783302","APT_NO":"352","STREET_NAME":"Roberts Road","CUST_CITY":"Oxnard","CUST_STATE":"CA","CUST_COUNTRY":"United States","CUST_ZIP":"93035","CUST_PHONE":"(337)124-1186","CUST_EMAIL":"MHong@example.com","LAST_UPDATED":"2018-04-21T12:49:02.000-04:00"}
{"FIRST_NAME":"Alfonzo","MIDDLE_NAME":"kerry","LAST_NAME":"Stark","SSN":123457950,"CREDIT_CARD_NO":"4210653336552198","APT_NO":"769","STREET_NAME":"High Street","CUST_CITY":"Oxford","CUST_STATE":"MS","CUST_COUNTRY":"United States","CUST_ZIP":"38655","CUST_PHONE":"(337)124-1943","CUST_EMAIL":"AStark@example.com","LAST_UPDATED":"2018-04-21T12:49:02.000-04:00"}
{"FIRST_NAME":"Carroll","MIDDLE_NAME":"earlene","LAST_NAME":"Long","SSN":123457961,"CREDIT_CARD_NO":"4210653375347517","APT_NO":"322","STREET_NAME":"Country Club Road","CUST_CITY":"Plainview","CUST_STATE":"NY","CUST_COUNTRY":"United States","CUST_ZIP":"11803","CUST_PHONE":"(337)123-6001","CUST_EMAIL":"CLong@example.com","LAST_UPDATED":"2018-04-21T12:49:02.000-04:00"}
{"FIRST_NAME":"Ronda","MIDDLE_NAME":"claire","LAST_NAME":"Maynard","SSN":123457963,"CREDIT_CARD_NO":"4210653354080929","APT_NO":"598","STREET_NAME":"Route 30","CUST_CITY":"Sykesville","CUST_STATE":"MD","CUST_COUNTRY":"United States","CUST_ZIP":"21784","CUST_PHONE":"(337)123-7353","CUST_EMAIL":"RMaynard@example.com","LAST_UPDATED":"2018-04-21T12:49:02.000-04:00"}
{"FIRST_NAME":"Rosario","MIDDLE_NAME":"eldridge","LAST_NAME":"Terry","SSN":123457998,"CREDIT_CARD_NO":"4210653317297619","APT_NO":"862","STREET_NAME":"Willow Street","CUST_CITY":"Paducah","CUST_STATE":"KY","CUST_COUNTRY":"United States","CUST_ZIP":"42001","CUST_PHONE":"(337)123-9486","CUST_EMAIL":"RTerry@example.com","LAST_UPDATED":"2018-04-21T12:49:02.000-04:00"}
{"FIRST_NAME":"Gussie","MIDDLE_NAME":"dona","LAST_NAME":"Lopez","SSN":123458001,"CREDIT_CARD_NO":"4210653387194173","APT_NO":"294","STREET_NAME":"Inverness Drive","CUST_CITY":"Torrance","CUST_STATE":"CA","CUST_COUNTRY":"United States","CUST_ZIP":"90505","CUST_PHONE":"(337)123-9748","CUST_EMAIL":"GLopez@example.com","LAST_UPDATED":"2018-04-21T12:49:02.000-04:00"}
{"FIRST_NAME":"Antonia","MIDDLE_NAME":"victoria","LAST_NAME":"Horn","SSN":123458012,"CREDIT_CARD_NO":"4210653385109232","APT_NO":"368","STREET_NAME":"Brookside Drive","CUST_CITY":"Dundalk","CUST_STATE":"MD","CUST_COUNTRY":"United States","CUST_ZIP":"21222","CUST_PHONE":"(337)124-2425","CUST_EMAIL":"AHorn@example.com","LAST_UPDATED":"2018-04-21T12:49:02.000-04:00"}
{"FIRST_NAME":"Sanford","MIDDLE_NAME":"george","LAST_NAME":"Braun","SSN":123458035,"CREDIT_CARD_NO":"4210653342461568","APT_NO":"268","STREET_NAME":"2nd Street North","CUST_CITY":"OxonHill","CUST_STATE":"MD","CUST_COUNTRY":"United States","CUST_ZIP":"20745","CUST_PHONE":"(337)123-6547","CUST_EMAIL":"SBraun@example.com","LAST_UPDATED":"2018-04-21T12:49:02.000-04:00"}
{"FIRST_NAME":"Garfield","MIDDLE_NAME":"earle","LAST_NAME":"Robles","SSN":123458038,"CREDIT_CARD_NO":"4210653356095097","APT_NO":"93","STREET_NAME":"Locust Street","CUST_CITY":"Duluth","CUST_STATE":"GA","CUST_COUNTRY":"United States","CUST_ZIP":"30096","CUST_PHONE":"(337)123-5389","CUST_EMAIL":"GRobles@example.com","LAST_UPDATED":"2018-04-21T12:49:02.000-04:00"}
{"FIRST_NAME":"Alexis","MIDDLE_NAME":"cathryn","LAST_NAME":"Childs","SSN":123458040,"CREDIT_CARD_NO":"4210653398137020","APT_NO":"250","STREET_NAME":"Inverness Drive","CUST_CITY":"Medford","CUST_STATE":"MA","CUST_COUNTRY":"United States","CUST_ZIP":"02155","CUST_PHONE":"(337)123-5991","CUST_EMAIL":"AChilds@example.com","LAST_UPDATED":"2018-04-21T12:49:02.000-04:00"}
{"FIRST_NAME":"Buster","MIDDLE_NAME":"kirsten","LAST_NAME":"York","SSN":123458062,"CREDIT_CARD_NO":"4210653386936558","APT_NO":"468","STREET_NAME":"Route 30","CUST_CITY":"Trenton","CUST_STATE":"NJ","CUST_COUNTRY":"United States","CUST_ZIP":"08610","CUST_PHONE":"(337)123-5585","CUST_EMAIL":"BYork@example.com","LAST_UPDATED":"2018-04-21T12:49:02.000-04:00"}
{"FIRST_NAME":"Richie","MIDDLE_NAME":"ronny","LAST_NAME":"Pacheco","SSN":123458073,"CREDIT_CARD_NO":"4210653325548735","APT_NO":"259","STREET_NAME":"Street Road","CUST_CITY":"NewBaltimore","CUST_STATE":"MI","CUST_COUNTRY":"United States","CUST_ZIP":"48047","CUST_PHONE":"(337)124-2764","CUST_EMAIL":"RPacheco@example.com","LAST_UPDATED":"2018-04-21T12:49:02.000-04:00"}
{"FIRST_NAME":"Alfonzo","MIDDLE_NAME":"carlton","LAST_NAME":"Caruso","SSN":123458076,"CREDIT_CARD_NO":"4210653397379041","APT_NO":"711","STREET_NAME":"Oak Lane","CUST_CITY":"SouthLyon","CUST_STATE":"MI","CUST_COUNTRY":"United States","CUST_ZIP":"48178","CUST_PHONE":"(337)123-5449","CUST_EMAIL":"ACaruso@example.com","LAST_UPDATED":"2018-04-21T12:49:02.000-04:00"}
{"FIRST_NAME":"Basil","MIDDLE_NAME":"ramiro","LAST_NAME":"Swift","SSN":123458078,"CREDIT_CARD_NO":"4210653312200846","APT_NO":"298","STREET_NAME":"George Street","CUST_CITY":"NewBaltimore","CUST_STATE":"MI","CUST_COUNTRY":"United States","CUST_ZIP":"48047","CUST_PHONE":"(337)124-0001","CUST_EMAIL":"BSwift@example.com","LAST_UPDATED":"2018-04-21T12:49:02.000-04:00"}
{"FIRST_NAME":"Sonja","MIDDLE_NAME":"toney","LAST_NAME":"Whitney","SSN":123458083,"CREDIT_CARD_NO":"4210653393389344","APT_NO":"72","STREET_NAME":"Canterbury Court","CUST_CITY":"YorktownHeights","CUST_STATE":"NY","CUST_COUNTRY":"United States","CUST_ZIP":"10598","CUST_PHONE":"(337)124-0201","CUST_EMAIL":"SWhitney@example.com","LAST_UPDATED":"2018-04-21T12:49:02.000-04:00"}
{"FIRST_NAME":"Robin","MIDDLE_NAME":"shirley","LAST_NAME":"Heller","SSN":123458094,"CREDIT_CARD_NO":"4210653339902896","APT_NO":"373","STREET_NAME":"Harrison Street","CUST_CITY":"Dearborn","CUST_STATE":"MI","CUST_COUNTRY":"United States","CUST_ZIP":"48124","CUST_PHONE":"(337)123-7256","CUST_EMAIL":"RHeller@example.com","LAST_UPDATED":"2018-04-21T12:49:02.000-04:00"}
{"FIRST_NAME":"Sydney","MIDDLE_NAME":"brice","LAST_NAME":"Katz","SSN":123458095,"CREDIT_CARD_NO":"4210653328387728","APT_NO":"309","STREET_NAME":"Ridge Avenue","CUST_CITY":"Yakima","CUST_STATE":"WA","CUST_COUNTRY":"United States","CUST_ZIP":"98908","CUST_PHONE":"(337)124-0498","CUST_EMAIL":"SKatz@example.com","LAST_UPDATED":"2018-04-21T12:49:02.000-04:00"}
{"FIRST_NAME":"Danilo","MIDDLE_NAME":"zachariah","LAST_NAME":"Dorsey","SSN":123458101,"CREDIT_CARD_NO":"4210653382847239","APT_NO":"506","STREET_NAME":"Grand Avenue","CUST_CITY":"Grandville","CUST_STATE":"MI","CUST_COUNTRY":"United States","CUST_ZIP":"49418","CUST_PHONE":"(337)123-5756","CUST_EMAIL":"DDorsey@example.com","LAST_UPDATED":"2018-04-21T12:49:02.000-04:00"}
{"FIRST_NAME":"Geraldo","MIDDLE_NAME":"miriam","LAST_NAME":"Hernandez","SSN":123458117,"CREDIT_CARD_NO":"4210653347447048","APT_NO":"634","STREET_NAME":"Church Street South","CUST_CITY":"Medford","CUST_STATE":"MA","CUST_COUNTRY":"United States","CUST_ZIP":"02155","CUST_PHONE":"(337)124-3078","CUST_EMAIL":"GHernandez@example.com","LAST_UPDATED":"2018-04-21T12:49:02.000-04:00"}
{"FIRST_NAME":"Damion","MIDDLE_NAME":"marietta","LAST_NAME":"Crowley","SSN":123458119,"CREDIT_CARD_NO":"4210653398350475","APT_NO":"528","STREET_NAME":"Hudson Street","CUST_CITY":"Taunton","CUST_STATE":"MA","CUST_COUNTRY":"United States","CUST_ZIP":"02780","CUST_PHONE":"(337)124-0008","CUST_EMAIL":"DCrowley@example.com","LAST_UPDATED":"2018-04-21T12:49:02.000-04:00"}
{"FIRST_NAME":"Delbert","MIDDLE_NAME":"dane","LAST_NAME":"Bean","SSN":123458138,"CREDIT_CARD_NO":"4210653332819723","APT_NO":"637","STREET_NAME":"Route 5","CUST_CITY":"Plainview","CUST_STATE":"NY","CUST_COUNTRY":"United States","CUST_ZIP":"11803","CUST_PHONE":"(337)124-0386","CUST_EMAIL":"DBean@example.com","LAST_UPDATED":"2018-04-21T12:49:02.000-04:00"}
{"FIRST_NAME":"Pansy","MIDDLE_NAME":"laverne","LAST_NAME":"Kemp","SSN":123458157,"CREDIT_CARD_NO":"4210653342740065","APT_NO":"949","STREET_NAME":"Deerfield Drive","CUST_CITY":"Bartlett","CUST_STATE":"IL","CUST_COUNTRY":"United States","CUST_ZIP":"60103","CUST_PHONE":"(337)123-5342","CUST_EMAIL":"PKemp@example.com","LAST_UPDATED":"2018-04-21T12:49:02.000-04:00"}
{"FIRST_NAME":"Morton","MIDDLE_NAME":"isabel","LAST_NAME":"Nguyen","SSN":123458158,"CREDIT_CARD_NO":"4210653327610817","APT_NO":"668","STREET_NAME":"Main Street South","CUST_CITY":"Waxhaw","CUST_STATE":"NC","CUST_COUNTRY":"United States","CUST_ZIP":"28173","CUST_PHONE":"(337)123-9482","CUST_EMAIL":"MNguyen@example.com","LAST_UPDATED":"2018-04-21T12:49:02.000-04:00"}
{"FIRST_NAME":"Mike","MIDDLE_NAME":"kaitlin","LAST_NAME":"Suarez","SSN":123458185,"CREDIT_CARD_NO":"4210653347095962","APT_NO":"227","STREET_NAME":"Depot Street","CUST_CITY":"Osseo","CUST_STATE":"MN","CUST_COUNTRY":"United States","CUST_ZIP":"55311","CUST_PHONE":"(337)123-8790","CUST_EMAIL":"MSuarez@example.com","LAST_UPDATED":"2018-04-21T12:49:02.000-04:00"}
{"FIRST_NAME":"Kerry","MIDDLE_NAME":"connie","LAST_NAME":"Lancaster","SSN":123458197,"CREDIT_CARD_NO":"4210653381566399","APT_NO":"453","STREET_NAME":"River Road","CUST_CITY":"Carrollton","CUST_STATE":"GA","CUST_COUNTRY":"United States","CUST_ZIP":"30117","CUST_PHONE":"(337)123-6338","CUST_EMAIL":"KLancaster@example.com","LAST_UPDATED":"2018-04-21T12:49:02.000-04:00"}
{"FIRST_NAME":"Heath","MIDDLE_NAME":"ollie","LAST_NAME":"Ball","SSN":123458199,"CREDIT_CARD_NO":"4210653338106818","APT_NO":"36","STREET_NAME":"13th Street","CUST_CITY":"Harleysville","CUST_STATE":"PA","CUST_COUNTRY":"United States","CUST_ZIP":"19438","CUST_PHONE":"(337)123-5290","CUST_EMAIL":"HBall@example.com","LAST_UPDATED":"2018-04-21T12:49:02.000-04:00"}
{"FIRST_NAME":"Silvia","MIDDLE_NAME":"patricia","LAST_NAME":"Melendez","SSN":123458224,"CREDIT_CARD_NO":"4210653364927281","APT_NO":"257","STREET_NAME":"Mill Street","CUST_CITY":"EllicottCity","CUST_STATE":"MD","CUST_COUNTRY":"United States","CUST_ZIP":"21042","CUST_PHONE":"(337)123-8177","CUST_EMAIL":"SMelendez@example.com","LAST_UPDATED":"2018-04-21T12:49:02.000-04:00"}
{"FIRST_NAME":"Fausto","MIDDLE_NAME":"mavis","LAST_NAME":"Burt","SSN":123458243,"CREDIT_CARD_NO":"4210653386941114","APT_NO":"81","STREET_NAME":"1st Street","CUST_CITY":"Hanover","CUST_STATE":"PA","CUST_COUNTRY":"United States","CUST_ZIP":"17331","CUST_PHONE":"(337)123-7643","CUST_EMAIL":"FBurt@example.com","LAST_UPDATED":"2018-04-21T12:49:02.000-04:00"}
{"FIRST_NAME":"Melva","MIDDLE_NAME":"laurie","LAST_NAME":"Delaney","SSN":123458251,"CREDIT_CARD_NO":"4210653319745266","APT_NO":"313","STREET_NAME":"Ridge Avenue","CUST_CITY":"Harrisonburg","CUST_STATE":"VA","CUST_COUNTRY":"United States","CUST_ZIP":"22801","CUST_PHONE":"(337)124-0256","CUST_EMAIL":"MDelaney@example.com","LAST_UPDATED":"2018-04-21T12:49:02.000-04:00"}
{"FIRST_NAME":"Robyn","MIDDLE_NAME":"wilton","LAST_NAME":"Pate","SSN":123458254,"CREDIT_CARD_NO":"4210653364370991","APT_NO":"315","STREET_NAME":"Linda Lane","CUST_CITY":"Loganville","CUST_STATE":"GA","CUST_COUNTRY":"United States","CUST_ZIP":"30052","CUST_PHONE":"(337)123-5318","CUST_EMAIL":"RPate@example.com","LAST_UPDATED":"2018-04-21T12:49:02.000-04:00"}
{"FIRST_NAME":"Hassan","MIDDLE_NAME":"maggie","LAST_NAME":"Molina","SSN":123458264,"CREDIT_CARD_NO":"4210653368420333","APT_NO":"640","STREET_NAME":"Summit Street","CUST_CITY":"GardenCity","CUST_STATE":"NY","CUST_COUNTRY":"United States","CUST_ZIP":"11530","CUST_PHONE":"(337)123-9005","CUST_EMAIL":"HMolina@example.com","LAST_UPDATED":"2018-04-21T12:49:02.000-04:00"}
{"FIRST_NAME":"Marsha","MIDDLE_NAME":"clair","LAST_NAME":"Hunt","SSN":123458265,"CREDIT_CARD_NO":"4210653348333578","APT_NO":"235","STREET_NAME":"Route 4","CUST_CITY":"Cary","CUST_STATE":"NC","CUST_COUNTRY":"United States","CUST_ZIP":"27511","CUST_PHONE":"(337)123-7755","CUST_EMAIL":"MHunt@example.com","LAST_UPDATED":"2018-04-21T12:49:02.000-04:00"}
{"FIRST_NAME":"Zachery","MIDDLE_NAME":"jed","LAST_NAME":"Block","SSN":123458275,"CREDIT_CARD_NO":"4210653346282859","APT_NO":"930","STREET_NAME":"Cedar Lane","CUST_CITY":"NewHaven","CUST_STATE":"CT","CUST_COUNTRY":"United States","CUST_ZIP":"06511","CUST_PHONE":"(337)123-6672","CUST_EMAIL":"ZBlock@example.com","LAST_UPDATED":"2018-04-21T12:49:02.000-04:00"}
{"FIRST_NAME":"Kenny","MIDDLE_NAME":"diane","LAST_NAME":"Marks","SSN":123458277,"CREDIT_CARD_NO":"4210653338516826","APT_NO":"491","STREET_NAME":"Spruce Street","CUST_CITY":"WestChester","CUST_STATE":"PA","CUST_COUNTRY":"United States","CUST_ZIP":"19380","CUST_PHONE":"(337)124-3382","CUST_EMAIL":"KMarks@example.com","LAST_UPDATED":"2018-04-21T12:49:02.000-04:00"}
{"FIRST_NAME":"Bethany","MIDDLE_NAME":"scott","LAST_NAME":"Cooper","SSN":123458278,"CREDIT_CARD_NO":"4210653393632357","APT_NO":"761","STREET_NAME":"Park Place","CUST_CITY":"Wilmette","CUST_STATE":"IL","CUST_COUNTRY":"United States","CUST_ZIP":"60091","CUST_PHONE":"(337)124-2353","CUST_EMAIL":"BCooper@example.com","LAST_UPDATED":"2018-04-21T12:49:02.000-04:00"}
{"FIRST_NAME":"Bethany","MIDDLE_NAME":"zachary","LAST_NAME":"Arrington","SSN":123458284,"CREDIT_CARD_NO":"4210653387944238","APT_NO":"593","STREET_NAME":"4th Street West","CUST_CITY":"Davenport","CUST_STATE":"IA","CUST_COUNTRY":"United States","CUST_ZIP":"52804","CUST_PHONE":"(337)123-7285","CUST_EMAIL":"BArrington@example.com","LAST_UPDATED":"2018-04-21T12:49:02.000-04:00"}
{"FIRST_NAME":"Frank","MIDDLE_NAME":"juana","LAST_NAME":"Gould","SSN":123458309,"CREDIT_CARD_NO":"4210653352575564","APT_NO":"510","STREET_NAME":"Forest Drive","CUST_CITY":"DeerfieldBeach","CUST_STATE":"FL","CUST_COUNTRY":"United States","CUST_ZIP":"33442","CUST_PHONE":"(337)123-5024","CUST_EMAIL":"FGould@example.com","LAST_UPDATED":"2018-04-21T12:49:02.000-04:00"}
{"FIRST_NAME":"Kristi","MIDDLE_NAME":"damian","LAST_NAME":"Childers","SSN":123458317,"CREDIT_CARD_NO":"4210653330748870","APT_NO":"981","STREET_NAME":"Somerset Drive","CUST_CITY":"Hempstead","CUST_STATE":"NY","CUST_COUNTRY":"United States","CUST_ZIP":"11550","CUST_PHONE":"(337)123-8756","CUST_EMAIL":"KChilders@example.com","LAST_UPDATED":"2018-04-21T12:49:02.000-04:00"}
{"FIRST_NAME":"Lucio","MIDDLE_NAME":"roslyn","LAST_NAME":"Albert","SSN":123458328,"CREDIT_CARD_NO":"4210653341355570","APT_NO":"89","STREET_NAME":"Briarwood Court","CUST_CITY":"Davenport","CUST_STATE":"IA","CUST_COUNTRY":"United States","CUST_ZIP":"52804","CUST_PHONE":"(337)124-2130","CUST_EMAIL":"LAlbert@example.com","LAST_UPDATED":"2018-04-21T12:49:02.000-04:00"}
{"FIRST_NAME":"Zelma","MIDDLE_NAME":"lenore","LAST_NAME":"Lindsey","SSN":123458330,"CREDIT_CARD_NO":"4210653383493859","APT_NO":"530","STREET_NAME":"Deerfield Drive","CUST_CITY":"Middleburg","CUST_STATE":"FL","CUST_COUNTRY":"United States","CUST_ZIP":"32068","CUST_PHONE":"(337)124-0658","CUST_EMAIL":"ZLindsey@example.com","LAST_UPDATED":"2018-04-21T12:49:02.000-04:00"}
{"FIRST_NAME":"Dwain","MIDDLE_NAME":"catherine","LAST_NAME":"Haley","SSN":123458332,"CREDIT_CARD_NO":"4210653397448957","APT_NO":"726","STREET_NAME":"Delaware Avenue","CUST_CITY":"SouthRichmondHill","CUST_STATE":"NY","CUST_COUNTRY":"United States","CUST_ZIP":"11419","CUST_PHONE":"(337)123-8222","CUST_EMAIL":"DHaley@example.com","LAST_UPDATED":"2018-04-21T12:49:02.000-04:00"}
{"FIRST_NAME":"Dana","MIDDLE_NAME":"benny","LAST_NAME":"Dominguez","SSN":123458337,"CREDIT_CARD_NO":"4210653341516000","APT_NO":"733","STREET_NAME":"Durham Court","CUST_CITY":"Lakeville","CUST_STATE":"MN","CUST_COUNTRY":"United States","CUST_ZIP":"55044","CUST_PHONE":"(337)123-6815","CUST_EMAIL":"DDominguez@example.com","LAST_UPDATED":"2018-04-21T12:49:02.000-04:00"}
{"FIRST_NAME":"Bette","MIDDLE_NAME":"leonor","LAST_NAME":"Galvan","SSN":123458342,"CREDIT_CARD_NO":"4210653313922436","APT_NO":"448","STREET_NAME":"Columbia Street","CUST_CITY":"Racine","CUST_STATE":"WI","CUST_COUNTRY":"United States","CUST_ZIP":"53402","CUST_PHONE":"(337)124-2974","CUST_EMAIL":"BGalvan@example.com","LAST_UPDATED":"2018-04-21T12:49:02.000-04:00"}
{"FIRST_NAME":"Susana","MIDDLE_NAME":"kendrick","LAST_NAME":"Crouch","SSN":123458353,"CREDIT_CARD_NO":"4210653331899330","APT_NO":"87","STREET_NAME":"Creekside Drive","CUST_CITY":"Acworth","CUST_STATE":"GA","CUST_COUNTRY":"United States","CUST_ZIP":"30101","CUST_PHONE":"(337)124-1379","CUST_EMAIL":"SCrouch@example.com","LAST_UPDATED":"2018-04-21T12:49:02.000-04:00"}
{"FIRST_NAME":"Antione","MIDDLE_NAME":"lanny","LAST_NAME":"House","SSN":123458368,"CREDIT_CARD_NO":"4210653334640479","APT_NO":"342","STREET_NAME":"Main Street West","CUST_CITY":"Loganville","CUST_STATE":"GA","CUST_COUNTRY":"United States","CUST_ZIP":"30052","CUST_PHONE":"(337)123-8692","CUST_EMAIL":"AHouse@example.com","LAST_UPDATED":"2018-04-21T12:49:02.000-04:00"}
{"FIRST_NAME":"Sylvester","MIDDLE_NAME":"wyatt","LAST_NAME":"Padgett","SSN":123458390,"CREDIT_CARD_NO":"4210653327324219","APT_NO":"631","STREET_NAME":"4th Street West","CUST_CITY":"Harleysville","CUST_STATE":"PA","CUST_COUNTRY":"United States","CUST_ZIP":"19438","CUST_PHONE":"(337)123-8563","CUST_EMAIL":"SPadgett@example.com","LAST_UPDATED":"2018-04-21T12:49:02.000-04:00"}
{"FIRST_NAME":"Eduardo","MIDDLE_NAME":"geri","LAST_NAME":"Douglas","SSN":123458400,"CREDIT_CARD_NO":"4210653363122917","APT_NO":"630","STREET_NAME":"Cooper Street","CUST_CITY":"Lakeville","CUST_STATE":"MN","CUST_COUNTRY":"United States","CUST_ZIP":"55044","CUST_PHONE":"(337)124-3382","CUST_EMAIL":"EDouglas@example.com","LAST_UPDATED":"2018-04-21T12:49:02.000-04:00"}
{"FIRST_NAME":"Hilary","MIDDLE_NAME":"lenard","LAST_NAME":"Malone","SSN":123458403,"CREDIT_CARD_NO":"4210653368172368","APT_NO":"417","STREET_NAME":"Bank Street","CUST_CITY":"Norfolk","CUST_STATE":"VA","CUST_COUNTRY":"United States","CUST_ZIP":"23503","CUST_PHONE":"(337)124-0229","CUST_EMAIL":"HMalone@example.com","LAST_UPDATED":"2018-04-21T12:49:02.000-04:00"}
{"FIRST_NAME":"Jefferey","MIDDLE_NAME":"frankie","LAST_NAME":"Rowland","SSN":123458407,"CREDIT_CARD_NO":"4210653343680948","APT_NO":"327","STREET_NAME":"Country Club Road","CUST_CITY":"PalmCity","CUST_STATE":"FL","CUST_COUNTRY":"United States","CUST_ZIP":"34990","CUST_PHONE":"(337)124-1110","CUST_EMAIL":"JRowland@example.com","LAST_UPDATED":"2018-04-21T12:49:02.000-04:00"}
{"FIRST_NAME":"Zachery","MIDDLE_NAME":"loyd","LAST_NAME":"Stratton","SSN":123458416,"CREDIT_CARD_NO":"4210653394731630","APT_NO":"998","STREET_NAME":"Shady Lane","CUST_CITY":"FloralPark","CUST_STATE":"NY","CUST_COUNTRY":"United States","CUST_ZIP":"11001","CUST_PHONE":"(337)124-1773","CUST_EMAIL":"ZStratton@example.com","LAST_UPDATED":"2018-04-21T12:49:02.000-04:00"}
{"FIRST_NAME":"Abdul","MIDDLE_NAME":"cyrus","LAST_NAME":"Wilkinson","SSN":123458431,"CREDIT_CARD_NO":"4210653363348552","APT_NO":"4","STREET_NAME":"Linden Avenue","CUST_CITY":"Parlin","CUST_STATE":"NJ","CUST_COUNTRY":"United States","CUST_ZIP":"08859","CUST_PHONE":"(337)123-4972","CUST_EMAIL":"AWilkinson@example.com","LAST_UPDATED":"2018-04-21T12:49:02.000-04:00"}
{"FIRST_NAME":"Collin","MIDDLE_NAME":"mattie","LAST_NAME":"Gamble","SSN":123458437,"CREDIT_CARD_NO":"4210653342532702","APT_NO":"340","STREET_NAME":"Virginia Avenue","CUST_CITY":"Tacoma","CUST_STATE":"WA","CUST_COUNTRY":"United States","CUST_ZIP":"98444","CUST_PHONE":"(337)124-3005","CUST_EMAIL":"CGamble@example.com","LAST_UPDATED":"2018-04-21T12:49:02.000-04:00"}
