{"FIRST_NAME":"Ruby","MIDDLE_NAME":"domingo","LAST_NAME":"Mcintosh","SSN":123459175,"CREDIT_CARD_NO":"4210653335694967","APT_NO":"350","STREET_NAME":"Jackson Avenue","CUST_CITY":"YorktownHeights","CUST_STATE":"NY","CUST_COUNTRY":"United States","CUST_ZIP":"10598","CUST_PHONE":"(337)123-7110","CUST_EMAIL":"RMcintosh@example.com","LAST_UPDATED":"2018-04-21T12:49:02.000-04:00"}
{"FIRST_NAME":"Isidro","MIDDLE_NAME":"ma","LAST_NAME":"Beard","SSN":123459177,"CREDIT_CARD_NO":"4210653359919484","APT_NO":"72","STREET_NAME":"3rd Street East","CUST_CITY":"Independence","CUST_STATE":"KY","CUST_COUNTRY":"United States","CUST_ZIP":"41051","CUST_PHONE":"(337)124-1322","CUST_EMAIL":"IBeard@example.com","LAST_UPDATED":"2018-04-21T12:49:02.000-04:00"}
{"FIRST_NAME":"Britney","MIDDLE_NAME":"barney","LAST_NAME":"Shafer","SSN":123459181,"CREDIT_CARD_NO":"4210653378662693","APT_NO":"405","STREET_NAME":"3rd Avenue","CUST_CITY":"Victoria","CUST_STATE":"TX","CUST_COUNTRY":"United States","CUST_ZIP":"77904","CUST_PHONE":"(337)123-8026","CUST_EMAIL":"BShafer@example.com","LAST_UPDATED":"2018-04-21T12:49:02.000-04:00"}
{"FIRST_NAME":"Clarence","MIDDLE_NAME":"deon","LAST_NAME":"Page","SSN":123459196,"CREDIT_CARD_NO":"4210653373626291","APT_NO":"434","STREET_NAME":"Oak Street","CUST_CITY":"Reidsville","CUST_STATE":"NC","CUST_COUNTRY":"United States","CUST_ZIP":"27320","CUST_PHONE":"(337)123-9698","CUST_EMAIL":"CPage@example.com","LAST_UPDATED":"2018-04-21T12:49:02.000-04:00"}
{"FIRST_NAME":"Chadwick","MIDDLE_NAME":"leta","LAST_NAME":"Delacruz","SSN":123459201,"CREDIT_CARD_NO":"4210653347932586","APT_NO":"147","STREET_NAME":"Market Street","CUST_CITY":"Youngstown","CUST_STATE":"OH","CUST_COUNTRY":"United States","CUST_ZIP":"44512","CUST_PHONE":"(337)123-4725","CUST_EMAIL":"CDelacruz@example.com","LAST_UPDATED":"2018-04-21T12:49:02.000-04:00"}
{"FIRST_NAME":"Guy","MIDDLE_NAME":"concepcion","LAST_NAME":"Rainey","SSN":123459206,"CREDIT_CARD_NO":"4210653394878951","APT_NO":"141","STREET_NAME":"Warren Avenue","CUST_CITY":"Rossville","CUST_STATE":"GA","CUST_COUNTRY":"United States","CUST_ZIP":"30741","CUST_PHONE":"(337)124-3343","CUST_EMAIL":"GRainey@example.com","LAST_UPDATED":"2018-04-21T12:49:02.000-04:00"}
{"FIRST_NAME":"Rodney","MIDDLE_NAME":"emily","LAST_NAME":"Larson","SSN":123459240,"CREDIT_CARD_NO":"4210653344070404","APT_NO":"210","STREET_NAME":"Brown Street","CUST_CITY":"Paterson","CUST_STATE":"NJ","CUST_COUNTRY":"United States","CUST_ZIP":"07501","CUST_PHONE":"(337)124-0382","CUST_EMAIL":"RLarson@example.com","LAST_UPDATED":"2018-04-21T12:49:02.000-04:00"}
{"FIRST_NAME":"Harriet","MIDDLE_NAME":"bobby","LAST_NAME":"Gregg","SSN":123459247,"CREDIT_CARD_NO":"4210653370713479","APT_NO":"470","STREET_NAME":"York Road","CUST_CITY":"Taunton","CUST_STATE":"MA","CUST_COUNTRY":"United States","CUST_ZIP":"02780","CUST_PHONE":"(337)124-1703","CUST_EMAIL":"HGregg@example.com","LAST_UPDATED":"2018-04-21T12:49:02.000-04:00"}
{"FIRST_NAME":"Melissa","MIDDLE_NAME":"clifton","LAST_NAME":"Hagan","SSN":123459262,"CREDIT_CARD_NO":"4210653362697310","APT_NO":"718","STREET_NAME":"Parker Street","CUST_CITY":"Natchez","CUST_STATE":"MS","CUST_COUNTRY":"United States","CUST_ZIP":"39120","CUST_PHONE":"(337)124-3335","CUST_EMAIL":"MHagan@example.com","LAST_UPDATED":"2018-04-21T12:49:02.000-04:00"}
{"FIRST_NAME":"Bernadine","MIDDLE_NAME":"della","LAST_NAME":"Guerra","SSN":123459276,"CREDIT_CARD_NO":"4210653387347011","APT_NO":"700","STREET_NAME":"Cedar Street","CUST_CITY":"Ashland","CUST_STATE":"OH","CUST_COUNTRY":"United States","CUST_ZIP":"44805","CUST_PHONE":"(337)123-5964","CUST_EMAIL":"BGuerra@example.com","LAST_UPDATED":"2018-04-21T12:49:02.000-04:00"}
{"FIRST_NAME":"Isabella","MIDDLE_NAME":"kristen","LAST_NAME":"Law","SSN":123459277,"CREDIT_CARD_NO":"4210653372411570","APT_NO":"193","STREET_NAME":"Park Place","CUST_CITY":"Andover","CUST_STATE":"MA","CUST_COUNTRY":"United States","CUST_ZIP":"01810","CUST_PHONE":"(337)124-1589","CUST_EMAIL":"ILaw@example.com","LAST_UPDATED":"2018-04-21T12:49:02.000-04:00"}
{"FIRST_NAME":"Nelson","MIDDLE_NAME":"jefferson","LAST_NAME":"Andrews","SSN":123459278,"CREDIT_CARD_NO":"4210653311730764","APT_NO":"989","STREET_NAME":"Division Street","CUST_CITY":"Brookfield","CUST_STATE":"WI","CUST_COUNTRY":"United States","CUST_ZIP":"53045","CUST_PHONE":"(337)124-1408","CUST_EMAIL":"NAndrews@example.com","LAST_UPDATED":"2018-04-21T12:49:02.000-04:00"}
{"FIRST_NAME":"Kristopher","MIDDLE_NAME":"tristan","LAST_NAME":"Dang","SSN":123459282,"CREDIT_CARD_NO":"4210653349675223","APT_NO":"724","STREET_NAME":"2nd Street North","CUST_CITY":"Canonsburg","CUST_STATE":"PA","CUST_COUNTRY":"United States","CUST_ZIP":"15317","CUST_PHONE":"(337)124-1736","CUST_EMAIL":"KDang@example.com","LAST_UPDATED":"2018-04-21T12:49:02.000-04:00"}
{"FIRST_NAME":"Marianne","MIDDLE_NAME":"eloise","LAST_NAME":"Craig","SSN":123459284,"CREDIT_CARD_NO":"4210653354436037","APT_NO":"431","STREET_NAME":"Willow Street","CUST_CITY":"MurrellsInlet","CUST_STATE":"SC","CUST_COUNTRY":"United States","CUST_ZIP":"29576","CUST_PHONE":"(337)123-6740","CUST_EMAIL":"MCraig@example.com","LAST_UPDATED":"2018-04-21T12:49:02.000-04:00"}
{"FIRST_NAME":"Lily","MIDDLE_NAME":"josefina","LAST_NAME":"Hendricks","SSN":123459288,"CREDIT_CARD_NO":"4210653328570849","APT_NO":"349","STREET_NAME":"Magnolia Drive","CUST_CITY":"Brentwood","CUST_STATE":"NY","CUST_COUNTRY":"United States","CUST_ZIP":"11717","CUST_PHONE":"(337)123-8347","CUST_EMAIL":"LHendricks@example.com","LAST_UPDATED":"2018-04-21T12:49:02.000-04:00"}
{"FIRST_NAME":"Arnold","MIDDLE_NAME":"mark","LAST_NAME":"Sykes","SSN":123459305,"CREDIT_CARD_NO":"4210653333031957","APT_NO":"952","STREET_NAME":"3rd Street West","CUST_CITY":"Pittsford","CUST_STATE":"NY","CUST_COUNTRY":"United States","CUST_ZIP":"14534","CUST_PHONE":"(337)123-7218","CUST_EMAIL":"ASykes@example.com","LAST_UPDATED":"2018-04-21T12:49:02.000-04:00"}
{"FIRST_NAME":"Nellie","MIDDLE_NAME":"rosalind","LAST_NAME":"Dunlap","SSN":123459312,"CREDIT_CARD_NO":"4210653365821583","APT_NO":"420","STREET_NAME":"Hamilton Street","CUST_CITY":"LakeJackson","CUST_STATE":"TX","CUST_COUNTRY":"United States","CUST_ZIP":"77566","CUST_PHONE":"(337)123-9023","CUST_EMAIL":"NDunlap@example.com","LAST_UPDATED":"2018-04-21T12:49:02.000-04:00"}
{"FIRST_NAME":"Carol","MIDDLE_NAME":"brooks","LAST_NAME":"Feldman","SSN":123459324,"CREDIT_CARD_NO":"4210653324041606","APT_NO":"574","STREET_NAME":"Chestnut Street","CUST_CITY":"Summerville","CUST_STATE":"SC","CUST_COUNTRY":"United States","CUST_ZIP":"29483","CUST_PHONE":"(337)123-5308","CUST_EMAIL":"CFeldman@example.com","LAST_UPDATED":"2018-04-21T12:49:02.000-04:00"}
{"FIRST_NAME":"Ebony","MIDDLE_NAME":"phoebe","LAST_NAME":"Acevedo","SSN":123459333,"CREDIT_CARD_NO":"4210653385222076","APT_NO":"838","STREET_NAME":"Glenwood Avenue","CUST_CITY":"MurrellsInlet","CUST_STATE":"SC","CUST_COUNTRY":"United States","CUST_ZIP":"29576","CUST_PHONE":"(337)123-6615","CUST_EMAIL":"EAcevedo@example.com","LAST_UPDATED":"2018-04-21T12:49:02.000-04:00"}
{"FIRST_NAME":"Morgan","MIDDLE_NAME":"rhonda","LAST_NAME":"Workman","SSN":123459336,"CREDIT_CARD_NO":"4210653378605302","APT_NO":"376","STREET_NAME":"Andover Court","CUST_CITY":"Reidsville","CUST_STATE":"NC","CUST_COUNTRY":"United States","CUST_ZIP":"27320","CUST_PHONE":"(337)123-5880","CUST_EMAIL":"MWorkman@example.com","LAST_UPDATED":"2018-04-21T12:49:02.000-04:00"}
{"FIRST_NAME":"Brandon","MIDDLE_NAME":"trevor","LAST_NAME":"Vance","SSN":123459359,"CREDIT_CARD_NO":"4210653334334668","APT_NO":"889","STREET_NAME":"Smith Street","CUST_CITY":"Carrollton","CUST_STATE":"GA","CUST_COUNTRY":"United States","CUST_ZIP":"30117","CUST_PHONE":"(337)124-0376","CUST_EMAIL":"BVance@example.com","LAST_UPDATED":"2018-04-21T12:49:02.000-04:00"}
{"FIRST_NAME":"Tanner","MIDDLE_NAME":"jimmy","LAST_NAME":"Reed","SSN":123459360,"CREDIT_CARD_NO":"4210653384998535","APT_NO":"357","STREET_NAME":"Chestnut Avenue","CUST_CITY":"GardenCity","CUST_STATE":"NY","CUST_COUNTRY":"United States","CUST_ZIP":"11530","CUST_PHONE":"(337)124-0829","CUST_EMAIL":"TReed@example.com","LAST_UPDATED":"2018-04-21T12:49:02.000-04:00"}
{"FIRST_NAME":"Jamey","MIDDLE_NAME":"dirk","LAST_NAME":"Donnelly","SSN":123459362,"CREDIT_CARD_NO":"4210653352798797","APT_NO":"739","STREET_NAME":"Rose Street","CUST_CITY":"GardenCity","CUST_STATE":"NY","CUST_COUNTRY":"United States","CUST_ZIP":"11530","CUST_PHONE":"(337)123-7485","CUST_EMAIL":"JDonnelly@example.com","LAST_UPDATED":"2018-04-21T12:49:02.000-04:00"}
{"FIRST_NAME":"Hipolito","MIDDLE_NAME":"erasmo","LAST_NAME":"Snell","SSN":123459363,"CREDIT_CARD_NO":"4210653387382495","APT_NO":"925","STREET_NAME":"Chestnut Street","CUST_CITY":"SanLorenzo","CUST_STATE":"CA","CUST_COUNTRY":"United States","CUST_ZIP":"94580","CUST_PHONE":"(337)123-6065","CUST_EMAIL":"HSnell@example.com","LAST_UPDATED":"2018-04-21T12:49:02.000-04:00"}
{"FIRST_NAME":"Aimee","MIDDLE_NAME":"earl","LAST_NAME":"Hager","SSN":123459368,"CREDIT_CARD_NO":"4210653355849690","APT_NO":"44","STREET_NAME":"Madison Street","CUST_CITY":"RedondoBeach","CUST_STATE":"CA","CUST_COUNTRY":"United States","CUST_ZIP":"90278","CUST_PHONE":"(337)124-0144","CUST_EMAIL":"AHager@example.com","LAST_UPDATED":"2018-04-21T12:49:02.000-04:00"}
{"FIRST_NAME":"Chauncey","MIDDLE_NAME":"emmett","LAST_NAME":"Spencer","SSN":123459391,"CREDIT_CARD_NO":"4210653367639676","APT_NO":"807","STREET_NAME":"Route 27","CUST_CITY":"Middleburg","CUST_STATE":"FL","CUST_COUNTRY":"United States","CUST_ZIP":"32068","CUST_PHONE":"(337)123-9510","CUST_EMAIL":"CSpencer@example.com","LAST_UPDATED":"2018-04-21T12:49:02.000-04:00"}
{"FIRST_NAME":"Rhea","MIDDLE_NAME":"leroy","LAST_NAME":"Mcdermott","SSN":123459400,"CREDIT_CARD_NO":"4210653348932823","APT_NO":"313","STREET_NAME":"1st Avenue","CUST_CITY":"SilverSpring","CUST_STATE":"MD","CUST_COUNTRY":"United States","CUST_ZIP":"20901","CUST_PHONE":"(337)124-1460","CUST_EMAIL":"RMcdermott@example.com","LAST_UPDATED":"2018-04-21T12:49:02.000-04:00"}
{"FIRST_NAME":"Deanne","MIDDLE_NAME":"enoch","LAST_NAME":"Jorgensen","SSN":123459441,"CREDIT_CARD_NO":"4210653339432918","APT_NO":"885","STREET_NAME":"Ann Street","CUST_CITY":"Lombard","CUST_STATE":"IL","CUST_COUNTRY":"United States","CUST_ZIP":"60148","CUST_PHONE":"(337)124-1165","CUST_EMAIL":"DJorgensen@example.com","LAST_UPDATED":"2018-04-21T12:49:02.000-04:00"}
{"FIRST_NAME":"Mohammad","MIDDLE_NAME":"elena","LAST_NAME":"Quick","SSN":123459443,"CREDIT_CARD_NO":"4210653384858264","APT_NO":"572","STREET_NAME":"Jackson Avenue","CUST_CITY":"Torrance","CUST_STATE":"CA","CUST_COUNTRY":"United States","CUST_ZIP":"90505","CUST_PHONE":"(337)124-3394","CUST_EMAIL":"MQuick@example.com","LAST_UPDATED":"2018-04-21T12:49:02.000-04:00"}
{"FIRST_NAME":"Warren","MIDDLE_NAME":"thad","LAST_NAME":"Lovell","SSN":123459476,"CREDIT_CARD_NO":"4210653337953343","APT_NO":"764","STREET_NAME":"Hanover Court","CUST_CITY":"Monroeville","CUST_STATE":"PA","CUST_COUNTRY":"United States","CUST_ZIP":"15146","CUST_PHONE":"(337)123-9858","CUST_EMAIL":"WLovell@example.com","LAST_UPDATED":"2018-04-21T12:49:02.000-04:00"}
{"FIRST_NAME":"Christa","MIDDLE_NAME":"cecelia","LAST_NAME":"Lozano","SSN":123459481,"CREDIT_CARD_NO":"4210653333167783","APT_NO":"379","STREET_NAME":"Mulberry Lane","CUST_CITY":"ElPaso","CUST_STATE":"TX","CUST_COUNTRY":"United States","CUST_ZIP":"79930","CUST_PHONE":"(337)123-6763","CUST_EMAIL":"CLozano@example.com","LAST_UPDATED":"2018-04-21T12:49:02.000-04:00"}
{"FIRST_NAME":"Ora","MIDDLE_NAME":"hershel","LAST_NAME":"Carr","SSN":123459499,"CREDIT_CARD_NO":"4210653383230786","APT_NO":"726","STREET_NAME":"Aspen Drive","CUST_CITY":"Teaneck","CUST_STATE":"NJ","CUST_COUNTRY":"United States","CUST_ZIP":"07666","CUST_PHONE":"(337)124-3415","CUST_EMAIL":"OCarr@example.com","LAST_UPDATED":"2018-04-21T12:49:02.000-04:00"}
{"FIRST_NAME":"Michaela","MIDDLE_NAME":"patrica","LAST_NAME":"Jackson","SSN":123459506,"CREDIT_CARD_NO":"4210653326257558","APT_NO":"542","STREET_NAME":"Chapel Street","CUST_CITY":"Midlothian","CUST_STATE":"VA","CUST_COUNTRY":"United States","CUST_ZIP":"23112","CUST_PHONE":"(337)124-2582","CUST_EMAIL":"MJackson@example.com","LAST_UPDATED":"2018-04-21T12:49:02.000-04:00"}
{"FIRST_NAME":"Pansy","MIDDLE_NAME":"deandre","LAST_NAME":"Mills","SSN":123459508,"CREDIT_CARD_NO":"4210653390509374","APT_NO":"309","STREET_NAME":"Main Street West","CUST_CITY":"Valrico","CUST_STATE":"FL","CUST_COUNTRY":"United States","CUST_ZIP":"33594","CUST_PHONE":"(337)123-4766","CUST_EMAIL":"PMills@example.com","LAST_UPDATED":"2018-04-21T12:49:02.000-04:00"}
{"FIRST_NAME":"Aron","MIDDLE_NAME":"isabel","LAST_NAME":"Guzman","SSN":123459511,"CREDIT_CARD_NO":"4210653331330633","APT_NO":"270","STREET_NAME":"Glenwood Avenue","CUST_CITY":"Huntley","CUST_STATE":"IL","CUST_COUNTRY":"United States","CUST_ZIP":"60142","CUST_PHONE":"(337)123-5944","CUST_EMAIL":"AGuzman@example.com","LAST_UPDATED":"2018-04-21T12:49:02.000-04:00"}
{"FIRST_NAME":"Freddy","MIDDLE_NAME":"thurman","LAST_NAME":"Mccarty","SSN":123459532,"CREDIT_CARD_NO":"4210653315118577","APT_NO":"811","STREET_NAME":"Jones Street","CUST_CITY":"Greenville","CUST_STATE":"NC","CUST_COUNTRY":"United States","CUST_ZIP":"27834","CUST_PHONE":"(337)124-2721","CUST_EMAIL":"FMccarty@example.com","LAST_UPDATED":"2018-04-21T12:49:02.000-04:00"}
{"FIRST_NAME":"Julius","MIDDLE_NAME":"brain","LAST_NAME":"Espinoza","SSN":123459558,"CREDIT_CARD_NO":"4210653379463441","APT_NO":"311","STREET_NAME":"Cemetery Road","CUST_CITY":"Jonesboro","CUST_STATE":"GA","CUST_COUNTRY":"United States","CUST_ZIP":"30236","CUST_PHONE":"(337)123-8306","CUST_EMAIL":"JEspinoza@example.com","LAST_UPDATED":"2018-04-21T12:49:02.000-04:00"}
{"FIRST_NAME":"Kraig","MIDDLE_NAME":"dolores","LAST_NAME":"Todd","SSN":123459564,"CREDIT_CARD_NO":"4210653374740577","APT_NO":"21","STREET_NAME":"Durham Court","CUST_CITY":"Natchez","CUST_STATE":"MS","CUST_COUNTRY":"United States","CUST_ZIP":"39120","CUST_PHONE":"(337)123-8952","CUST_EMAIL":"KTodd@example.com","LAST_UPDATED":"2018-04-21T12:49:02.000-04:00"}
{"FIRST_NAME":"Valarie","MIDDLE_NAME":"tim","LAST_NAME":"Obrien","SSN":123459571,"CREDIT_CARD_NO":"4210653359679482","APT_NO":"803","STREET_NAME":"Park Drive","CUST_CITY":"Burnsville","CUST_STATE":"MN","CUST_COUNTRY":"United States","CUST_ZIP":"55337","CUST_PHONE":"(337)123-9063","CUST_EMAIL":"VObrien@example.com","LAST_UPDATED":"2018-04-21T12:49:02.000-04:00"}
{"FIRST_NAME":"Ashley","MIDDLE_NAME":"carmine","LAST_NAME":"Doyle","SSN":123459600,"CREDIT_CARD_NO":"4210653334350739","APT_NO":"352","STREET_NAME":"Devon Court","CUST_CITY":"DeerfieldBeach","CUST_STATE":"FL","CUST_COUNTRY":"United States","CUST_ZIP":"33442","CUST_PHONE":"(337)124-1723","CUST_EMAIL":"ADoyle@example.com","LAST_UPDATED":"2018-04-21T12:49:02.000-04:00"}
{"FIRST_NAME":"Al","MIDDLE_NAME":"ahmad","LAST_NAME":"Freeman","SSN":123459606,"CREDIT_CARD_NO":"4210653347892028","APT_NO":"783","STREET_NAME":"Lafayette Street","CUST_CITY":"Plainview","CUST_STATE":"NY","CUST_COUNTRY":"United States","CUST_ZIP":"11803","CUST_PHONE":"(337)123-7108","CUST_EMAIL":"AFreeman@example.com","LAST_UPDATED":"2018-04-21T12:49:02.000-04:00"}
{"FIRST_NAME":"Crystal","MIDDLE_NAME":"melody","LAST_NAME":"Tipton","SSN":123459614,"CREDIT_CARD_NO":"4210653392635174","APT_NO":"446","STREET_NAME":"Front Street North","CUST_CITY":"Duarte","CUST_STATE":"CA","CUST_COUNTRY":"United States","CUST_ZIP":"91010","CUST_PHONE":"(337)123-9668","CUST_EMAIL":"CTipton@example.com","LAST_UPDATED":"2018-04-21T12:49:02.000-04:00"}
{"FIRST_NAME":"Jacinto","MIDDLE_NAME":"jayson","LAST_NAME":"Holcomb","SSN":123459619,"CREDIT_CARD_NO":"4210653393404929","APT_NO":"226","STREET_NAME":"Jackson Street","CUST_CITY":"Andover","CUST_STATE":"MA","CUST_COUNTRY":"United States","CUST_ZIP":"01810","CUST_PHONE":"(337)123-8661","CUST_EMAIL":"JHolcomb@example.com","LAST_UPDATED":"2018-04-21T12:49:02.000-04:00"}
{"FIRST_NAME":"Wilmer","MIDDLE_NAME":"nanette","LAST_NAME":"Lopez","SSN":123459628,"CREDIT_CARD_NO":"4210653312241914","APT_NO":"761","STREET_NAME":"Cottage Street","CUST_CITY":"Bethesda","CUST_STATE":"MD","CUST_COUNTRY":"United States","CUST_ZIP":"20814","CUST_PHONE":"(337)124-1312","CUST_EMAIL":"WLopez@example.com","LAST_UPDATED":"2018-04-21T12:49:02.000-04:00"}
{"FIRST_NAME":"Dante","MIDDLE_NAME":"eduardo","LAST_NAME":"Hampton","SSN":123459663,"CREDIT_CARD_NO":"4210653388599245","APT_NO":"138","STREET_NAME":"Magnolia Court","CUST_CITY":"AllisonPark","CUST_STATE":"PA","CUST_COUNTRY":"United States","CUST_ZIP":"15101","CUST_PHONE":"(337)123-5535","CUST_EMAIL":"DHampton@example.com","LAST_UPDATED":"2018-04-21T12:49:02.000-04:00"}
{"FIRST_NAME":"Will","MIDDLE_NAME":"ola","LAST_NAME":"Wiggins","SSN":123459674,"CREDIT_CARD_NO":"4210653324892592","APT_NO":"734","STREET_NAME":"Adams Street","CUST_CITY":"Suwanee","CUST_STATE":"GA","CUST_COUNTRY":"United States","CUST_ZIP":"30024","CUST_PHONE":"(337)123-5431","CUST_EMAIL":"WWiggins@example.com","LAST_UPDATED":"2018-04-21T12:49:02.000-04:00"}
{"FIRST_NAME":"Tanisha","MIDDLE_NAME":"hipolito","LAST_NAME":"Guillen","SSN":123459692,"CREDIT_CARD_NO":"4210653378954063","APT_NO":"191","STREET_NAME":"Water Street","CUST_CITY":"ElDorado","CUST_STATE":"AR","CUST_COUNTRY":"United States","CUST_ZIP":"71730","CUST_PHONE":"(337)123-6529","CUST_EMAIL":"TGuillen@example.com","LAST_UPDATED":"2018-04-21T12:49:02.000-04:00"}
{"FIRST_NAME":"Cliff","MIDDLE_NAME":"kirby","LAST_NAME":"Hurt","SSN":123459719,"CREDIT_CARD_NO":"4210653343757019","APT_NO":"132","STREET_NAME":"Amherst Street","CUST_CITY":"SilverSpring","CUST_STATE":"MD","CUST_COUNTRY":"United States","CUST_ZIP":"20901","CUST_PHONE":"(337)124-0162","CUST_EMAIL":"CHurt@example.com","LAST_UPDATED":"2018-04-21T12:49:02.000-04:00"}
{"FIRST_NAME":"Damion","MIDDLE_NAME":"selina","LAST_NAME":"Kennedy","SSN":123459723,"CREDIT_CARD_NO":"4210653386474020","APT_NO":"941","STREET_NAME":"George Street","CUST_CITY":"Granger","CUST_STATE":"IN","CUST_COUNTRY":"United States","CUST_ZIP":"46530","CUST_PHONE":"(337)124-1457","CUST_EMAIL":"DKennedy@example.com","LAST_UPDATED":"2018-04-21T12:49:02.000-04:00"}
{"FIRST_NAME":"Robt","MIDDLE_NAME":"christine","LAST_NAME":"Doss","SSN":123459736,"CREDIT_CARD_NO":"4210653347101133","APT_NO":"330","STREET_NAME":"Sunset Avenue","CUST_CITY":"Starkville","CUST_STATE":"MS","CUST_COUNTRY":"United States","CUST_ZIP":"39759","CUST_PHONE":"(337)124-2026","CUST_EMAIL":"RDoss@example.com","LAST_UPDATED":"2018-04-21T12:49:02.000-04:00"}
{"FIRST_NAME":"Jo","MIDDLE_NAME":"sylvia","LAST_NAME":"Godfrey","SSN":123459742,"CREDIT_CARD_NO":"4210653317338150","APT_NO":"310","STREET_NAME":"Sunset Avenue","CUST_CITY":"LaCrosse","CUST_STATE":"WI","CUST_COUNTRY":"United States","CUST_ZIP":"54601","CUST_PHONE":"(337)123-5810","CUST_EMAIL":"JGodfrey@example.com","LAST_UPDATED":"2018-04-21T12:49:02.000-04:00"}
{"FIRST_NAME":"Teri","MIDDLE_NAME":"jeromy","LAST_NAME":"Whaley","SSN":123459747,"CREDIT_CARD_NO":"4210653341807319","APT_NO":"460","STREET_NAME":"Madison Avenue","CUST_CITY":"Harrisonburg","CUST_STATE":"VA","CUST_COUNTRY":"United States","CUST_ZIP":"22801","CUST_PHONE":"(337)124-2564","CUST_EMAIL":"TWhaley@example.com","LAST_UPDATED":"2018-04-21T12:49:02.000-04:00"}
{"FIRST_NAME":"Eugenio","MIDDLE_NAME":"trina","LAST_NAME":"Hardy","SSN":123459758,"CREDIT_CARD_NO":"4210653310195948","APT_NO":"253","STREET_NAME":"Country Club Road","CUST_CITY":"NewBerlin","CUST_STATE":"WI","CUST_COUNTRY":"United States","CUST_ZIP":"53151","CUST_PHONE":"(337)124-3215","CUST_EMAIL":"EHardy@example.com","LAST_UPDATED":"2018-04-21T12:49:02.000-04:00"}
{"FIRST_NAME":"Harrison","MIDDLE_NAME":"clara","LAST_NAME":"Conklin","SSN":123459764,"CREDIT_CARD_NO":"4210653355971924","APT_NO":"409","STREET_NAME":"6th Avenue","CUST_CITY":"Vienna","CUST_STATE":"VA","CUST_COUNTRY":"United States","CUST_ZIP":"22180","CUST_PHONE":"(337)123-7727","CUST_EMAIL":"HConklin@example.com","LAST_UPDATED":"2018-04-21T12:49:02.000-04:00"}
{"FIRST_NAME":"Bradly","MIDDLE_NAME":"fern","LAST_NAME":"Lanier","SSN":123459771,"CREDIT_CARD_NO":"4210653385358208","APT_NO":"825","STREET_NAME":"Dogwood Lane","CUST_CITY":"Fenton","CUST_STATE":"MI","CUST_COUNTRY":"United States","CUST_ZIP":"48430","CUST_PHONE":"(337)124-1286","CUST_EMAIL":"BLanier@example.com","LAST_UPDATED":"2018-04-21T12:49:02.000-04:00"}
{"FIRST_NAME":"Romeo","MIDDLE_NAME":"roseann","LAST_NAME":"Vazquez","SSN":123459788,"CREDIT_CARD_NO":"4210653325735590","APT_NO":"236","STREET_NAME":"Chestnut Avenue","CUST_CITY":"Oviedo","CUST_STATE":"FL","CUST_COUNTRY":"United States","CUST_ZIP":"32765","CUST_PHONE":"(337)124-1575","CUST_EMAIL":"RVazquez@example.com","LAST_UPDATED":"2018-04-21T12:49:02.000-04:00"}
{"FIRST_NAME":"Sheryl","MIDDLE_NAME":"leslie","LAST_NAME":"Horner","SSN":123459797,"CREDIT_CARD_NO":"4210653340182715","APT_NO":"345","STREET_NAME":"Academy Street","CUST_CITY":"LakeJackson","CUST_STATE":"TX","CUST_COUNTRY":"United States","CUST_ZIP":"77566","CUST_PHONE":"(337)123-7902","CUST_EMAIL":"SHorner@example.com","LAST_UPDATED":"2018-04-21T12:49:02.000-04:00"}
{"FIRST_NAME":"Angelica","MIDDLE_NAME":"jesus","LAST_NAME":"Rollins","SSN":123459798,"CREDIT_CARD_NO":"4210653382353446","APT_NO":"971","STREET_NAME":"Penn Street","CUST_CITY":"Zion","CUST_STATE":"IL","CUST_COUNTRY":"United States","CUST_ZIP":"60099","CUST_PHONE":"(337)124-1724","CUST_EMAIL":"ARollins@example.com","LAST_UPDATED":"2018-04-21T12:49:02.000-04:00"}
{"FIRST_NAME":"Dollie","MIDDLE_NAME":"abby","LAST_NAME":"Kearney","SSN":123459803,"CREDIT_CARD_NO":"4210653393519455","APT_NO":"429","STREET_NAME":"Dogwood Lane","CUST_CITY":"Davenport","CUST_STATE":"IA","CUST_COUNTRY":"United States","CUST_ZIP":"52804","CUST_PHONE":"(337)124-1988","CUST_EMAIL":"DKearney@example.com","LAST_UPDATED":"2018-04-21T12:49:02.000-04:00"}
{"FIRST_NAME":"Jon","MIDDLE_NAME":"lorie","LAST_NAME":"Bower","SSN":123459805,"CREDIT_CARD_NO":"4210653322099721","APT_NO":"92","STREET_NAME":"Brookside Drive","CUST_CITY":"Independence","CUST_STATE":"KY","CUST_COUNTRY":"United States","CUST_ZIP":"41051","CUST_PHONE":"(337)124-1785","CUST_EMAIL":"JBower@example.com","LAST_UPDATED":"2018-04-21T12:49:02.000-04:00"}
{"FIRST_NAME":"Bo","MIDDLE_NAME":"odell","LAST_NAME":"Ali","SSN":123459810,"CREDIT_CARD_NO":"4210653339714399","APT_NO":"721","STREET_NAME":"Hillside Avenue","CUST_CITY":"Apopka","CUST_STATE":"FL","CUST_COUNTRY":"United States","CUST_ZIP":"32703","CUST_PHONE":"(337)124-2657","CUST_EMAIL":"BAli@example.com","LAST_UPDATED":"2018-04-21T12:49:02.000-04:00"}
{"FIRST_NAME":"Jules","MIDDLE_NAME":"grover","LAST_NAME":"Steiner","SSN":123459812,"CREDIT_CARD_NO":"4210653324163424","APT_NO":"794","STREET_NAME":"Route 5","CUST_CITY":"GardenCity","CUST_STATE":"NY","CUST_COUNTRY":"United States","CUST_ZIP":"11530","CUST_PHONE":"(337)123-6992","CUST_EMAIL":"JSteiner@example.com","LAST_UPDATED":"2018-04-21T12:49:02.000-04:00"}
{"FIRST_NAME":"Gabrielle","MIDDLE_NAME":"mia","LAST_NAME":"Dillon","SSN":123459815,"CREDIT_CARD_NO":"4210653336223163","APT_NO":"468","STREET_NAME":"4th Street South","CUST_CITY":"SiouxCity","CUST_STATE":"IA","CUST_COUNTRY":"United States","CUST_ZIP":"51106","CUST_PHONE":"(337)123-9655","CUST_EMAIL":"GDillon@example.com","LAST_UPDATED":"2018-04-21T12:49:02.000-04:00"}
{"FIRST_NAME":"Efren","MIDDLE_NAME":"dewitt","LAST_NAME":"Elkins","SSN":123459829,"CREDIT_CARD_NO":"4210653322829279","APT_NO":"617","STREET_NAME":"Green Street","CUST_CITY":"Dublin","CUST_STATE":"GA","CUST_COUNTRY":"United States","CUST_ZIP":"31021","CUST_PHONE":"(337)123-7058","CUST_EMAIL":"EElkins@example.com","LAST_UPDATED":"2018-04-21T12:49:02.000-04:00"}
{"FIRST_NAME":"Alphonso","MIDDLE_NAME":"angelia","LAST_NAME":"Dalton","SSN":123459831,"CREDIT_CARD_NO":"4210653326588404","APT_NO":"548","STREET_NAME":"Somerset Drive","CUST_CITY":"Chillicothe","CUST_STATE":"OH","CUST_COUNTRY":"United States","CUST_ZIP":"45601","CUST_PHONE":"(337)124-3015","CUST_EMAIL":"ADalton@example.com","LAST_UPDATED":"2018-04-21T12:49:02.000-04:00"}
{"FIRST_NAME":"Lela","MIDDLE_NAME":"louis","LAST_NAME":"Bond","SSN":123459833,"CREDIT_CARD_NO":"4210653354321803","APT_NO":"798","STREET_NAME":"Henry Street","CUST_CITY":"Harleysville","CUST_STATE":"PA","CUST_COUNTRY":"United States","CUST_ZIP":"19438","CUST_PHONE":"(337)123-9143","CUST_EMAIL":"LBond@example.com","LAST_UPDATED":"2018-04-21T12:49:02.000-04:00"}
{"FIRST_NAME":"Prince","MIDDLE_NAME":"faith","LAST_NAME":"Avalos","SSN":123459839,"CREDIT_CARD_NO":"4210653348535033","APT_NO":"708","STREET_NAME":"Hudson Street","CUST_CITY":"Andover","CUST_STATE":"MA","CUST_COUNTRY":"United States","CUST_ZIP":"01810","CUST_PHONE":"(337)124-2419","CUST_EMAIL":"PAvalos@example.com","LAST_UPDATED":"2018-04-21T12:49:02.000-04:00"}
{"FIRST_NAME":"Pauline","MIDDLE_NAME":"rayford","LAST_NAME":"Smart","SSN":123459843,"CREDIT_CARD_NO":"4210653334160207","APT_NO":"536","STREET_NAME":"South Street","CUST_CITY":"SanLorenzo","CUST_STATE":"CA","CUST_COUNTRY":"United States","CUST_ZIP":"94580","CUST_PHONE":"(337)123-9880","CUST_EMAIL":"PSmart@example.com","LAST_UPDATED":"2018-04-21T12:49:02.000-04:00"}
{"FIRST_NAME":"Audra","MIDDLE_NAME":"sid","LAST_NAME":"Richard","SSN":123459852,"CREDIT_CARD_NO":"4210653351613328","APT_NO":"910","STREET_NAME":"Summer Street","CUST_CITY":"Norfolk","CUST_STATE":"VA","CUST_COUNTRY":"United States","CUST_ZIP":"23503","CUST_PHONE":"(337)123-7273","CUST_EMAIL":"ARichard@example.com","LAST_UPDATED":"2018-04-21T12:49:02.000-04:00"}
{"FIRST_NAME":"Tanner","MIDDLE_NAME":"greta","LAST_NAME":"Bates","SSN":123459861,"CREDIT_CARD_NO":"4210653381009367","APT_NO":"660","STREET_NAME":"Adams Avenue","CUST_CITY":"NewHaven","CUST_STATE":"CT","CUST_COUNTRY":"United States","CUST_ZIP":"06511","CUST_PHONE":"(337)124-0818","CUST_EMAIL":"TBates@example.com","LAST_UPDATED":"2018-04-21T12:49:02.000-04:00"}
{"FIRST_NAME":"Bradford","MIDDLE_NAME":"fletcher","LAST_NAME":"Aragon","SSN":123459877,"CREDIT_CARD_NO":"4210653389999800","APT_NO":"478","STREET_NAME":"Dogwood Lane","CUST_CITY":"Boston","CUST_STATE":"MA","CUST_COUNTRY":"United States","CUST_ZIP":"02127","CUST_PHONE":"(337)124-3459","CUST_EMAIL":"BAragon@example.com","LAST_UPDATED":"2018-04-21T12:49:02.000-04:00"}
{"FIRST_NAME":"Carroll","MIDDLE_NAME":"emmanuel","LAST_NAME":"Greenberg","SSN":123459879,"CREDIT_CARD_NO":"4210653317141342","APT_NO":"293","STREET_NAME":"3rd Street East","CUST_CITY":"Irvington","CUST_STATE":"NJ","CUST_COUNTRY":"United States","CUST_ZIP":"07111","CUST_PHONE":"(337)124-2571","CUST_EMAIL":"CGreenberg@example.com","LAST_UPDATED":"2018-04-21T12:49:02.000-04:00"}
{"FIRST_NAME":"Ines","MIDDLE_NAME":"abel","LAST_NAME":"Abraham","SSN":123459894,"CREDIT_CARD_NO":"4210653350230468","APT_NO":"663","STREET_NAME":"7th Street","CUST_CITY":"Dublin","CUST_STATE":"GA","CUST_COUNTRY":"United States","CUST_ZIP":"31021","CUST_PHONE":"(337)124-0907","CUST_EMAIL":"IAbraham@example.com","LAST_UPDATED":"2018-04-21T12:49:02.000-04:00"}
{"FIRST_NAME":"Belinda","MIDDLE_NAME":"kristy","LAST_NAME":"Dawson","SSN":123459900,"CREDIT_CARD_NO":"4210653373379288","APT_NO":"209","STREET_NAME":"Mill Street","CUST_CITY":"Seymour","CUST_STATE":"IN","CUST_COUNTRY":"United States","CUST_ZIP":"47274","CUST_PHONE":"(337)124-2441","CUST_EMAIL":"BDawson@example.com","LAST_UPDATED":"2018-04-21T12:49:02.000-04:00"}
{"FIRST_NAME":"Jasmin","MIDDLE_NAME":"rosario","LAST_NAME":"Moody","SSN":123459909,"CREDIT_CARD_NO":"4210653313825914","APT_NO":"472","STREET_NAME":"Grant Street","CUST_CITY":"NewPhiladelphia","CUST_STATE":"OH","CUST_COUNTRY":"United States","CUST_ZIP":"44663","CUST_PHONE":"(337)123-5080","CUST_EMAIL":"JMoody@example.com","LAST_UPDATED":"2018-04-21T12:49:02.000-04:00"}
{"FIRST_NAME":"Van","MIDDLE_NAME":"irving","LAST_NAME":"Rodgers","SSN":123459915,"CREDIT_CARD_NO":"4210653392204248","APT_NO":"513","STREET_NAME":"South Street","CUST_CITY":"Irvington","CUST_STATE":"NJ","CUST_COUNTRY":"United States","CUST_ZIP":"07111","CUST_PHONE":"(337)124-3136","CUST_EMAIL":"VRodgers@example.com","LAST_UPDATED":"2018-04-21T12:49:02.000-04:00"}
{"FIRST_NAME":"Elsa","MIDDLE_NAME":"ted","LAST_NAME":"Anthony","SSN":123459916,"CREDIT_CARD_NO":"4210653313003223","APT_NO":"475","STREET_NAME":"Hillcrest Drive","CUST_CITY":"RedondoBeach","CUST_STATE":"CA","CUST_COUNTRY":"United States","CUST_ZIP":"90278","CUST_PHONE":"(337)124-0339","CUST_EMAIL":"EAnthony@example.com","LAST_UPDATED":"2018-04-21T12:49:02.000-04:00"}
{"FIRST_NAME":"Ines","MIDDLE_NAME":"tomas","LAST_NAME":"Sellers","SSN":123459918,"CREDIT_CARD_NO":"4210653312528499","APT_NO":"644","STREET_NAME":"School Street","CUST_CITY":"SouthLyon","CUST_STATE":"MI","CUST_COUNTRY":"United States","CUST_ZIP":"48178","CUST_PHONE":"(337)124-0817","CUST_EMAIL":"ISellers@example.com","LAST_UPDATED":"2018-04-21T12:49:02.000-04:00"}
{"FIRST_NAME":"Alyce","MIDDLE_NAME":"alissa","LAST_NAME":"Parker","SSN":123459940,"CREDIT_CARD_NO":"4210653315577947","APT_NO":"265","STREET_NAME":"Summer Street","CUST_CITY":"FloralPark","CUST_STATE":"NY","CUST_COUNTRY":"United States","CUST_ZIP":"11001","CUST_PHONE":"(337)123-5625","CUST_EMAIL":"AParker@example.com","LAST_UPDATED":"2018-04-21T12:49:02.000-04:00"}
{"FIRST_NAME":"Nathaniel","MIDDLE_NAME":"kraig","LAST_NAME":"Rhodes","SSN":123459965,"CREDIT_CARD_NO":"4210653349448599","APT_NO":"948","STREET_NAME":"Willow Drive","CUST_CITY":"Dearborn","CUST_STATE":"MI","CUST_COUNTRY":"United States","CUST_ZIP":"48124","CUST_PHONE":"(337)124-2072","CUST_EMAIL":"NRhodes@example.com","LAST_UPDATED":"2018-04-21T12:49:02.000-04:00"}
{"FIRST_NAME":"Lucio","MIDDLE_NAME":"bette","LAST_NAME":"Britton","SSN":123459968,"CREDIT_CARD_NO":"4210653315516879","APT_NO":"635","STREET_NAME":"Central Avenue","CUST_CITY":"Pittsford","CUST_STATE":"NY","CUST_COUNTRY":"United States","CUST_ZIP":"14534","CUST_PHONE":"(337)123-4689","CUST_EMAIL":"LBritton@example.com","LAST_UPDATED":"2018-04-21T12:49:02.000-04:00"}
{"FIRST_NAME":"Luciano","MIDDLE_NAME":"ashleigh","LAST_NAME":"Combs","SSN":123459978,"CREDIT_CARD_NO":"4210653399308769","APT_NO":"180","STREET_NAME":"Locust Street","CUST_CITY":"CapeCoral","CUST_STATE":"FL","CUST_COUNTRY":"United States","CUST_ZIP":"33904","CUST_PHONE":"(337)123-9166","CUST_EMAIL":"LCombs@example.com","LAST_UPDATED":"2018-04-21T12:49:02.000-04:00"}
{"FIRST_NAME":"Amalia","MIDDLE_NAME":"hal","LAST_NAME":"Campos","SSN":123459988,"CREDIT_CARD_NO":"4210653349028689","APT_NO":"774","STREET_NAME":"Valley Drive","CUST_CITY":"Harleysville","CUST_STATE":"PA","CUST_COUNTRY":"United States","CUST_ZIP":"19438","CUST_PHONE":"(337)123-6163","CUST_EMAIL":"ACampos@example.com","LAST_UPDATED":"2018-04-21T12:49:02.000-04:00"}
