{"FIRST_NAME":"Jasmine","MIDDLE_NAME":"manual","LAST_NAME":"Ali","SSN":123452555,"CREDIT_CARD_NO":"4210653315806331","APT_NO":"414","STREET_NAME":"Hamilton Street","CUST_CITY":"Loganville","CUST_STATE":"GA","CUST_COUNTRY":"United States","CUST_ZIP":"30052","CUST_PHONE":"(337)124-1596","CUST_EMAIL":"JAli@example.com","LAST_UPDATED":"2018-04-21T12:49:02.000-04:00"}
{"FIRST_NAME":"Rashad","MIDDLE_NAME":"anita","LAST_NAME":"Farris","SSN":123452567,"CREDIT_CARD_NO":"4210653361269641","APT_NO":"417","STREET_NAME":"2nd Street East","CUST_CITY":"NewPhiladelphia","CUST_STATE":"OH","CUST_COUNTRY":"United States","CUST_ZIP":"44663","CUST_PHONE":"(337)123-5424","CUST_EMAIL":"RFarris@example.com","LAST_UPDATED":"2018-04-21T12:49:02.000-04:00"}
{"FIRST_NAME":"Simone","MIDDLE_NAME":"stella","LAST_NAME":"Ortiz","SSN":123452574,"CREDIT_CARD_NO":"4210653344620215","APT_NO":"617","STREET_NAME":"Hawthorne Avenue","CUST_CITY":"Taunton","CUST_STATE":"MA","CUST_COUNTRY":"United States","CUST_ZIP":"02780","CUST_PHONE":"(337)123-9524","CUST_EMAIL":"SOrtiz@example.com","LAST_UPDATED":"2018-04-21T12:49:02.000-04:00"}
{"FIRST_NAME":"Jamal","MIDDLE_NAME":"dorothy","LAST_NAME":"Haney","SSN":123452576,"CREDIT_CARD_NO":"4210653398696394","APT_NO":"218","STREET_NAME":"Cemetery Road","CUST_CITY":"Poughkeepsie","CUST_STATE":"NY","CUST_COUNTRY":"United States","CUST_ZIP":"12601","CUST_PHONE":"(337)124-0392","CUST_EMAIL":"JHaney@example.com","LAST_UPDATED":"2018-04-21T12:49:02.000-04:00"}
{"FIRST_NAME":"Rusty","MIDDLE_NAME":"casey","LAST_NAME":"Guerrero","SSN":123452592,"CREDIT_CARD_NO":"4210653363499134","APT_NO":"821","STREET_NAME":"7th Avenue","CUST_CITY":"Acworth","CUST_STATE":"GA","CUST_COUNTRY":"United States","CUST_ZIP":"30101","CUST_PHONE":"(337)124-1021","CUST_EMAIL":"RGuerrero@example.com","LAST_UPDATED":"2018-04-21T12:49:02.000-04:00"}
{"FIRST_NAME":"Lon","MIDDLE_NAME":"kirby","LAST_NAME":"Medrano","SSN":123452595,"CREDIT_CARD_NO":"4210653356092560","APT_NO":"677","STREET_NAME":"Harrison Avenue","CUST_CITY":"Harleysville","CUST_STATE":"PA","CUST_COUNTRY":"United States","CUST_ZIP":"19438","CUST_PHONE":"(337)124-2424","CUST_EMAIL":"LMedrano@example.com","LAST_UPDATED":"2018-04-21T12:49:02.000-04:00"}
{"FIRST_NAME":"Graig","MIDDLE_NAME":"concepcion","LAST_NAME":"Bland","SSN":123452624,"CREDIT_CARD_NO":"4210653334618766","APT_NO":"472","STREET_NAME":"Linden Avenue","CUST_CITY":"ElPaso","CUST_STATE":"TX","CUST_COUNTRY":"United States","CUST_ZIP":"79930","CUST_PHONE":"(337)123-5393","CUST_EMAIL":"GBland@example.com","LAST_UPDATED":"2018-04-21T12:49:02.000-04:00"}
{"FIRST_NAME":"Luisa","MIDDLE_NAME":"priscilla","LAST_NAME":"Gray","SSN":123452630,"CREDIT_CARD_NO":"4210653368653045","APT_NO":"815","STREET_NAME":"3rd Street","CUST_CITY":"Defiance","CUST_STATE":"OH","CUST_COUNTRY":"United States","CUST_ZIP":"43512","CUST_PHONE":"(337)124-2999","CUST_EMAIL":"LGray@example.com","LAST_UPDATED":"2018-04-21T12:49:02.000-04:00"}
{"FIRST_NAME":"Truman","MIDDLE_NAME":"clayton","LAST_NAME":"Blankenship","SSN":123452631,"CREDIT_CARD_NO":"4210653379591121","APT_NO":"738","STREET_NAME":"Lincoln Street","CUST_CITY":"Stow","CUST_STATE":"OH","CUST_COUNTRY":"United States","CUST_ZIP":"44224","CUST_PHONE":"(337)124-2383","CUST_EMAIL":"TBlankenship@example.com","LAST_UPDATED":"2018-04-21T12:49:02.000-04:00"}
{"FIRST_NAME":"Viola","MIDDLE_NAME":"doreen","LAST_NAME":"Buck","SSN":123452635,"CREDIT_CARD_NO":"4210653340439515","APT_NO":"864","STREET_NAME":"1st Avenue","CUST_CITY":"NewBerlin","CUST_STATE":"WI","CUST_COUNTRY":"United States","CUST_ZIP":"53151","CUST_PHONE":"(337)124-2247","CUST_EMAIL":"VBuck@example.com","LAST_UPDATED":"2018-04-21T12:49:02.000-04:00"}
{"FIRST_NAME":"Katharine","MIDDLE_NAME":"vaughn","LAST_NAME":"Beaver","SSN":123452636,"CREDIT_CARD_NO":"4210653382827863","APT_NO":"990","STREET_NAME":"Deerfield Drive","CUST_CITY":"Youngstown","CUST_STATE":"OH","CUST_COUNTRY":"United States","CUST_ZIP":"44512","CUST_PHONE":"(337)123-6117","CUST_EMAIL":"KBeaver@example.com","LAST_UPDATED":"2018-04-21T12:49:02.000-04:00"}
{"FIRST_NAME":"Kristy","MIDDLE_NAME":"chad","LAST_NAME":"Bonner","SSN":123452650,"CREDIT_CARD_NO":"4210653383627676","APT_NO":"15","STREET_NAME":"Canterbury Drive","CUST_CITY":"WestChester","CUST_STATE":"PA","CUST_COUNTRY":"United States","CUST_ZIP":"19380","CUST_PHONE":"(337)124-1030","CUST_EMAIL":"KBonner@example.com","LAST_UPDATED":"2018-04-21T12:49:02.000-04:00"}
{"FIRST_NAME":"Janette","MIDDLE_NAME":"juliet","LAST_NAME":"Holley","SSN":123452706,"CREDIT_CARD_NO":"4210653333257054","APT_NO":"781","STREET_NAME":"Union Street","CUST_CITY":"Summerville","CUST_STATE":"SC","CUST_COUNTRY":"United States","CUST_ZIP":"29483","CUST_PHONE":"(337)123-4613","CUST_EMAIL":"JHolley@example.com","LAST_UPDATED":"2018-04-21T12:49:02.000-04:00"}
{"FIRST_NAME":"Lois","MIDDLE_NAME":"julian","LAST_NAME":"Holbrook","SSN":123452714,"CREDIT_CARD_NO":"4210653343762420","APT_NO":"329","STREET_NAME":"Jefferson Avenue","CUST_CITY":"Conyers","CUST_STATE":"GA","CUST_COUNTRY":"United States","CUST_ZIP":"30012","CUST_PHONE":"(337)124-0097","CUST_EMAIL":"LHolbrook@example.com","LAST_UPDATED":"2018-04-21T12:49:02.000-04:00"}
{"FIRST_NAME":"Jonah","MIDDLE_NAME":"marlene","LAST_NAME":"Andrade","SSN":123452722,"CREDIT_CARD_NO":"4210653384836500","APT_NO":"633","STREET_NAME":"Fawn Court","CUST_CITY":"Midlothian","CUST_STATE":"VA","CUST_COUNTRY":"United States","CUST_ZIP":"23112","CUST_PHONE":"(337)123-6236","CUST_EMAIL":"JAndrade@example.com","LAST_UPDATED":"2018-04-21T12:49:02.000-04:00"}
{"FIRST_NAME":"Dora","MIDDLE_NAME":"francesco","LAST_NAME":"Winters","SSN":123452729,"CREDIT_CARD_NO":"4210653343942374","APT_NO":"499","STREET_NAME":"Route 100","CUST_CITY":"Gettysburg","CUST_STATE":"PA","CUST_COUNTRY":"United States","CUST_ZIP":"17325","CUST_PHONE":"(337)124-3343","CUST_EMAIL":"DWinters@example.com","LAST_UPDATED":"2018-04-21T12:49:02.000-04:00"}
{"FIRST_NAME":"Emery","MIDDLE_NAME":"liliana","LAST_NAME":"Saucedo","SSN":123452746,"CREDIT_CARD_NO":"4210653346126019","APT_NO":"756","STREET_NAME":"Shady Lane","CUST_CITY":"Conyers","CUST_STATE":"GA","CUST_COUNTRY":"United States","CUST_ZIP":"30012","CUST_PHONE":"(337)123-7194","CUST_EMAIL":"ESaucedo@example.com","LAST_UPDATED":"2018-04-21T12:49:02.000-04:00"}
{"FIRST_NAME":"Abby","MIDDLE_NAME":"ruben","LAST_NAME":"Vasquez","SSN":123452768,"CREDIT_CARD_NO":"4210653382605538","APT_NO":"969","STREET_NAME":"Berkshire Drive","CUST_CITY":"Wilmette","CUST_STATE":"IL","CUST_COUNTRY":"United States","CUST_ZIP":"60091","CUST_PHONE":"(337)123-6451","CUST_EMAIL":"AVasquez@example.com","LAST_UPDATED":"2018-04-21T12:49:02.000-04:00"}
{"FIRST_NAME":"Mitchell","MIDDLE_NAME":"jan","LAST_NAME":"Bright","SSN":123452771,"CREDIT_CARD_NO":"4210653349233229","APT_NO":"538","STREET_NAME":"8th Street West","CUST_CITY":"Wilmette","CUST_STATE":"IL","CUST_COUNTRY":"United States","CUST_ZIP":"60091","CUST_PHONE":"(337)124-0390","CUST_EMAIL":"MBright@example.com","LAST_UPDATED":"2018-04-21T12:49:02.000-04:00"}
{"FIRST_NAME":"Jessie","MIDDLE_NAME":"selma","LAST_NAME":"Boucher","SSN":123452783,"CREDIT_CARD_NO":"4210653378667686","APT_NO":"390","STREET_NAME":"Bridge Street","CUST_CITY":"Loganville","CUST_STATE":"GA","CUST_COUNTRY":"United States","CUST_ZIP":"30052","CUST_PHONE":"(337)123-7894","CUST_EMAIL":"JBoucher@example.com","LAST_UPDATED":"2018-04-21T12:49:02.000-04:00"}
{"FIRST_NAME":"Angel","MIDDLE_NAME":"marta","LAST_NAME":"Smart","SSN":123452784,"CREDIT_CARD_NO":"4210653393054740","APT_NO":"30","STREET_NAME":"Howard Street","CUST_CITY":"WappingersFalls","CUST_STATE":"NY","CUST_COUNTRY":"United States","CUST_ZIP":"12590","CUST_PHONE":"(337)124-2582","CUST_EMAIL":"ASmart@example.com","LAST_UPDATED":"2018-04-21T12:49:02.000-04:00"}
{"FIRST_NAME":"Guillermo","MIDDLE_NAME":"wendell","LAST_NAME":"Villalobos","SSN":123452785,"CREDIT_CARD_NO":"4210653351740502","APT_NO":"798","STREET_NAME":"Amherst Street","CUST_CITY":"Youngstown","CUST_STATE":"OH","CUST_COUNTRY":"United States","CUST_ZIP":"44512","CUST_PHONE":"(337)124-0046","CUST_EMAIL":"GVillalobos@example.com","LAST_UPDATED":"2018-04-21T12:49:02.000-04:00"}
{"FIRST_NAME":"Reyes","MIDDLE_NAME":"chasity","LAST_NAME":"Mcneil","SSN":123452805,"CREDIT_CARD_NO":"4210653312838058","APT_NO":"850","STREET_NAME":"School Street","CUST_CITY":"Paterson","CUST_STATE":"NJ","CUST_COUNTRY":"United States","CUST_ZIP":"07501","CUST_PHONE":"(337)123-7290","CUST_EMAIL":"RMcneil@example.com","LAST_UPDATED":"2018-04-21T12:49:02.000-04:00"}
{"FIRST_NAME":"Hugo","MIDDLE_NAME":"santo","LAST_NAME":"Harris","SSN":123452826,"CREDIT_CARD_NO":"4210653385559404","APT_NO":"51","STREET_NAME":"Harrison Avenue","CUST_CITY":"Loganville","CUST_STATE":"GA","CUST_COUNTRY":"United States","CUST_ZIP":"30052","CUST_PHONE":"(337)123-5132","CUST_EMAIL":"HHarris@example.com","LAST_UPDATED":"2018-04-21T12:49:02.000-04:00"}
{"FIRST_NAME":"Valentine","MIDDLE_NAME":"dominick","LAST_NAME":"Strong","SSN":123452827,"CREDIT_CARD_NO":"4210653359343676","APT_NO":"585","STREET_NAME":"River Street","CUST_CITY":"Irvington","CUST_STATE":"NJ","CUST_COUNTRY":"United States","CUST_ZIP":"07111","CUST_PHONE":"(337)123-5674","CUST_EMAIL":"VStrong@example.com","LAST_UPDATED":"2018-04-21T12:49:02.000-04:00"}
{"FIRST_NAME":"Pam","MIDDLE_NAME":"odessa","LAST_NAME":"Moore","SSN":123452856,"CREDIT_CARD_NO":"4210653360123603","APT_NO":"962","STREET_NAME":"Heather Lane","CUST_CITY":"Harleysville","CUST_STATE":"PA","CUST_COUNTRY":"United States","CUST_ZIP":"19438","CUST_PHONE":"(337)123-5973","CUST_EMAIL":"PMoore@example.com","LAST_UPDATED":"2018-04-21T12:49:02.000-04:00"}
{"FIRST_NAME":"Rod","MIDDLE_NAME":"dante","LAST_NAME":"Lockhart","SSN":123452890,"CREDIT_CARD_NO":"4210653387025099","APT_NO":"729","STREET_NAME":"2nd Street North","CUST_CITY":"GardenCity","CUST_STATE":"NY","CUST_COUNTRY":"United States","CUST_ZIP":"11530","CUST_PHONE":"(337)124-3051","CUST_EMAIL":"RLockhart@example.com","LAST_UPDATED":"2018-04-21T12:49:02.000-04:00"}
{"FIRST_NAME":"Jewel","MIDDLE_NAME":"carmela","LAST_NAME":"Wyatt","SSN":123452893,"CREDIT_CARD_NO":"4210653317813826","APT_NO":"613","STREET_NAME":"State Street","CUST_CITY":"SanLorenzo","CUST_STATE":"CA","CUST_COUNTRY":"United States","CUST_ZIP":"94580","CUST_PHONE":"(337)123-5147","CUST_EMAIL":"JWyatt@example.com","LAST_UPDATED":"2018-04-21T12:49:02.000-04:00"}
{"FIRST_NAME":"Antoinette","MIDDLE_NAME":"damian","LAST_NAME":"Farrell","SSN":123452907,"CREDIT_CARD_NO":"4210653355147720","APT_NO":"333","STREET_NAME":"Pennsylvania Avenue","CUST_CITY":"Simpsonville","CUST_STATE":"SC","CUST_COUNTRY":"United States","CUST_ZIP":"29680","CUST_PHONE":"(337)123-5756","CUST_EMAIL":"AFarrell@example.com","LAST_UPDATED":"2018-04-21T12:49:02.000-04:00"}
{"FIRST_NAME":"Rodolfo","MIDDLE_NAME":"lindsay","LAST_NAME":"Peters","SSN":123452933,"CREDIT_CARD_NO":"4210653371353793","APT_NO":"393","STREET_NAME":"Garden Street","CUST_CITY":"Bartlett","CUST_STATE":"IL","CUST_COUNTRY":"United States","CUST_ZIP":"60103","CUST_PHONE":"(337)124-3356","CUST_EMAIL":"RPeters@example.com","LAST_UPDATED":"2018-04-21T12:49:02.000-04:00"}
{"FIRST_NAME":"Matthew","MIDDLE_NAME":"janice","LAST_NAME":"Acosta","SSN":123452934,"CREDIT_CARD_NO":"4210653331079506","APT_NO":"634","STREET_NAME":"Prospect Avenue","CUST_CITY":"Hempstead","CUST_STATE":"NY","CUST_COUNTRY":"United States","CUST_ZIP":"11550","CUST_PHONE":"(337)124-0008","CUST_EMAIL":"MAcosta@example.com","LAST_UPDATED":"2018-04-21T12:49:02.000-04:00"}
{"FIRST_NAME":"Lee","MIDDLE_NAME":"genevieve","LAST_NAME":"Duffy","SSN":123452947,"CREDIT_CARD_NO":"4210653384464386","APT_NO":"135","STREET_NAME":"Valley Road","CUST_CITY":"Paducah","CUST_STATE":"KY","CUST_COUNTRY":"United States","CUST_ZIP":"42001","CUST_PHONE":"(337)123-9479","CUST_EMAIL":"LDuffy@example.com","LAST_UPDATED":"2018-04-21T12:49:02.000-04:00"}
{"FIRST_NAME":"Amparo","MIDDLE_NAME":"eugene","LAST_NAME":"Ritter","SSN":123452951,"CREDIT_CARD_NO":"4210653379194622","APT_NO":"802","STREET_NAME":"Route 10","CUST_CITY":"SilverSpring","CUST_STATE":"MD","CUST_COUNTRY":"United States","CUST_ZIP":"20901","CUST_PHONE":"(337)124-2511","CUST_EMAIL":"ARitter@example.com","LAST_UPDATED":"2018-04-21T12:49:02.000-04:00"}
{"FIRST_NAME":"Angel","MIDDLE_NAME":"dwayne","LAST_NAME":"Lyons","SSN":123452975,"CREDIT_CARD_NO":"4210653319637723","APT_NO":"523","STREET_NAME":"Fulton Street","CUST_CITY":"Oxford","CUST_STATE":"MS","CUST_COUNTRY":"United States","CUST_ZIP":"38655","CUST_PHONE":"(337)123-7236","CUST_EMAIL":"ALyons@example.com","LAST_UPDATED":"2018-04-21T12:49:02.000-04:00"}
{"FIRST_NAME":"Dannie","MIDDLE_NAME":"max","LAST_NAME":"Boyce","SSN":123452976,"CREDIT_CARD_NO":"4210653337015193","APT_NO":"317","STREET_NAME":"School Street","CUST_CITY":"Wilmette","CUST_STATE":"IL","CUST_COUNTRY":"United States","CUST_ZIP":"60091","CUST_PHONE":"(337)123-4583","CUST_EMAIL":"DBoyce@example.com","LAST_UPDATED":"2018-04-21T12:49:02.000-04:00"}
{"FIRST_NAME":"Cora","MIDDLE_NAME":"myrna","LAST_NAME":"Bullock","SSN":123452980,"CREDIT_CARD_NO":"4210653321728527","APT_NO":"41","STREET_NAME":"School Street","CUST_CITY":"Wellington","CUST_STATE":"FL","CUST_COUNTRY":"United States","CUST_ZIP":"33414","CUST_PHONE":"(337)124-1537","CUST_EMAIL":"CBullock@example.com","LAST_UPDATED":"2018-04-21T12:49:02.000-04:00"}
{"FIRST_NAME":"Irving","MIDDLE_NAME":"pamela","LAST_NAME":"Jarvis","SSN":123452984,"CREDIT_CARD_NO":"4210653365102251","APT_NO":"528","STREET_NAME":"Cross Street","CUST_CITY":"Frederick","CUST_STATE":"MD","CUST_COUNTRY":"United States","CUST_ZIP":"21701","CUST_PHONE":"(337)124-3183","CUST_EMAIL":"IJarvis@example.com","LAST_UPDATED":"2018-04-21T12:49:02.000-04:00"}
{"FIRST_NAME":"Elma","MIDDLE_NAME":"isabel","LAST_NAME":"Chaney","SSN":123452993,"CREDIT_CARD_NO":"4210653397985221","APT_NO":"394","STREET_NAME":"Lantern Lane","CUST_CITY":"LakeJackson","CUST_STATE":"TX","CUST_COUNTRY":"United States","CUST_ZIP":"77566","CUST_PHONE":"(337)123-4684","CUST_EMAIL":"EChaney@example.com","LAST_UPDATED":"2018-04-21T12:49:02.000-04:00"}
{"FIRST_NAME":"Danny","MIDDLE_NAME":"valarie","LAST_NAME":"Mckay","SSN":123453008,"CREDIT_CARD_NO":"4210653328770662","APT_NO":"49","STREET_NAME":"Oxford Road","CUST_CITY":"Zion","CUST_STATE":"IL","CUST_COUNTRY":"United States","CUST_ZIP":"60099","CUST_PHONE":"(337)124-0492","CUST_EMAIL":"DMckay@example.com","LAST_UPDATED":"2018-04-21T12:49:02.000-04:00"}
{"FIRST_NAME":"Broderick","MIDDLE_NAME":"raleigh","LAST_NAME":"Choi","SSN":123453014,"CREDIT_CARD_NO":"4210653313259504","APT_NO":"182","STREET_NAME":"Route 29","CUST_CITY":"RedondoBeach","CUST_STATE":"CA","CUST_COUNTRY":"United States","CUST_ZIP":"90278","CUST_PHONE":"(337)123-8212","CUST_EMAIL":"BChoi@example.com","LAST_UPDATED":"2018-04-21T12:49:02.000-04:00"}
{"FIRST_NAME":"Marcel","MIDDLE_NAME":"brooke","LAST_NAME":"Kay","SSN":123453019,"CREDIT_CARD_NO":"4210653360635482","APT_NO":"133","STREET_NAME":"Jefferson Avenue","CUST_CITY":"NewPhiladelphia","CUST_STATE":"OH","CUST_COUNTRY":"United States","CUST_ZIP":"44663","CUST_PHONE":"(337)123-9119","CUST_EMAIL":"MKay@example.com","LAST_UPDATED":"2018-04-21T12:49:02.000-04:00"}
{"FIRST_NAME":"Etta","MIDDLE_NAME":"brendan","LAST_NAME":"Holman","SSN":123453023,"CREDIT_CARD_NO":"4210653310102868","APT_NO":"829","STREET_NAME":"Redwood Drive","CUST_CITY":"Wethersfield","CUST_STATE":"CT","CUST_COUNTRY":"United States","CUST_ZIP":"06109","CUST_PHONE":"(337)123-8933","CUST_EMAIL":"EHolman@example.com","LAST_UPDATED":"2018-04-21T12:49:02.000-04:00"}
{"FIRST_NAME":"Nicole","MIDDLE_NAME":"valeria","LAST_NAME":"Kane","SSN":123453027,"CREDIT_CARD_NO":"4210653381653885","APT_NO":"317","STREET_NAME":"Hill Street","CUST_CITY":"Hartsville","CUST_STATE":"SC","CUST_COUNTRY":"United States","CUST_ZIP":"29550","CUST_PHONE":"(337)124-2583","CUST_EMAIL":"NKane@example.com","LAST_UPDATED":"2018-04-21T12:49:02.000-04:00"}
{"FIRST_NAME":"Kathi","MIDDLE_NAME":"francisca","LAST_NAME":"Nixon","SSN":123453048,"CREDIT_CARD_NO":"4210653365163538","APT_NO":"143","STREET_NAME":"Eagle Road","CUST_CITY":"Poughkeepsie","CUST_STATE":"NY","CUST_COUNTRY":"United States","CUST_ZIP":"12601","CUST_PHONE":"(337)123-8477","CUST_EMAIL":"KNixon@example.com","LAST_UPDATED":"2018-04-21T12:49:02.000-04:00"}
{"FIRST_NAME":"Lester","MIDDLE_NAME":"roosevelt","LAST_NAME":"Kelley","SSN":123453071,"CREDIT_CARD_NO":"4210653348200886","APT_NO":"994","STREET_NAME":"Andover Court","CUST_CITY":"Rossville","CUST_STATE":"GA","CUST_COUNTRY":"United States","CUST_ZIP":"30741","CUST_PHONE":"(337)123-6572","CUST_EMAIL":"LKelley@example.com","LAST_UPDATED":"2018-04-21T12:49:02.000-04:00"}
{"FIRST_NAME":"Denver","MIDDLE_NAME":"molly","LAST_NAME":"Clay","SSN":123453074,"CREDIT_CARD_NO":"4210653352413267","APT_NO":"145","STREET_NAME":"Ridge Street","CUST_CITY":"Tacoma","CUST_STATE":"WA","CUST_COUNTRY":"United States","CUST_ZIP":"98444","CUST_PHONE":"(337)123-8740","CUST_EMAIL":"DClay@example.com","LAST_UPDATED":"2018-04-21T12:49:02.000-04:00"}
{"FIRST_NAME":"Carrie","MIDDLE_NAME":"alvaro","LAST_NAME":"Padilla","SSN":123453102,"CREDIT_CARD_NO":"4210653361236339","APT_NO":"414","STREET_NAME":"Berkshire Drive","CUST_CITY":"Dublin","CUST_STATE":"GA","CUST_COUNTRY":"United States","CUST_ZIP":"31021","CUST_PHONE":"(337)123-4625","CUST_EMAIL":"CPadilla@example.com","LAST_UPDATED":"2018-04-21T12:49:02.000-04:00"}
{"FIRST_NAME":"Jame","MIDDLE_NAME":"rubin","LAST_NAME":"Benton","SSN":123453105,"CREDIT_CARD_NO":"4210653344959896","APT_NO":"714","STREET_NAME":"Williams Street","CUST_CITY":"Seymour","CUST_STATE":"IN","CUST_COUNTRY":"United States","CUST_ZIP":"47274","CUST_PHONE":"(337)124-0919","CUST_EMAIL":"JBenton@example.com","LAST_UPDATED":"2018-04-21T12:49:02.000-04:00"}
{"FIRST_NAME":"Dee","MIDDLE_NAME":"sarah","LAST_NAME":"Carney","SSN":123453107,"CREDIT_CARD_NO":"4210653347730390","APT_NO":"330","STREET_NAME":"Route 41","CUST_CITY":"Levittown","CUST_STATE":"NY","CUST_COUNTRY":"United States","CUST_ZIP":"11756","CUST_PHONE":"(337)124-3128","CUST_EMAIL":"DCarney@example.com","LAST_UPDATED":"2018-04-21T12:49:02.000-04:00"}
{"FIRST_NAME":"Calvin","MIDDLE_NAME":"harriett","LAST_NAME":"Herbert","SSN":123453114,"CREDIT_CARD_NO":"4210653384769412","APT_NO":"690","STREET_NAME":"Tanglewood Drive","CUST_CITY":"HoffmanEstates","CUST_STATE":"IL","CUST_COUNTRY":"United States","CUST_ZIP":"60169","CUST_PHONE":"(337)123-9941","CUST_EMAIL":"CHerbert@example.com","LAST_UPDATED":"2018-04-21T12:49:02.000-04:00"}
{"FIRST_NAME":"Darcy","MIDDLE_NAME":"sonja","LAST_NAME":"Wade","SSN":123453160,"CREDIT_CARD_NO":"4210653367943517","APT_NO":"292","STREET_NAME":"Laurel Lane","CUST_CITY":"NorthOlmsted","CUST_STATE":"OH","CUST_COUNTRY":"United States","CUST_ZIP":"44070","CUST_PHONE":"(337)123-9124","CUST_EMAIL":"DWade@example.com","LAST_UPDATED":"2018-04-21T12:49:02.000-04:00"}
{"FIRST_NAME":"Valentine","MIDDLE_NAME":"lonnie","LAST_NAME":"Chu","SSN":123453166,"CREDIT_CARD_NO":"4210653356656459","APT_NO":"637","STREET_NAME":"Franklin Avenue","CUST_CITY":"MurrellsInlet","CUST_STATE":"SC","CUST_COUNTRY":"United States","CUST_ZIP":"29576","CUST_PHONE":"(337)123-9778","CUST_EMAIL":"VChu@example.com","LAST_UPDATED":"2018-04-21T12:49:02.000-04:00"}
{"FIRST_NAME":"Foster","MIDDLE_NAME":"bernardo","LAST_NAME":"Bowles","SSN":123453179,"CREDIT_CARD_NO":"4210653320789346","APT_NO":"734","STREET_NAME":"Primrose Lane","CUST_CITY":"Oxford","CUST_STATE":"MS","CUST_COUNTRY":"United States","CUST_ZIP":"38655","CUST_PHONE":"(337)124-2191","CUST_EMAIL":"FBowles@example.com","LAST_UPDATED":"2018-04-21T12:49:02.000-04:00"}
{"FIRST_NAME":"Chelsey","MIDDLE_NAME":"elaine","LAST_NAME":"Floyd","SSN":123453185,"CREDIT_CARD_NO":"4210653343538806","APT_NO":"485","STREET_NAME":"Cherry Street","CUST_CITY":"Waxhaw","CUST_STATE":"NC","CUST_COUNTRY":"United States","CUST_ZIP":"28173","CUST_PHONE":"(337)123-8433","CUST_EMAIL":"CFloyd@example.com","LAST_UPDATED":"2018-04-21T12:49:02.000-04:00"}
{"FIRST_NAME":"Gilda","MIDDLE_NAME":"stephen","LAST_NAME":"Lowry","SSN":123453190,"CREDIT_CARD_NO":"4210653377360004","APT_NO":"965","STREET_NAME":"Parker Street","CUST_CITY":"Youngstown","CUST_STATE":"OH","CUST_COUNTRY":"United States","CUST_ZIP":"44512","CUST_PHONE":"(337)123-6816","CUST_EMAIL":"GLowry@example.com","LAST_UPDATED":"2018-04-21T12:49:02.000-04:00"}
{"FIRST_NAME":"Janelle","MIDDLE_NAME":"claudia","LAST_NAME":"Stone","SSN":123453191,"CREDIT_CARD_NO":"4210653316211933","APT_NO":"701","STREET_NAME":"Virginia Street","CUST_CITY":"Andover","CUST_STATE":"MA","CUST_COUNTRY":"United States","CUST_ZIP":"01810","CUST_PHONE":"(337)123-7809","CUST_EMAIL":"JStone@example.com","LAST_UPDATED":"2018-04-21T12:49:02.000-04:00"}
{"FIRST_NAME":"Karyn","MIDDLE_NAME":"isabella","LAST_NAME":"Higgins","SSN":123453196,"CREDIT_CARD_NO":"4210653312261759","APT_NO":"242","STREET_NAME":"2nd Street East","CUST_CITY":"Parlin","CUST_STATE":"NJ","CUST_COUNTRY":"United States","CUST_ZIP":"08859","CUST_PHONE":"(337)123-5511","CUST_EMAIL":"KHiggins@example.com","LAST_UPDATED":"2018-04-21T12:49:02.000-04:00"}
{"FIRST_NAME":"Jared","MIDDLE_NAME":"ellsworth","LAST_NAME":"Holman","SSN":123453211,"CREDIT_CARD_NO":"4210653379099090","APT_NO":"818","STREET_NAME":"Prospect Street","CUST_CITY":"Hillsborough","CUST_STATE":"NJ","CUST_COUNTRY":"United States","CUST_ZIP":"08844","CUST_PHONE":"(337)124-2382","CUST_EMAIL":"JHolman@example.com","LAST_UPDATED":"2018-04-21T12:49:02.000-04:00"}
{"FIRST_NAME":"Quentin","MIDDLE_NAME":"whitney","LAST_NAME":"Berger","SSN":123453229,"CREDIT_CARD_NO":"4210653364630135","APT_NO":"448","STREET_NAME":"Cypress Court","CUST_CITY":"Rockaway","CUST_STATE":"NJ","CUST_COUNTRY":"United States","CUST_ZIP":"07866","CUST_PHONE":"(337)124-2934","CUST_EMAIL":"QBerger@example.com","LAST_UPDATED":"2018-04-21T12:49:02.000-04:00"}
{"FIRST_NAME":"Kendra","MIDDLE_NAME":"silas","LAST_NAME":"Phan","SSN":123453230,"CREDIT_CARD_NO":"4210653330628709","APT_NO":"514","STREET_NAME":"Grand Avenue","CUST_CITY":"Helena","CUST_STATE":"MT","CUST_COUNTRY":"United States","CUST_ZIP":"59601","CUST_PHONE":"(337)124-0330","CUST_EMAIL":"KPhan@example.com","LAST_UPDATED":"2018-04-21T12:49:02.000-04:00"}
{"FIRST_NAME":"Elsa","MIDDLE_NAME":"isabelle","LAST_NAME":"Truong","SSN":123453242,"CREDIT_CARD_NO":"4210653310844617","APT_NO":"924","STREET_NAME":"8th Street West","CUST_CITY":"Summerville","CUST_STATE":"SC","CUST_COUNTRY":"United States","CUST_ZIP":"29483","CUST_PHONE":"(337)123-6228","CUST_EMAIL":"ETruong@example.com","LAST_UPDATED":"2018-04-21T12:49:02.000-04:00"}
{"FIRST_NAME":"Douglas","MIDDLE_NAME":"tristan","LAST_NAME":"Cortes","SSN":123453243,"CREDIT_CARD_NO":"4210653354309464","APT_NO":"480","STREET_NAME":"Valley Drive","CUST_CITY":"Yakima","CUST_STATE":"WA","CUST_COUNTRY":"United States","CUST_ZIP":"98908","CUST_PHONE":"(337)124-1726","CUST_EMAIL":"DCortes@example.com","LAST_UPDATED":"2018-04-21T12:49:02.000-04:00"}
{"FIRST_NAME":"Terry","MIDDLE_NAME":"jesus","LAST_NAME":"Osborn","SSN":123453245,"CREDIT_CARD_NO":"4210653341988899","APT_NO":"53","STREET_NAME":"Church Street South","CUST_CITY":"NorthOlmsted","CUST_STATE":"OH","CUST_COUNTRY":"United States","CUST_ZIP":"44070","CUST_PHONE":"(337)124-2356","CUST_EMAIL":"TOsborn@example.com","LAST_UPDATED":"2018-04-21T12:49:02.000-04:00"}
{"FIRST_NAME":"Hillary","MIDDLE_NAME":"deanna","LAST_NAME":"Meier","SSN":123453249,"CREDIT_CARD_NO":"4210653396504284","APT_NO":"702","STREET_NAME":"Pearl Street","CUST_CITY":"Brentwood","CUST_STATE":"NY","CUST_COUNTRY":"United States","CUST_ZIP":"11717","CUST_PHONE":"(337)123-5120","CUST_EMAIL":"HMeier@example.com","LAST_UPDATED":"2018-04-21T12:49:02.000-04:00"}
{"FIRST_NAME":"Dylan","MIDDLE_NAME":"lucas","LAST_NAME":"Pruitt","SSN":123453259,"CREDIT_CARD_NO":"4210653399732638","APT_NO":"405","STREET_NAME":"Country Lane","CUST_CITY":"Duluth","CUST_STATE":"GA","CUST_COUNTRY":"United States","CUST_ZIP":"30096","CUST_PHONE":"(337)123-6149","CUST_EMAIL":"DPruitt@example.com","LAST_UPDATED":"2018-04-21T12:49:02.000-04:00"}
{"FIRST_NAME":"Tammie","MIDDLE_NAME":"kristina","LAST_NAME":"Williams","SSN":123453261,"CREDIT_CARD_NO":"4210653361724866","APT_NO":"717","STREET_NAME":"Augusta Drive","CUST_CITY":"Osseo","CUST_STATE":"MN","CUST_COUNTRY":"United States","CUST_ZIP":"55311","CUST_PHONE":"(337)124-3098","CUST_EMAIL":"TWilliams@example.com","LAST_UPDATED":"2018-04-21T12:49:02.000-04:00"}
{"FIRST_NAME":"Rosario","MIDDLE_NAME":"alfreda","LAST_NAME":"Godfrey","SSN":123453267,"CREDIT_CARD_NO":"4210653398193898","APT_NO":"12","STREET_NAME":"Myrtle Street","CUST_CITY":"ElDorado","CUST_STATE":"AR","CUST_COUNTRY":"United States","CUST_ZIP":"71730","CUST_PHONE":"(337)123-5460","CUST_EMAIL":"RGodfrey@example.com","LAST_UPDATED":"2018-04-21T12:49:02.000-04:00"}
{"FIRST_NAME":"Orlando","MIDDLE_NAME":"johnie","LAST_NAME":"Lacy","SSN":123453270,"CREDIT_CARD_NO":"4210653330242556","APT_NO":"942","STREET_NAME":"3rd Street West","CUST_CITY":"Burnsville","CUST_STATE":"MN","CUST_COUNTRY":"United States","CUST_ZIP":"55337","CUST_PHONE":"(337)124-3140","CUST_EMAIL":"OLacy@example.com","LAST_UPDATED":"2018-04-21T12:49:02.000-04:00"}
{"FIRST_NAME":"Lazaro","MIDDLE_NAME":"amy","LAST_NAME":"Trevino","SSN":123453287,"CREDIT_CARD_NO":"4210653322298365","APT_NO":"423","STREET_NAME":"James Street","CUST_CITY":"FortWashington","CUST_STATE":"MD","CUST_COUNTRY":"United States","CUST_ZIP":"20744","CUST_PHONE":"(337)124-3010","CUST_EMAIL":"LTrevino@example.com","LAST_UPDATED":"2018-04-21T12:49:02.000-04:00"}
{"FIRST_NAME":"Van","MIDDLE_NAME":"carey","LAST_NAME":"Grimes","SSN":123453301,"CREDIT_CARD_NO":"4210653353233566","APT_NO":"418","STREET_NAME":"Route 32","CUST_CITY":"KingOfPrussia","CUST_STATE":"PA","CUST_COUNTRY":"United States","CUST_ZIP":"19406","CUST_PHONE":"(337)124-0888","CUST_EMAIL":"VGrimes@example.com","LAST_UPDATED":"2018-04-21T12:49:02.000-04:00"}
{"FIRST_NAME":"Deanne","MIDDLE_NAME":"nichole","LAST_NAME":"Maloney","SSN":123453303,"CREDIT_CARD_NO":"4210653337408763","APT_NO":"692","STREET_NAME":"Buttonwood Drive","CUST_CITY":"WinstonSalem","CUST_STATE":"NC","CUST_COUNTRY":"United States","CUST_ZIP":"27103","CUST_PHONE":"(337)123-5060","CUST_EMAIL":"DMaloney@example.com","LAST_UPDATED":"2018-04-21T12:49:02.000-04:00"}
{"FIRST_NAME":"Hoyt","MIDDLE_NAME":"noe","LAST_NAME":"Hollingsworth","SSN":123453314,"CREDIT_CARD_NO":"4210653352289017","APT_NO":"885","STREET_NAME":"Cedar Avenue","CUST_CITY":"Duarte","CUST_STATE":"CA","CUST_COUNTRY":"United States","CUST_ZIP":"91010","CUST_PHONE":"(337)123-5887","CUST_EMAIL":"HHollingsworth@example.com","LAST_UPDATED":"2018-04-21T12:49:02.000-04:00"}
{"FIRST_NAME":"Elaine","MIDDLE_NAME":"elvis","LAST_NAME":"Moran","SSN":123453317,"CREDIT_CARD_NO":"4210653389909043","APT_NO":"600","STREET_NAME":"Hillcrest Drive","CUST_CITY":"Chambersburg","CUST_STATE":"PA","CUST_COUNTRY":"United States","CUST_ZIP":"17201","CUST_PHONE":"(337)124-3545","CUST_EMAIL":"EMoran@example.com","LAST_UPDATED":"2018-04-21T12:49:02.000-04:00"}
{"FIRST_NAME":"Major","MIDDLE_NAME":"olivia","LAST_NAME":"Mcintosh","SSN":123453327,"CREDIT_CARD_NO":"4210653348834084","APT_NO":"821","STREET_NAME":"Park Street","CUST_CITY":"Seymour","CUST_STATE":"IN","CUST_COUNTRY":"United States","CUST_ZIP":"47274","CUST_PHONE":"(337)124-2559","CUST_EMAIL":"MMcintosh@example.com","LAST_UPDATED":"2018-04-21T12:49:02.000-04:00"}
{"FIRST_NAME":"Spencer","MIDDLE_NAME":"isabella","LAST_NAME":"Sprague","SSN":123453332,"CREDIT_CARD_NO":"4210653321036329","APT_NO":"761","STREET_NAME":"Cleveland Avenue","CUST_CITY":"Davenport","CUST_STATE":"IA","CUST_COUNTRY":"United States","CUST_ZIP":"52804","CUST_PHONE":"(337)124-0036","CUST_EMAIL":"SSprague@example.com","LAST_UPDATED":"2018-04-21T12:49:02.000-04:00"}
{"FIRST_NAME":"Elisa","MIDDLE_NAME":"margarito","LAST_NAME":"Odom","SSN":123453335,"CREDIT_CARD_NO":"4210653358247095","APT_NO":"170","STREET_NAME":"Broadway","CUST_CITY":"Granger","CUST_STATE":"IN","CUST_COUNTRY":"United States","CUST_ZIP":"46530","CUST_PHONE":"(337)123-6413","CUST_EMAIL":"EOdom@example.com","LAST_UPDATED":"2018-04-21T12:49:02.000-04:00"}
{"FIRST_NAME":"Jordan","MIDDLE_NAME":"royce","LAST_NAME":"Escobar","SSN":123453343,"CREDIT_CARD_NO":"4210653374223272","APT_NO":"361","STREET_NAME":"Howard Street","CUST_CITY":"Hartsville","CUST_STATE":"SC","CUST_COUNTRY":"United States","CUST_ZIP":"29550","CUST_PHONE":"(337)123-8133","CUST_EMAIL":"JEscobar@example.com","LAST_UPDATED":"2018-04-21T12:49:02.000-04:00"}
{"FIRST_NAME":"Deon","MIDDLE_NAME":"marcel","LAST_NAME":"Vaughn","SSN":123453348,"CREDIT_CARD_NO":"4210653362336080","APT_NO":"673","STREET_NAME":"Woodland Road","CUST_CITY":"Rossville","CUST_STATE":"GA","CUST_COUNTRY":"United States","CUST_ZIP":"30741","CUST_PHONE":"(337)124-2775","CUST_EMAIL":"DVaughn@example.com","LAST_UPDATED":"2018-04-21T12:49:02.000-04:00"}
{"FIRST_NAME":"Sara","MIDDLE_NAME":"carmelo","LAST_NAME":"Hubbard","SSN":123453350,"CREDIT_CARD_NO":"4210653370081956","APT_NO":"914","STREET_NAME":"Sheffield Drive","CUST_CITY":"Wilmette","CUST_STATE":"IL","CUST_COUNTRY":"United States","CUST_ZIP":"60091","CUST_PHONE":"(337)123-5526","CUST_EMAIL":"SHubbard@example.com","LAST_UPDATED":"2018-04-21T12:49:02.000-04:00"}
