{"FIRST_NAME":"Aurelia","MIDDLE_NAME":"leonard","LAST_NAME":"Mitchell","SSN":123451818,"CREDIT_CARD_NO":"4210653315430155","APT_NO":"888","STREET_NAME":"Dogwood Drive","CUST_CITY":"Marietta","CUST_STATE":"GA","CUST_COUNTRY":"United States","CUST_ZIP":"30008","CUST_PHONE":"(337)123-6567","CUST_EMAIL":"AMitchell@example.com","LAST_UPDATED":"2018-04-21T12:49:02.000-04:00"}
{"FIRST_NAME":"Fern","MIDDLE_NAME":"gus","LAST_NAME":"Velez","SSN":123451820,"CREDIT_CARD_NO":"4210653380077193","APT_NO":"375","STREET_NAME":"Penn Street","CUST_CITY":"PalmCity","CUST_STATE":"FL","CUST_COUNTRY":"United States","CUST_ZIP":"34990","CUST_PHONE":"(337)124-2696","CUST_EMAIL":"FVelez@example.com","LAST_UPDATED":"2018-04-21T12:49:02.000-04:00"}
{"FIRST_NAME":"Sandy","MIDDLE_NAME":"wendell","LAST_NAME":"Fisher","SSN":123451830,"CREDIT_CARD_NO":"4210653322920523","APT_NO":"332","STREET_NAME":"Race Street","CUST_CITY":"Houston","CUST_STATE":"TX","CUST_COUNTRY":"United States","CUST_ZIP":"77016","CUST_PHONE":"(337)123-6273","CUST_EMAIL":"SFisher@example.com","LAST_UPDATED":"2018-04-21T12:49:02.000-04:00"}
{"FIRST_NAME":"Lydia","MIDDLE_NAME":"tonya","LAST_NAME":"Haas","SSN":123451837,"CREDIT_CARD_NO":"4210653386787595","APT_NO":"369","STREET_NAME":"Bridle Lane","CUST_CITY":"Helena","CUST_STATE":"MT","CUST_COUNTRY":"United States","CUST_ZIP":"59601","CUST_PHONE":"(337)124-2127","CUST_EMAIL":"LHaas@example.com","LAST_UPDATED":"2018-04-21T12:49:02.000-04:00"}
{"FIRST_NAME":"Sonia","MIDDLE_NAME":"olivia","LAST_NAME":"Braun","SSN":123451845,"CREDIT_CARD_NO":"4210653385237792","APT_NO":"154","STREET_NAME":"Chapel Street","CUST_CITY":"Hartsville","CUST_STATE":"SC","CUST_COUNTRY":"United States","CUST_ZIP":"29550","CUST_PHONE":"(337)123-8695","CUST_EMAIL":"SBraun@example.com","LAST_UPDATED":"2018-04-21T12:49:02.000-04:00"}
{"FIRST_NAME":"Rocco","MIDDLE_NAME":"kathi","LAST_NAME":"Hood","SSN":123451846,"CREDIT_CARD_NO":"4210653358387901","APT_NO":"338","STREET_NAME":"8th Street","CUST_CITY":"Brentwood","CUST_STATE":"NY","CUST_COUNTRY":"United States","CUST_ZIP":"11717","CUST_PHONE":"(337)123-6874","CUST_EMAIL":"RHood@example.com","LAST_UPDATED":"2018-04-21T12:49:02.000-04:00"}
{"FIRST_NAME":"Fritz","MIDDLE_NAME":"cristina","LAST_NAME":"Hansen","SSN":123451868,"CREDIT_CARD_NO":"4210653382525923","APT_NO":"241","STREET_NAME":"Route 44","CUST_CITY":"NewBaltimore","CUST_STATE":"MI","CUST_COUNTRY":"United States","CUST_ZIP":"48047","CUST_PHONE":"(337)123-7054","CUST_EMAIL":"FHansen@example.com","LAST_UPDATED":"2018-04-21T12:49:02.000-04:00"}
{"FIRST_NAME":"Keneth","MIDDLE_NAME":"octavio","LAST_NAME":"Barry","SSN":123451886,"CREDIT_CARD_NO":"4210653367422193","APT_NO":"860","STREET_NAME":"Oak Lane","CUST_CITY":"Dublin","CUST_STATE":"GA","CUST_COUNTRY":"United States","CUST_ZIP":"31021","CUST_PHONE":"(337)123-6065","CUST_EMAIL":"KBarry@example.com","LAST_UPDATED":"2018-04-21T12:49:02.000-04:00"}
{"FIRST_NAME":"Maricela","MIDDLE_NAME":"demetrius","LAST_NAME":"Booker","SSN":123451889,"CREDIT_CARD_NO":"4210653389092101","APT_NO":"149","STREET_NAME":"Sycamore Drive","CUST_CITY":"Stow","CUST_STATE":"OH","CUST_COUNTRY":"United States","CUST_ZIP":"44224","CUST_PHONE":"(337)124-2528","CUST_EMAIL":"MBooker@example.com","LAST_UPDATED":"2018-04-21T12:49:02.000-04:00"}
{"FIRST_NAME":"Kay","MIDDLE_NAME":"collin","LAST_NAME":"Hurley","SSN":123451915,"CREDIT_CARD_NO":"4210653351531582","APT_NO":"961","STREET_NAME":"7th Avenue","CUST_CITY":"Woodside","CUST_STATE":"NY","CUST_COUNTRY":"United States","CUST_ZIP":"11377","CUST_PHONE":"(337)123-9611","CUST_EMAIL":"KHurley@example.com","LAST_UPDATED":"2018-04-21T12:49:02.000-04:00"}
{"FIRST_NAME":"Tyrell","MIDDLE_NAME":"trinidad","LAST_NAME":"Kirby","SSN":123451927,"CREDIT_CARD_NO":"4210653396825950","APT_NO":"476","STREET_NAME":"Aspen Court","CUST_CITY":"AllisonPark","CUST_STATE":"PA","CUST_COUNTRY":"United States","CUST_ZIP":"15101","CUST_PHONE":"(337)124-1171","CUST_EMAIL":"TKirby@example.com","LAST_UPDATED":"2018-04-21T12:49:02.000-04:00"}
{"FIRST_NAME":"Shon","MIDDLE_NAME":"enid","LAST_NAME":"Tapia","SSN":123451939,"CREDIT_CARD_NO":"4210653346207756","APT_NO":"467","STREET_NAME":"Lawrence Street","CUST_CITY":"WappingersFalls","CUST_STATE":"NY","CUST_COUNTRY":"United States","CUST_ZIP":"12590","CUST_PHONE":"(337)124-2806","CUST_EMAIL":"STapia@example.com","LAST_UPDATED":"2018-04-21T12:49:02.000-04:00"}
{"FIRST_NAME":"Enid","MIDDLE_NAME":"raphael","LAST_NAME":"Quintana","SSN":123451978,"CREDIT_CARD_NO":"4210653387601569","APT_NO":"529","STREET_NAME":"Amherst Street","CUST_CITY":"Defiance","CUST_STATE":"OH","CUST_COUNTRY":"United States","CUST_ZIP":"43512","CUST_PHONE":"(337)123-5572","CUST_EMAIL":"EQuintana@example.com","LAST_UPDATED":"2018-04-21T12:49:02.000-04:00"}
{"FIRST_NAME":"Royce","MIDDLE_NAME":"elnora","LAST_NAME":"Shelton","SSN":123451980,"CREDIT_CARD_NO":"4210653371642762","APT_NO":"815","STREET_NAME":"Bay Street","CUST_CITY":"Summerville","CUST_STATE":"SC","CUST_COUNTRY":"United States","CUST_ZIP":"29483","CUST_PHONE":"(337)124-1870","CUST_EMAIL":"RShelton@example.com","LAST_UPDATED":"2018-04-21T12:49:02.000-04:00"}
{"FIRST_NAME":"Antwan","MIDDLE_NAME":"holly","LAST_NAME":"Herman","SSN":123451985,"CREDIT_CARD_NO":"4210653391271932","APT_NO":"677","STREET_NAME":"Pleasant Street","CUST_CITY":"Gettysburg","CUST_STATE":"PA","CUST_COUNTRY":"United States","CUST_ZIP":"17325","CUST_PHONE":"(337)123-5657","CUST_EMAIL":"AHerman@example.com","LAST_UPDATED":"2018-04-21T12:49:02.000-04:00"}
{"FIRST_NAME":"Courtney","MIDDLE_NAME":"terrell","LAST_NAME":"Foley","SSN":123451991,"CREDIT_CARD_NO":"4210653354030582","APT_NO":"296","STREET_NAME":"8th Street","CUST_CITY":"Bettendorf","CUST_STATE":"IA","CUST_COUNTRY":"United States","CUST_ZIP":"52722","CUST_PHONE":"(337)124-0736","CUST_EMAIL":"CFoley@example.com","LAST_UPDATED":"2018-04-21T12:49:02.000-04:00"}
{"FIRST_NAME":"Lorna","MIDDLE_NAME":"aimee","LAST_NAME":"Diaz","SSN":123451995,"CREDIT_CARD_NO":"4210653314812374","APT_NO":"847","STREET_NAME":"Lafayette Street","CUST_CITY":"Osseo","CUST_STATE":"MN","CUST_COUNTRY":"United States","CUST_ZIP":"55311","CUST_PHONE":"(337)124-1214","CUST_EMAIL":"LDiaz@example.com","LAST_UPDATED":"2018-04-21T12:49:02.000-04:00"}
{"FIRST_NAME":"Elmer","MIDDLE_NAME":"leland","LAST_NAME":"Baird","SSN":123452008,"CREDIT_CARD_NO":"4210653351427275","APT_NO":"103","STREET_NAME":"Buckingham Drive","CUST_CITY":"Andover","CUST_STATE":"MA","CUST_COUNTRY":"United States","CUST_ZIP":"01810","CUST_PHONE":"(337)124-1263","CUST_EMAIL":"EBaird@example.com","LAST_UPDATED":"2018-04-21T12:49:02.000-04:00"}
{"FIRST_NAME":"Ahmad","MIDDLE_NAME":"mike","LAST_NAME":"Moran","SSN":123452015,"CREDIT_CARD_NO":"4210653321557571","APT_NO":"432","STREET_NAME":"Route 20","CUST_CITY":"Plainview","CUST_STATE":"NY","CUST_COUNTRY":"United States","CUST_ZIP":"11803","CUST_PHONE":"(337)124-1829","CUST_EMAIL":"AMoran@example.com","LAST_UPDATED":"2018-04-21T12:49:02.000-04:00"}
{"FIRST_NAME":"Lily","MIDDLE_NAME":"deirdre","LAST_NAME":"Bautista","SSN":123452023,"CREDIT_CARD_NO":"4210653379087852","APT_NO":"56","STREET_NAME":"High Street","CUST_CITY":"Rossville","CUST_STATE":"GA","CUST_COUNTRY":"United States","CUST_ZIP":"30741","CUST_PHONE":"(337)123-9950","CUST_EMAIL":"LBautista@example.com","LAST_UPDATED":"2018-04-21T12:49:02.000-04:00"}
{"FIRST_NAME":"Joesph","MIDDLE_NAME":"eula","LAST_NAME":"Mcclain","SSN":123452026,"CREDIT_CARD_NO":"4210653394226930","APT_NO":"514","STREET_NAME":"3rd Street West","CUST_CITY":"Pittsford","CUST_STATE":"NY","CUST_COUNTRY":"United States","CUST_ZIP":"14534","CUST_PHONE":"(337)124-1875","CUST_EMAIL":"JMcclain@example.com","LAST_UPDATED":"2018-04-21T12:49:02.000-04:00"}
{"FIRST_NAME":"Jorge","MIDDLE_NAME":"elias","LAST_NAME":"Pena","SSN":123452052,"CREDIT_CARD_NO":"4210653336268386","APT_NO":"823","STREET_NAME":"Route 29","CUST_CITY":"Paterson","CUST_STATE":"NJ","CUST_COUNTRY":"United States","CUST_ZIP":"07501","CUST_PHONE":"(337)123-6274","CUST_EMAIL":"JPena@example.com","LAST_UPDATED":"2018-04-21T12:49:02.000-04:00"}
{"FIRST_NAME":"Catalina","MIDDLE_NAME":"odis","LAST_NAME":"Copeland","SSN":123452072,"CREDIT_CARD_NO":"4210653396544188","APT_NO":"558","STREET_NAME":"Street Road","CUST_CITY":"NewBaltimore","CUST_STATE":"MI","CUST_COUNTRY":"United States","CUST_ZIP":"48047","CUST_PHONE":"(337)123-5185","CUST_EMAIL":"CCopeland@example.com","LAST_UPDATED":"2018-04-21T12:49:02.000-04:00"}
{"FIRST_NAME":"Christina","MIDDLE_NAME":"lyle","LAST_NAME":"Snow","SSN":123452085,"CREDIT_CARD_NO":"4210653339077001","APT_NO":"765","STREET_NAME":"5th Avenue","CUST_CITY":"Waxhaw","CUST_STATE":"NC","CUST_COUNTRY":"United States","CUST_ZIP":"28173","CUST_PHONE":"(337)123-4786","CUST_EMAIL":"CSnow@example.com","LAST_UPDATED":"2018-04-21T12:49:02.000-04:00"}
{"FIRST_NAME":"Long","MIDDLE_NAME":"harris","LAST_NAME":"Mccann","SSN":123452087,"CREDIT_CARD_NO":"4210653360578881","APT_NO":"181","STREET_NAME":"Route 20","CUST_CITY":"Frankfort","CUST_STATE":"KY","CUST_COUNTRY":"United States","CUST_ZIP":"40601","CUST_PHONE":"(337)124-0059","CUST_EMAIL":"LMccann@example.com","LAST_UPDATED":"2018-04-21T12:49:02.000-04:00"}
{"FIRST_NAME":"Joan","MIDDLE_NAME":"jackie","LAST_NAME":"Emery","SSN":123452091,"CREDIT_CARD_NO":"4210653341369603","APT_NO":"832","STREET_NAME":"Church Street South","CUST_CITY":"SanLorenzo","CUST_STATE":"CA","CUST_COUNTRY":"United States","CUST_ZIP":"94580","CUST_PHONE":"(337)123-8014","CUST_EMAIL":"JEmery@example.com","LAST_UPDATED":"2018-04-21T12:49:02.000-04:00"}
{"FIRST_NAME":"Bonnie","MIDDLE_NAME":"matthew","LAST_NAME":"Mckee","SSN":123452100,"CREDIT_CARD_NO":"4210653352628771","APT_NO":"378","STREET_NAME":"Linden Street","CUST_CITY":"Plainview","CUST_STATE":"NY","CUST_COUNTRY":"United States","CUST_ZIP":"11803","CUST_PHONE":"(337)123-6162","CUST_EMAIL":"BMckee@example.com","LAST_UPDATED":"2018-04-21T12:49:02.000-04:00"}
{"FIRST_NAME":"Robby","MIDDLE_NAME":"alphonso","LAST_NAME":"Salas","SSN":123452108,"CREDIT_CARD_NO":"4210653354511974","APT_NO":"589","STREET_NAME":"East Street","CUST_CITY":"Sykesville","CUST_STATE":"MD","CUST_COUNTRY":"United States","CUST_ZIP":"21784","CUST_PHONE":"(337)124-3288","CUST_EMAIL":"RSalas@example.com","LAST_UPDATED":"2018-04-21T12:49:02.000-04:00"}
{"FIRST_NAME":"Rebecca","MIDDLE_NAME":"johnathon","LAST_NAME":"Marsh","SSN":123452113,"CREDIT_CARD_NO":"4210653335570539","APT_NO":"575","STREET_NAME":"Devonshire Drive","CUST_CITY":"Irvington","CUST_STATE":"NJ","CUST_COUNTRY":"United States","CUST_ZIP":"07111","CUST_PHONE":"(337)123-5017","CUST_EMAIL":"RMarsh@example.com","LAST_UPDATED":"2018-04-21T12:49:02.000-04:00"}
{"FIRST_NAME":"Blair","MIDDLE_NAME":"ana","LAST_NAME":"Hampton","SSN":123452129,"CREDIT_CARD_NO":"4210653335819167","APT_NO":"433","STREET_NAME":"Warren Street","CUST_CITY":"BuffaloGrove","CUST_STATE":"IL","CUST_COUNTRY":"United States","CUST_ZIP":"60089","CUST_PHONE":"(337)124-0046","CUST_EMAIL":"BHampton@example.com","LAST_UPDATED":"2018-04-21T12:49:02.000-04:00"}
{"FIRST_NAME":"Emma","MIDDLE_NAME":"bettie","LAST_NAME":"Mcgee","SSN":123452137,"CREDIT_CARD_NO":"4210653364170273","APT_NO":"675","STREET_NAME":"Edgewood Drive","CUST_CITY":"Stow","CUST_STATE":"OH","CUST_COUNTRY":"United States","CUST_ZIP":"44224","CUST_PHONE":"(337)124-2022","CUST_EMAIL":"EMcgee@example.com","LAST_UPDATED":"2018-04-21T12:49:02.000-04:00"}
{"FIRST_NAME":"Buddy","MIDDLE_NAME":"abe","LAST_NAME":"Otto","SSN":123452177,"CREDIT_CARD_NO":"4210653330017081","APT_NO":"633","STREET_NAME":"Route 11","CUST_CITY":"Tacoma","CUST_STATE":"WA","CUST_COUNTRY":"United States","CUST_ZIP":"98444","CUST_PHONE":"(337)124-3293","CUST_EMAIL":"BOtto@example.com","LAST_UPDATED":"2018-04-21T12:49:02.000-04:00"}
{"FIRST_NAME":"Jolene","MIDDLE_NAME":"lorie","LAST_NAME":"Katz","SSN":123452179,"CREDIT_CARD_NO":"4210653382459169","APT_NO":"784","STREET_NAME":"5th Street North","CUST_CITY":"Summerville","CUST_STATE":"SC","CUST_COUNTRY":"United States","CUST_ZIP":"29483","CUST_PHONE":"(337)124-2708","CUST_EMAIL":"JKatz@example.com","LAST_UPDATED":"2018-04-21T12:49:02.000-04:00"}
{"FIRST_NAME":"Meghan","MIDDLE_NAME":"william","LAST_NAME":"Arthur","SSN":123452194,"CREDIT_CARD_NO":"4210653330141857","APT_NO":"602","STREET_NAME":"Warren Street","CUST_CITY":"MurrellsInlet","CUST_STATE":"SC","CUST_COUNTRY":"United States","CUST_ZIP":"29576","CUST_PHONE":"(337)123-7909","CUST_EMAIL":"MArthur@example.com","LAST_UPDATED":"2018-04-21T12:49:02.000-04:00"}
{"FIRST_NAME":"Travis","MIDDLE_NAME":"kelsey","LAST_NAME":"Whitfield","SSN":123452196,"CREDIT_CARD_NO":"4210653335367442","APT_NO":"893","STREET_NAME":"Route 32","CUST_CITY":"Baltimore","CUST_STATE":"MD","CUST_COUNTRY":"United States","CUST_ZIP":"21206","CUST_PHONE":"(337)124-2873","CUST_EMAIL":"TWhitfield@example.com","LAST_UPDATED":"2018-04-21T12:49:02.000-04:00"}
{"FIRST_NAME":"Bonita","MIDDLE_NAME":"leopoldo","LAST_NAME":"Guerra","SSN":123452204,"CREDIT_CARD_NO":"4210653343390318","APT_NO":"29","STREET_NAME":"Olive Street","CUST_CITY":"Granger","CUST_STATE":"IN","CUST_COUNTRY":"United States","CUST_ZIP":"46530","CUST_PHONE":"(337)124-0582","CUST_EMAIL":"BGuerra@example.com","LAST_UPDATED":"2018-04-21T12:49:02.000-04:00"}
{"FIRST_NAME":"Miranda","MIDDLE_NAME":"corina","LAST_NAME":"Chapman","SSN":123452214,"CREDIT_CARD_NO":"4210653313138450","APT_NO":"340","STREET_NAME":"Jefferson Street","CUST_CITY":"Chaska","CUST_STATE":"MN","CUST_COUNTRY":"United States","CUST_ZIP":"55318","CUST_PHONE":"(337)123-6237","CUST_EMAIL":"MChapman@example.com","LAST_UPDATED":"2018-04-21T12:49:02.000-04:00"}
{"FIRST_NAME":"Elsie","MIDDLE_NAME":"elton","LAST_NAME":"Arthur","SSN":123452226,"CREDIT_CARD_NO":"4210653329337936","APT_NO":"768","STREET_NAME":"Briarwood Drive","CUST_CITY":"KingOfPrussia","CUST_STATE":"PA","CUST_COUNTRY":"United States","CUST_ZIP":"19406","CUST_PHONE":"(337)123-7939","CUST_EMAIL":"EArthur@example.com","LAST_UPDATED":"2018-04-21T12:49:02.000-04:00"}
{"FIRST_NAME":"Kermit","MIDDLE_NAME":"carson","LAST_NAME":"Clayton","SSN":123452236,"CREDIT_CARD_NO":"4210653323140179","APT_NO":"736","STREET_NAME":"Lake Avenue","CUST_CITY":"Simpsonville","CUST_STATE":"SC","CUST_COUNTRY":"United States","CUST_ZIP":"29680","CUST_PHONE":"(337)123-8904","CUST_EMAIL":"KClayton@example.com","LAST_UPDATED":"2018-04-21T12:49:02.000-04:00"}
{"FIRST_NAME":"Janine","MIDDLE_NAME":"kimberly","LAST_NAME":"Stanley","SSN":123452240,"CREDIT_CARD_NO":"4210653368186328","APT_NO":"946","STREET_NAME":"Madison Avenue","CUST_CITY":"Enterprise","CUST_STATE":"AL","CUST_COUNTRY":"United States","CUST_ZIP":"36330","CUST_PHONE":"(337)123-8979","CUST_EMAIL":"JStanley@example.com","LAST_UPDATED":"2018-04-21T12:49:02.000-04:00"}
{"FIRST_NAME":"Jim","MIDDLE_NAME":"saul","LAST_NAME":"Stuart","SSN":123452250,"CREDIT_CARD_NO":"4210653328645639","APT_NO":"983","STREET_NAME":"Holly Court","CUST_CITY":"Oviedo","CUST_STATE":"FL","CUST_COUNTRY":"United States","CUST_ZIP":"32765","CUST_PHONE":"(337)124-3491","CUST_EMAIL":"JStuart@example.com","LAST_UPDATED":"2018-04-21T12:49:02.000-04:00"}
{"FIRST_NAME":"Abby","MIDDLE_NAME":"brent","LAST_NAME":"Webb","SSN":123452256,"CREDIT_CARD_NO":"4210653337857886","APT_NO":"572","STREET_NAME":"Locust Lane","CUST_CITY":"DeerfieldBeach","CUST_STATE":"FL","CUST_COUNTRY":"United States","CUST_ZIP":"33442","CUST_PHONE":"(337)123-9067","CUST_EMAIL":"AWebb@example.com","LAST_UPDATED":"2018-04-21T12:49:02.000-04:00"}
{"FIRST_NAME":"Carter","MIDDLE_NAME":"israel","LAST_NAME":"Alfaro","SSN":123452258,"CREDIT_CARD_NO":"4210653381097003","APT_NO":"57","STREET_NAME":"Front Street","CUST_CITY":"SilverSpring","CUST_STATE":"MD","CUST_COUNTRY":"United States","CUST_ZIP":"20901","CUST_PHONE":"(337)123-5402","CUST_EMAIL":"CAlfaro@example.com","LAST_UPDATED":"2018-04-21T12:49:02.000-04:00"}
{"FIRST_NAME":"Armand","MIDDLE_NAME":"irving","LAST_NAME":"Blackwell","SSN":123452269,"CREDIT_CARD_NO":"4210653358780059","APT_NO":"545","STREET_NAME":"Jackson Street","CUST_CITY":"AllisonPark","CUST_STATE":"PA","CUST_COUNTRY":"United States","CUST_ZIP":"15101","CUST_PHONE":"(337)123-7294","CUST_EMAIL":"ABlackwell@example.com","LAST_UPDATED":"2018-04-21T12:49:02.000-04:00"}
{"FIRST_NAME":"Dona","MIDDLE_NAME":"lauri","LAST_NAME":"Pearson","SSN":123452286,"CREDIT_CARD_NO":"4210653370890538","APT_NO":"426","STREET_NAME":"College Avenue","CUST_CITY":"Racine","CUST_STATE":"WI","CUST_COUNTRY":"United States","CUST_ZIP":"53402","CUST_PHONE":"(337)124-0743","CUST_EMAIL":"DPearson@example.com","LAST_UPDATED":"2018-04-21T12:49:02.000-04:00"}
{"FIRST_NAME":"Cornelius","MIDDLE_NAME":"catalina","LAST_NAME":"Valentine","SSN":123452301,"CREDIT_CARD_NO":"4210653375181712","APT_NO":"100","STREET_NAME":"Eagle Road","CUST_CITY":"Oxnard","CUST_STATE":"CA","CUST_COUNTRY":"United States","CUST_ZIP":"93035","CUST_PHONE":"(337)123-5320","CUST_EMAIL":"CValentine@example.com","LAST_UPDATED":"2018-04-21T12:49:02.000-04:00"}
{"FIRST_NAME":"Efrain","MIDDLE_NAME":"cedrick","LAST_NAME":"Newman","SSN":123452312,"CREDIT_CARD_NO":"4210653321634627","APT_NO":"189","STREET_NAME":"East Avenue","CUST_CITY":"Houston","CUST_STATE":"TX","CUST_COUNTRY":"United States","CUST_ZIP":"77016","CUST_PHONE":"(337)124-0959","CUST_EMAIL":"ENewman@example.com","LAST_UPDATED":"2018-04-21T12:49:02.000-04:00"}
{"FIRST_NAME":"Fritz","MIDDLE_NAME":"jamey","LAST_NAME":"Vogel","SSN":123452318,"CREDIT_CARD_NO":"4210653325959221","APT_NO":"240","STREET_NAME":"Main Street North","CUST_CITY":"Carrollton","CUST_STATE":"GA","CUST_COUNTRY":"United States","CUST_ZIP":"30117","CUST_PHONE":"(337)124-1845","CUST_EMAIL":"FVogel@example.com","LAST_UPDATED":"2018-04-21T12:49:02.000-04:00"}
{"FIRST_NAME":"Theresa","MIDDLE_NAME":"gwen","LAST_NAME":"Reid","SSN":123452330,"CREDIT_CARD_NO":"4210653379370074","APT_NO":"900","STREET_NAME":"Chestnut Street","CUST_CITY":"Grandville","CUST_STATE":"MI","CUST_COUNTRY":"United States","CUST_ZIP":"49418","CUST_PHONE":"(337)123-6817","CUST_EMAIL":"TReid@example.com","LAST_UPDATED":"2018-04-21T12:49:02.000-04:00"}
{"FIRST_NAME":"Abdul","MIDDLE_NAME":"harriett","LAST_NAME":"Egan","SSN":123452342,"CREDIT_CARD_NO":"4210653392568941","APT_NO":"205","STREET_NAME":"Brook Lane","CUST_CITY":"Oconomowoc","CUST_STATE":"WI","CUST_COUNTRY":"United States","CUST_ZIP":"53066","CUST_PHONE":"(337)123-7424","CUST_EMAIL":"AEgan@example.com","LAST_UPDATED":"2018-04-21T12:49:02.000-04:00"}
{"FIRST_NAME":"Ernest","MIDDLE_NAME":"trevor","LAST_NAME":"Kaiser","SSN":123452345,"CREDIT_CARD_NO":"4210653349270240","APT_NO":"306","STREET_NAME":"Park Avenue","CUST_CITY":"Kernersville","CUST_STATE":"NC","CUST_COUNTRY":"United States","CUST_ZIP":"27284","CUST_PHONE":"(337)124-1529","CUST_EMAIL":"EKaiser@example.com","LAST_UPDATED":"2018-04-21T12:49:02.000-04:00"}
{"FIRST_NAME":"Grady","MIDDLE_NAME":"cynthia","LAST_NAME":"Wilkerson","SSN":123452363,"CREDIT_CARD_NO":"4210653368879921","APT_NO":"693","STREET_NAME":"East Street","CUST_CITY":"Mooresville","CUST_STATE":"NC","CUST_COUNTRY":"United States","CUST_ZIP":"28115","CUST_PHONE":"(337)124-2069","CUST_EMAIL":"GWilkerson@example.com","LAST_UPDATED":"2018-04-21T12:49:02.000-04:00"}
{"FIRST_NAME":"Roland","MIDDLE_NAME":"maxine","LAST_NAME":"Thornton","SSN":123452370,"CREDIT_CARD_NO":"4210653341972842","APT_NO":"255","STREET_NAME":"Elmwood Avenue","CUST_CITY":"Stow","CUST_STATE":"OH","CUST_COUNTRY":"United States","CUST_ZIP":"44224","CUST_PHONE":"(337)124-2979","CUST_EMAIL":"RThornton@example.com","LAST_UPDATED":"2018-04-21T12:49:02.000-04:00"}
{"FIRST_NAME":"Amalia","MIDDLE_NAME":"heriberto","LAST_NAME":"Ballard","SSN":123452373,"CREDIT_CARD_NO":"4210653311229354","APT_NO":"71","STREET_NAME":"Warren Street","CUST_CITY":"Grandville","CUST_STATE":"MI","CUST_COUNTRY":"United States","CUST_ZIP":"49418","CUST_PHONE":"(337)124-2113","CUST_EMAIL":"ABallard@example.com","LAST_UPDATED":"2018-04-21T12:49:02.000-04:00"}
{"FIRST_NAME":"Alexis","MIDDLE_NAME":"carter","LAST_NAME":"Yarbrough","SSN":123452376,"CREDIT_CARD_NO":"4210653331929686","APT_NO":"939","STREET_NAME":"Church Street South","CUST_CITY":"Waxhaw","CUST_STATE":"NC","CUST_COUNTRY":"United States","CUST_ZIP":"28173","CUST_PHONE":"(337)124-0050","CUST_EMAIL":"AYarbrough@example.com","LAST_UPDATED":"2018-04-21T12:49:02.000-04:00"}
{"FIRST_NAME":"Saul","MIDDLE_NAME":"mayra","LAST_NAME":"Engel","SSN":123452380,"CREDIT_CARD_NO":"4210653369869032","APT_NO":"139","STREET_NAME":"Harrison Avenue","CUST_CITY":"Marietta","CUST_STATE":"GA","CUST_COUNTRY":"United States","CUST_ZIP":"30008","CUST_PHONE":"(337)124-3087","CUST_EMAIL":"SEngel@example.com","LAST_UPDATED":"2018-04-21T12:49:02.000-04:00"}
{"FIRST_NAME":"Aron","MIDDLE_NAME":"barney","LAST_NAME":"Shirley","SSN":123452381,"CREDIT_CARD_NO":"4210653326148630","APT_NO":"695","STREET_NAME":"Bayberry Drive","CUST_CITY":"Boston","CUST_STATE":"MA","CUST_COUNTRY":"United States","CUST_ZIP":"02127","CUST_PHONE":"(337)123-9116","CUST_EMAIL":"AShirley@example.com","LAST_UPDATED":"2018-04-21T12:49:02.000-04:00"}
{"FIRST_NAME":"Williams","MIDDLE_NAME":"shana","LAST_NAME":"Madison","SSN":123452393,"CREDIT_CARD_NO":"4210653333336546","APT_NO":"291","STREET_NAME":"Briarwood Drive","CUST_CITY":"FernandinaBeach","CUST_STATE":"FL","CUST_COUNTRY":"United States","CUST_ZIP":"32034","CUST_PHONE":"(337)124-1620","CUST_EMAIL":"WMadison@example.com","LAST_UPDATED":"2018-04-21T12:49:02.000-04:00"}
{"FIRST_NAME":"Eloy","MIDDLE_NAME":"kelley","LAST_NAME":"Schneider","SSN":123452404,"CREDIT_CARD_NO":"4210653339514829","APT_NO":"540","STREET_NAME":"Route 32","CUST_CITY":"Trenton","CUST_STATE":"NJ","CUST_COUNTRY":"United States","CUST_ZIP":"08610","CUST_PHONE":"(337)123-5429","CUST_EMAIL":"ESchneider@example.com","LAST_UPDATED":"2018-04-21T12:49:02.000-04:00"}
{"FIRST_NAME":"Leland","MIDDLE_NAME":"deandre","LAST_NAME":"Farley","SSN":123452415,"CREDIT_CARD_NO":"4210653349680797","APT_NO":"386","STREET_NAME":"Rose Street","CUST_CITY":"Houston","CUST_STATE":"TX","CUST_COUNTRY":"United States","CUST_ZIP":"77016","CUST_PHONE":"(337)123-8384","CUST_EMAIL":"LFarley@example.com","LAST_UPDATED":"2018-04-21T12:49:02.000-04:00"}
{"FIRST_NAME":"Rebekah","MIDDLE_NAME":"tommie","LAST_NAME":"Maurer","SSN":123452427,"CREDIT_CARD_NO":"4210653355418386","APT_NO":"120","STREET_NAME":"Laurel Street","CUST_CITY":"Wethersfield","CUST_STATE":"CT","CUST_COUNTRY":"United States","CUST_ZIP":"06109","CUST_PHONE":"(337)124-3258","CUST_EMAIL":"RMaurer@example.com","LAST_UPDATED":"2018-04-21T12:49:02.000-04:00"}
{"FIRST_NAME":"Jeremiah","MIDDLE_NAME":"natasha","LAST_NAME":"Castro","SSN":123452449,"CREDIT_CARD_NO":"4210653347619379","APT_NO":"200","STREET_NAME":"Cypress Court","CUST_CITY":"Granger","CUST_STATE":"IN","CUST_COUNTRY":"United States","CUST_ZIP":"46530","CUST_PHONE":"(337)123-7116","CUST_EMAIL":"JCastro@example.com","LAST_UPDATED":"2018-04-21T12:49:02.000-04:00"}
{"FIRST_NAME":"Bertie","MIDDLE_NAME":"mercedes","LAST_NAME":"York","SSN":123452454,"CREDIT_CARD_NO":"4210653314209155","APT_NO":"398","STREET_NAME":"Eagle Road","CUST_CITY":"PalmCity","CUST_STATE":"FL","CUST_COUNTRY":"United States","CUST_ZIP":"34990","CUST_PHONE":"(337)123-5377","CUST_EMAIL":"BYork@example.com","LAST_UPDATED":"2018-04-21T12:49:02.000-04:00"}
{"FIRST_NAME":"Sid","MIDDLE_NAME":"kristie","LAST_NAME":"Bass","SSN":123452460,"CREDIT_CARD_NO":"4210653346301110","APT_NO":"13","STREET_NAME":"Bridle Court","CUST_CITY":"Starkville","CUST_STATE":"MS","CUST_COUNTRY":"United States","CUST_ZIP":"39759","CUST_PHONE":"(337)123-6323","CUST_EMAIL":"SBass@example.com","LAST_UPDATED":"2018-04-21T12:49:02.000-04:00"}
{"FIRST_NAME":"Gordon","MIDDLE_NAME":"melinda","LAST_NAME":"Bowles","SSN":123452482,"CREDIT_CARD_NO":"4210653390372228","APT_NO":"275","STREET_NAME":"Ridge Street","CUST_CITY":"HoffmanEstates","CUST_STATE":"IL","CUST_COUNTRY":"United States","CUST_ZIP":"60169","CUST_PHONE":"(337)124-1606","CUST_EMAIL":"GBowles@example.com","LAST_UPDATED":"2018-04-21T12:49:02.000-04:00"}
{"FIRST_NAME":"Clara","MIDDLE_NAME":"lenore","LAST_NAME":"Savage","SSN":123452490,"CREDIT_CARD_NO":"4210653341381529","APT_NO":"642","STREET_NAME":"Lincoln Street","CUST_CITY":"Vienna","CUST_STATE":"VA","CUST_COUNTRY":"United States","CUST_ZIP":"22180","CUST_PHONE":"(337)124-2572","CUST_EMAIL":"CSavage@example.com","LAST_UPDATED":"2018-04-21T12:49:02.000-04:00"}
{"FIRST_NAME":"Wilma","MIDDLE_NAME":"quincy","LAST_NAME":"Dillard","SSN":123452492,"CREDIT_CARD_NO":"4210653393396097","APT_NO":"741","STREET_NAME":"Warren Avenue","CUST_CITY":"Hartsville","CUST_STATE":"SC","CUST_COUNTRY":"United States","CUST_ZIP":"29550","CUST_PHONE":"(337)124-2944","CUST_EMAIL":"WDillard@example.com","LAST_UPDATED":"2018-04-21T12:49:02.000-04:00"}
{"FIRST_NAME":"Josefina","MIDDLE_NAME":"jillian","LAST_NAME":"Shaffer","SSN":123452497,"CREDIT_CARD_NO":"4210653391080827","APT_NO":"357","STREET_NAME":"Beech Street","CUST_CITY":"Defiance","CUST_STATE":"OH","CUST_COUNTRY":"United States","CUST_ZIP":"43512","CUST_PHONE":"(337)123-4882","CUST_EMAIL":"JShaffer@example.com","LAST_UPDATED":"2018-04-21T12:49:02.000-04:00"}
{"FIRST_NAME":"Man","MIDDLE_NAME":"emil","LAST_NAME":"Brandt","SSN":123452498,"CREDIT_CARD_NO":"4210653329086605","APT_NO":"517","STREET_NAME":"Hanover Court","CUST_CITY":"Valrico","CUST_STATE":"FL","CUST_COUNTRY":"United States","CUST_ZIP":"33594","CUST_PHONE":"(337)123-5561","CUST_EMAIL":"MBrandt@example.com","LAST_UPDATED":"2018-04-21T12:49:02.000-04:00"}
{"FIRST_NAME":"Anna","MIDDLE_NAME":"ma","LAST_NAME":"Vigil","SSN":123452502,"CREDIT_CARD_NO":"4210653380870606","APT_NO":"938","STREET_NAME":"Market Street","CUST_CITY":"Middleburg","CUST_STATE":"FL","CUST_COUNTRY":"United States","CUST_ZIP":"32068","CUST_PHONE":"(337)123-5738","CUST_EMAIL":"AVigil@example.com","LAST_UPDATED":"2018-04-21T12:49:02.000-04:00"}
{"FIRST_NAME":"Eliseo","MIDDLE_NAME":"lenora","LAST_NAME":"Maddox","SSN":123452505,"CREDIT_CARD_NO":"4210653344020088","APT_NO":"759","STREET_NAME":"12th Street","CUST_CITY":"Seymour","CUST_STATE":"IN","CUST_COUNTRY":"United States","CUST_ZIP":"47274","CUST_PHONE":"(337)124-0618","CUST_EMAIL":"EMaddox@example.com","LAST_UPDATED":"2018-04-21T12:49:02.000-04:00"}
{"FIRST_NAME":"Beatrice","MIDDLE_NAME":"dayna","LAST_NAME":"Richmond","SSN":123452512,"CREDIT_CARD_NO":"4210653358054077","APT_NO":"949","STREET_NAME":"Madison Avenue","CUST_CITY":"Paterson","CUST_STATE":"NJ","CUST_COUNTRY":"United States","CUST_ZIP":"07501","CUST_PHONE":"(337)124-1431","CUST_EMAIL":"BRichmond@example.com","LAST_UPDATED":"2018-04-21T12:49:02.000-04:00"}
{"FIRST_NAME":"Van","MIDDLE_NAME":"giuseppe","LAST_NAME":"Snider","SSN":123452517,"CREDIT_CARD_NO":"4210653337226956","APT_NO":"181","STREET_NAME":"York Street","CUST_CITY":"Trenton","CUST_STATE":"NJ","CUST_COUNTRY":"United States","CUST_ZIP":"08610","CUST_PHONE":"(337)123-7513","CUST_EMAIL":"VSnider@example.com","LAST_UPDATED":"2018-04-21T12:49:02.000-04:00"}
{"FIRST_NAME":"Aurelia","MIDDLE_NAME":"pearlie","LAST_NAME":"Haas","SSN":123452518,"CREDIT_CARD_NO":"4210653317783223","APT_NO":"967","STREET_NAME":"Beechwood Drive","CUST_CITY":"GardenCity","CUST_STATE":"NY","CUST_COUNTRY":"United States","CUST_ZIP":"11530","CUST_PHONE":"(337)124-3558","CUST_EMAIL":"AHaas@example.com","LAST_UPDATED":"2018-04-21T12:49:02.000-04:00"}
{"FIRST_NAME":"Aldo","MIDDLE_NAME":"sierra","LAST_NAME":"Slater","SSN":123452524,"CREDIT_CARD_NO":"4210653372581929","APT_NO":"724","STREET_NAME":"Olive Street","CUST_CITY":"GardenCity","CUST_STATE":"NY","CUST_COUNTRY":"United States","CUST_ZIP":"11530","CUST_PHONE":"(337)123-9252","CUST_EMAIL":"ASlater@example.com","LAST_UPDATED":"2018-04-21T12:49:02.000-04:00"}
{"FIRST_NAME":"Normand","MIDDLE_NAME":"morton","LAST_NAME":"Li","SSN":123452528,"CREDIT_CARD_NO":"4210653363583297","APT_NO":"69","STREET_NAME":"Oak Avenue","CUST_CITY":"BuffaloGrove","CUST_STATE":"IL","CUST_COUNTRY":"United States","CUST_ZIP":"60089","CUST_PHONE":"(337)124-1667","CUST_EMAIL":"NLi@example.com","LAST_UPDATED":"2018-04-21T12:49:02.000-04:00"}
{"FIRST_NAME":"Amparo","MIDDLE_NAME":"markus","LAST_NAME":"Lim","SSN":123452532,"CREDIT_CARD_NO":"4210653325605199","APT_NO":"716","STREET_NAME":"Grove Avenue","CUST_CITY":"Hillsborough","CUST_STATE":"NJ","CUST_COUNTRY":"United States","CUST_ZIP":"08844","CUST_PHONE":"(337)124-0542","CUST_EMAIL":"ALim@example.com","LAST_UPDATED":"2018-04-21T12:49:02.000-04:00"}
{"FIRST_NAME":"Ofelia","MIDDLE_NAME":"ahmad","LAST_NAME":"Cordova","SSN":123452538,"CREDIT_CARD_NO":"4210653350713693","APT_NO":"500","STREET_NAME":"Marshall Street","CUST_CITY":"Owosso","CUST_STATE":"MI","CUST_COUNTRY":"United States","CUST_ZIP":"48867","CUST_PHONE":"(337)123-8499","CUST_EMAIL":"OCordova@example.com","LAST_UPDATED":"2018-04-21T12:49:02.000-04:00"}
{"FIRST_NAME":"Katy","MIDDLE_NAME":"terry","LAST_NAME":"Golden","SSN":123452553,"CREDIT_CARD_NO":"4210653386419186","APT_NO":"953","STREET_NAME":"Central Avenue","CUST_CITY":"DeerfieldBeach","CUST_STATE":"FL","CUST_COUNTRY":"United States","CUST_ZIP":"33442","CUST_PHONE":"(337)124-0420","CUST_EMAIL":"KGolden@example.com","LAST_UPDATED":"2018-04-21T12:49:02.000-04:00"}
